bucket,index,record_id,payload
100KB,4,1,oqbcrydtc3uxuzibly1bk6urnb1z2emdb50s543svkdbld674uhitl294mn9pnfio5rzjk1t41bvtnep6y9vka9m4cb4m4laku2fn3ahcmp02x0pg980jphtljulay5o
100KB,4,2,giako0figvkrtpi2pedjdomz2qrajpdd4fq3r8esb43c3in712c2kdkjtvaa1ys20zletcz64le3wppzapl1mfrjr75mo9vzuhjc3qkikb07lay0alvxbnnzrge973tj
100KB,4,3,2y0kofzbn9k5enejd006ytgli1zpcn0zwir15lnuxxcny8b7q6ql93doqorwws3lx3kdk1ccu17z19vcvkp7lvlr7vnjrcrlaowlunfmraso3sbfculysy46qfleitf9
100KB,4,4,aui8mx96ile6zcbfxeklxzx5xpngqhitzsbo2pza3oxksb22pbkttxyoak6dbw7pclko82fl0yu1xltuq1viugdbnvsjdnetiezxihilsp3kzk0up55i24dw8cot58s8
100KB,4,5,pcgs2xavonx5ggynu2lkhjcd10eooq5r04hugtvujseo6ft34hkhcd2tbd9o9vno0zda6jgrdaaucd8rlt6kzdsm3eq0733hydt9wsflo8exvjbmvdr03bmmi4o7jah3
100KB,4,6,eskej0hdzce45jksk59mmdnh537i3dpcplib4wbdbi0wzcnninnmbby77y0bbhwh3omtwhvs6oypd33nkjyfvq682mz8gryx6apo165jwijzb5pta94irkfyhwqonp7l
100KB,4,7,390q76arus3bqhsq9i6bdv79tizv94b060vkvwweri5nk49u40rnih937k984hbs5ubut4isikdxy97os0yq6zy50nluhm0fmylm63ls42b1gxc765z4podl0qpfz9tu
100KB,4,8,b22d7tdlsc5gqgte4kxld3g8iw527sfszehdzhxbppfeylefgq2w6jsbh09dl1wan4whrpman127sz4rcjn7cxo1e5n2kmvskj6sn1j98uuv71v49t3s5arm7t5z4ub3
100KB,4,9,4ikeiloll16n14kwjci8rk26js0u1s36bgfgq5r395o8j5f86ldp3f4b8mt5up7o1elbam8y5czgv85ot0fy8hcesfp0a4lk07j4yqasxv9ove0zsbmwz835eg4152pl
100KB,4,10,k8hzdi3ikufhq46mi0x5obqijlvqnlyphdr4vun8v463vcc022bf2k9zltndswo9dffxzu639mi37pwzmzt2kcmap298muk1qwvu4ay4n9ji79b8uqefz4hzjdhgt0q7
100KB,4,11,wfxvqd3m8vmju73v71ml4naucv7jrwlr6b1ni23v0arjv4xzixecapy2f75nplr34ib0s57g4b8uqoaiel05uvdgiejw78c3laxycs49w7i3u6oo79f589xz9klfpa0b
100KB,4,12,zgwdu4uu8miip8pyczgae0w2kmpjh1us944z4oyjm6izb3h4mamkvh4iwmy6ey6y7nuf5aji6qwwkq6q6msxcc87358g8cni0j8c2dl9l2t55rw5y15sp6ldz9snia52
100KB,4,13,0zoctdbqqres45gm22zomjnfb9qihps65c4ht9gcc7sl1hui36duwu65xoo73c1t9e5o01yhvywrapn0belzz577jp4kefi1tedk8xdfowkcdda12ia6hv9et6ofx5w1
100KB,4,14,lslq3s98daefjkvars8obko8outgursmkdclqv47gc4m0je4cqjht9ix3tyb3hzhijul57sqid8zswlxekx6yt4x31u0gedvfdibe0k8jacy3w9unsvljmtznq4vmxtu
100KB,4,15,7deyah3dvgt9ax9btme48ctut1ut17ece6x4gji2k1068rvh7me502ctal30bo6fbnk07gpxsnue54yn3860gs7i14olnt1lg9wfylc8mhkjw0amp3bluc1cx9ealdj5
100KB,4,16,kyhk65ny7wz3gfl7n4xkg5ak3fgvql340xugf1vzn2hj05uaq8cgx6mcbm41bfg10byar998rc52jqkl41y14ky3lqe270jm05rzm6rmpor85rbn5409loi1ha8tjujc
100KB,4,17,7f5ptjm410x0ygedrljlh6legkvhg3wcftlvv1yj6p60e1s80e2lv3a1aswsfnwe10i6natwzo3f496eosqrjdg7hocz1hsp1w9k4rxaxiixyr0nypw1omc48v30ay9q
100KB,4,18,fxk103penwe58h0us8c9h5abze2rnzp66jo4seu6n6dc4oigms4adlyshouerwj78vee60zicdack4c3mfkjehjdfyeyj9w39iya4s58grkcw4ls9j633x3220mehq8j
100KB,4,19,ydlpqq20kwmu85a2tdx8kaxo1jt7p2a0ts7pdn5m9c54ejyri05j6xl9oed9rcd3z60qxrqaho0z5zoahp3l773j4j4lkdmj2fkialq2qxbn031tsc9rodcqws8li0xr
100KB,4,20,tz9zrc0s60psk3m9f8kyeb07j29c380zrhyp4vgromn5ll04yq3j51iw1ecbup6ko82hcifc2hlc3d24ub575sd33vs5edb6cbcgp0u3yt4w28zxpb0l08k0fwuez6cz
100KB,4,21,o3k0dv0xu9hgoo03yu6n9zmri0u418ypm76hiwqdpp8gc8tqe1otpdhr74rb70ttxxmiln4x5bfc4h5asulgeswmouooccn2dm42o5ny0yxqv89i7bybtx1d26h5bm2c
100KB,4,22,hoi76cmrpu3808i718mjrgks2h4rfbbcvjq7i2q8uk8471oy6uqpjbqqa3s3mmfkehw17hsqbqn2msxmf9qstxaoutjhd6uzevd8xs4p639v1b8lgh9q0fgpkfaqn1yg
100KB,4,23,j0cgbwm2tju1yix7p9kg76wup32cj34xi1q0b59iye2o9j376r48jre276fhetexulvysz4zbdojjw0jtw42ktf6g4duh2iius2g30tx4w61it56hj7v8zjkpv5yrhbp
100KB,4,24,xht54ddbsramze2xmfv0nvwlqz2c69qkhgtstmnal8ixdxubj35dhvyrpk34tt50nuqh1enlfh92l19gl0y4ekbbtkc9vqk4i3u9yr5gzobm5s316dzzqq1ctpb48f4h
100KB,4,25,43is6p5wmuykhypdb1ocry786tehv827nri3r5vjqf0orse976tjnasxmzkeitgogykms2ous8tb2r2s5tne4drdn8lg8rb579ywn3r03hd7rkiyaoger8qnvkrykh37
100KB,4,26,4c0g2t0ouknaqrjs1evhnn927v3zu1j5pzsbcpvfibu95b6dqb82588setzxwx5kvv7gic568qozjvo8rz1xewftazc1kojv3sld2wuvp92de87lat5v1obch2fygyep
100KB,4,27,cnl9c83zlh8kh98juzsi5zcvb6rebfhb9fmdbffw5xcx769l5zhegax1tt2xf5flg2ya78bzmyj41huu7pay3nyqnoiy8pj6uoa2to8s1ddmdx8b80oqjnbyh6dxe3e6
100KB,4,28,z1b2oc0fi3pz1apqkyka8h7drrvqcgtuw4unj9ucboglwm6n8b3oeykwu021049pqektbwri10ap7lmw87lsbstjewszma5li1a2lp8ts5v7t4nzw48v0dbs9zfp7fnc
100KB,4,29,me9yspgkbvaj2e7594n730nm0hsvao73ndssd6qf4z7o9ns2zpl8ln3i6p5mcsumsj73oqd8wu8ptnddmubs324iii8f9tc9gizajk9flb0hcitq67v3qj7du607uq5u
100KB,4,30,1wmg9h8chpbq9hwqy4ojlp0il2qpzat8lgeb29ezb1rh9ui4h21kvyg98x846ab8mwebj9t6c537pndem9rn199vpcqjkt9l9c3i8f941vz5eh7yt5d1mpscg6irqmem
100KB,4,31,jzc8ap6pmjzyizqhyu9ge6qdssd41d0qz5c2arhfgui7slz9mxohpxu4ksowl5aatax7e2e635me8fzgus5mc4bqlbl3h3cm3ssgg4l8ds6c9xm0kl8rdmt2cdl838nq
100KB,4,32,9a8y4pnp4k4iuccww32vto9x9iww09gzccpliyccpjze7m91mx9ji9zmxdsf3wt8eh5ambhb0mf4uzksoe5svfus9i2z3o4z2v5kaeh55xd5fhf1y59ujsxolbuetrc7
100KB,4,33,1h7r31ixd41fv2c0ggp7cftiqb1jjkkketsjy112vm9c4o7z50sxt4uoa47ltn46jv4th5x9m63vwt336tkqi672a34qobb54bunliqzldudt01paw2y998serwjxel0
100KB,4,34,wlpjg7ygvw9wp1qmz29wtc9efh92hkpmoxy4ff8otcx50vb28cwp3lkuzb8xb4zefg7tvfl5t9150id3ggu9epe905st2viyqpf35j8bzw93n8nse8dgdpn6uxjam8wd
100KB,4,35,8vyfwm69ao8ycl68ail1vxqcoj8xblmth8c9qgskl6fhxyltwip37m1ixo5smgvwjfpeg3w0irkyukmkyv4l1qolm6atedly076x2ik2ozzo5vqpud6scztxcozqh2a7
100KB,4,36,vrlheietdbayuoww5ner22y7mee7nm2acz1lmt4i4ul1q9ige2i6h0b1fds5y53906szpayein9947cv08ucopm01rqjvtslb2vyht0jl8ocrg6ge5w5p6lnw57qu2xx
100KB,4,37,c9j3slgxgzr9b7yzhe9d6eb3fhowypx8wnnjzl68sxa9ner0nmk9zqoq0mz33aq0x18pby0b9ifb0mv2iz4nkh8nj2plo2ztcfrhm8gitfnmg48gvlkm860ch5ds9l1b
100KB,4,38,lwv1xw1ou394q51kpxmg2cl3hc3tol8y38rnjiu70z7p2utwmtqntxeav56cpajh3gpiktqgq1priqzm09t2fg7fe78undyc5mc5mvxjajnnrjoq42rg9edq86z7g3hz
100KB,4,39,4jff1u152wyvv1jgq6jnxvynwthsfod0uccy8z658zh5el8c0mzwseakee19vfedk3tjrq7gki91js5q3y2tc6ohs81lhdtq64neonwi5tyfhhojhvfh9ywvgjpv8q4a
100KB,4,40,pwr85mghosu3j3ubwjurgumreuz44rwppfs6chkaxrawqrav5csc7fcl453lav5vuo96iuf9j945kqhfk5u0p9ldvab5f00s5l8gaverm6smz6ajt3sbx8426lwg2jsq
100KB,4,41,14184yi634ksdxzad7r0oz18725tgv53qwctedf4ozbo5dje3jgfx19n3i8bjtjbuyox5suyahn3le5e836t89irobclz38uf5c8g8tp3449at2kb875b5hbx13u6yap
100KB,4,42,4lb7uezmi6i42h65fn9gyl88mh4fetijci2xbais3g7l96vjv5c9jcl1bteugftmfwzqmei3ymecr151v6wp25k30ydbf6rvj7hq1zf9jtc4vr0yjxppvi1bkatuhjg0
100KB,4,43,5q378j2ehzhdhfrbgbcsgh8ni6awcbnkb7l58fffavbp7o5809tgiotp6llux4il406gacbuaec79zxfugn2rtbijwdk67xtbe11lge75khl28sd15p8d85ucszv018q
100KB,4,44,e77b7mi99tjtpbz6nxo0tp0xezcwtbgbs3gk1dklzzthcl1qmbr0aq5yjqz0non8msj6rpbdfxao7chyjmqivrt9vyx5iwcua5b4xmc5wamt34nazlvubwpvshe4p5ws
100KB,4,45,hnpuqlq4u1llp7f8wd8s2df8tjjxdeqxwbik6lrytjbdxz9sucsaw651nuua9lgqe816ruitp61zwn61pp9yfbmubuyqtoa5qrv56yaxzd3m2wag9zkeb6gsto2206e9
100KB,4,46,t1hoqy40dy5zhbauv9fipx8xrtuy8x1v1ds0bfg1hyf6kux96qwtnphatk4xqnxsp5zg8q4x589iiosbtnof8ozm7qazfmbod60fa2z7r7m9q8wkhjzkxxkpwxkk0wvs
100KB,4,47,7a4fuutos6ed21mfs0v4s2lrv985qdk9r6mfefl2nkzhoo99571y5hnx36a9y0jry1m56w8aexs712fnqga7ebwb83e0s2990aa20tyrlbxcyuhimildd8u3y82ot4sv
100KB,4,48,sphe2hx81mbal048xtscsfyppqo6nh8dn2lee6lsbmz035y74rvcsqwpeluiqcbsktf3r6h6hfmdbea7k7t9bcil8sdr3xokj56ix2sqj1mcb5ouabhv4ic16rlprs9c
100KB,4,49,40ym2sv3mvgbi54exy7mrp7b1kmcd5gxsmlas7gptrqsmnsqgcsgmn3y15b28rp5js5q0ap8pg6tpb921hhz0locfd4vw57n7eosz3nsvsp8vtm735q7ghuxe3jya2yh
100KB,4,50,5o2yxz5ydwfu3496l1wbd68cm20ug1nub5dfusuyf0n64kghkpivzj1aro42r8l6ch5lgxbkbis2h2gi8z53rmjbuyx36ibjz4w09hexmzypaxd9a3m3z9xnttd2clm9
100KB,4,51,zxig7mvtow8d2bgewyv7o93k52cs034j7eiipa4vyllru8r7o5m5rfxthvbnbr0kapy92gw3h1yzhtmjc2udmoh12wsrgeyde6bfm8bbr5kphjdl4ivcscs96tpg5aim
100KB,4,52,vb886d0r1lsfxup2ve9qfmixo6o4ru01mgoj4qix8q57mfsttc288ztckib8z6fxq3hujp1vwruqlyjklj9sxj0jvpjs63mhqz166bv101oztnxrktqr8qv6wyouc8c1
100KB,4,53,ifwbb5c685pp2ebrk8hru90ss0x56iy3gf1a6fy0ulh896jukyx6c0va60cgu8c1qmnj3riaekpllcxoqx9q5m818g6so9hmrlbnr6rlngxpipf9oncq87t8mj5dhhtd
100KB,4,54,ujcmhyiosm4stg97koilziz198r4ou0anokqug80geegiq62taq6xvy0o4s2xp6jn8qt7obmwr3jtz63rlupnqtopsg9oa5zpgc9qz67mkysfly705qkkc50bslij0e5
100KB,4,55,h912rainfrw06zyljblnaoippiuf2ho4x3xgjetknye0l5yfk7ru6esjezw13ksg10lyh0lxj6s29c1b300noxycf8bszkwov1u76wy447j4mk6jl57af8hwmyzcd3bh
100KB,4,56,a32m9daqnl9hgz4xggzk1y2u3u3afthe22cnorv4zzle6eq3mn78z4mvced2ppiolic0p2mbou5nt8tekovuay1ocgnb4nxfwquaeimsl18zdpjw4wl8ruir1lkpz3az
100KB,4,57,a615hxn55hd0ufp7hgcrix25o8nyars6bqlwpjilteldepyu4qif6tubejqqzhaq2vc45gk5v1gmhf50lw06f9d1r2sqro4qxjqrsi6r6ana6ar84w4ovgratqtc7x7r
100KB,4,58,2gye18h97z1lw0oqen9vor4p1injuh44p28sryb7hcvbpp6n7e5ol2zlzl1i5lulwrwfg63vxjszrozk6yovrapynj5cer051cwdpefy18t86cj7wqjbjg1ln33eyjfb
100KB,4,59,j63talay2kfq7rbl6bvnwtcscen5qdwh0e2yrctaylg0nls6cqeebrfjy9qp45zxb2mpq1i2wkbd4yu1oppa6i0djdooe1ks2am85q0hu6ouzyciq4x601nq89rrcrb2
100KB,4,60,0bfojv7utco5edi44uhgxvcaf7ua5efxwek8jndfck1z61bja8hnwmis5x5c2x9ca974izw39aimh2cinglqt4kxe7mp166ervo4zgsb5dd5jlzopp5oeypvm1z7j5hh
100KB,4,61,7enry0oi85p4goatlqa554k627mw6g1h2m91o0jm7zsd1sevrv5ffvuz6u6aw8pm5r6lmr6776a0hzkt6zpov8qzzxe9vi99g6mpbrjfpqziuff0ehlyw4z871xz0wsl
100KB,4,62,hy80kkv1rijxy8170wircho6azrsqivwxl8wyidznloqja1ukykmwwf6voxs0k6rao5cbar0ozeaabmp0iyidj735iz5aunnk3bdzmeygdi1q7e9y8lcjjzr9zdvcvu7
100KB,4,63,25sl8phobav22ar1kqi2tacuifrps1gkkt253i5m4yfhtv4t0vvx20i0j6jhyyda7nba33ehahzcgw22wzyjvpcaxm9yvj0owbjx0ujce11je8a7tpkbwaudrvpjctoq
100KB,4,64,6irygjkq4zhj68k3sjgrng1c5p83s0i47c11vqlul4dlnfiq1t4t083o3c2yiaffkh8e7hlv9p8jknjgje878uyygef919rq7tjy7aog8fj2qstypz7ik6o9q6ufov85
100KB,4,65,00xasrts5c2dedfodnwb8h72ir9p9ke2c4n11vmepnm9agx7np8hkcdk642ibvajlcqg38iy64o2ykjbxnm4l0nnoarw64sbdefx2x70x3r3nd183f3lvgmev48amrzm
100KB,4,66,4k31979kkwhuau39xr1sn440i3hisen6shailbykec4i88iffx3m5s74kq2ciftdly59dq5hf5ts6if9a3iau6lwjp9wg59dnbysd99sl666pslxhy8e9fibkp0601c4
100KB,4,67,6rb2hegx2864azrxeng2otpaae04pgborf5now6r5bmhjtylss1o7uw8dybmm3a5pa02sfgnxnm3999ga91ihutxqcuey9n00sfpy6itwxqfo8dspdkejcrogz5kten1
100KB,4,68,ahvmq25g3catv3x7n5x6an8lddh1ag5xnat3zt4pep7tkdmrpdk8no6psx9ir3z65msejprvawdfnoe3d7sfw973z6wqw73nszyic18yfn3h6oamesmbj43sdi6q9n08
100KB,4,69,ith60dowzx8d8e362aitm6ndn8qmcgiuczhx75oqg2enzbkvqysyb6wv2wtxzkm5zr3w00gruqvnhv11g5r2h0g6qly5snyfr09j6iyeydg26jx8blzs06st96kfzetu
100KB,4,70,dje6wss2gfbji64n5qc25gomdievg6t3oktk3o1gcymt3dsyma4om5r435jzauqsepj9vmj3frtl5qq03g9oaxp7sgwjaf01kxvmk6bnfcysc8r8w6fv3qg0eonnil67
100KB,4,71,yrwzodgzk9shozk41s5aeda5t0tu015vqilhe7o7dx6bfefzgbkh51lwzoq31jurutbhzkjcf0i4xveqz6d1ya2ch5f48m9bvmo5tahdn02f9z3mqa0tarzo5fp84ntb
100KB,4,72,5x2c1ljnpigmxfs92ri1hapvwg6h27z0phdu6e7j1swrmbb4eq4kdf4grrjdu2rvcgpbco4wjzn2anjo6tymqk9wwcp6yp6fd5utwf4nuq2da22qlqk4qyz4x6tl2a69
100KB,4,73,xj21dt2gd7zrae0vy1kxyft81t48cnj2f4ba3i4qcqpksq1yzwbtv3hb5ya5aeozdikivwftjxfdqrxcudq69vw2ekbppa363wozdokww8kbmkewfma5cr55fhnhxwwi
100KB,4,74,80946ya900au0r5tn4gn5hdo5l69d334cmu4f8zxrqjefwqv5ud62jprka7dnfz9z9zn0s63mybj9asq19q4sbrp69bhpzmlg2gv2h942k8y8gzornhypt46u50j1vu0
100KB,4,75,bgn6cy3e1t5o30ne2214sgd9fib6s1h80ohcfbl876mb5hznsi2fbo6kqpwndid948nl4xtl0mwtz667izsvsnltgjjcux7io8z06dng9fj0xwaflghcp8t46cce8wun
100KB,4,76,vcvrcgx94g8ahsar4g8813vqci55k2xseijiphoassq0wit8iymjyy4uz1mylkmjet6lfoxvfsoyv11xckdpgrf65wzsng4ilz3ylf530tt7dpbg8ohwso2mopst4g7n
100KB,4,77,2zuvkk57eq8abk2z37i9vmmemco6lwh0zj2vj3zsd8vpllkfb4xl10ogl3s6ytvallz8w9njbj8040ebpskcibwrlsajo17omzd0go5wbokgl60zx99rri356ldqclko
100KB,4,78,bit45nnq951l9wljc8ezjh2l6an6lfipukl81lqmd7nbbk6ucja4u8tt71sarmiagsyhrrwe7hr5g2olfc3slmbia5z9azi55rlwrg6ccird3637at9w0o1szcbd3mbn
100KB,4,79,jmyfygy7805jg10mm7pgxbh0jlry7zx673d91kgkuy4bea9f0pv2b8x2n81af0e98tss9qo7vpcw7pozumhdvjhvmsolah50s3wuqrp9c1omaevpzvu53aflfm11mp0e
100KB,4,80,nrjhrranltbbgrlb24gbe56jow3vjkjs0qhervnrylm3niov4n7nu6l2aqhjz8xxoa0bwn3ep2r6wmgiwxeh4awwdf36xa2x2yu6jwykd3o2oelfvtcr0uw8zokrprco
100KB,4,81,2v6stbbd808cbkaayhi5el5b3mnldzgmas6bmsxjr1uvnsik3354hgiqz2k7anhc8v9mq8nvwxoa31l0wk7cywv9zmgogjkuwb7wsjho02czcl98bblmkaisfwfu7zrj
100KB,4,82,klndwpiywjuj1yry6yudwokroc4g7a9apzd54dufz2cwxxuwzn1ku5uuoswmbm0wlpo1npoo0aynh709hjm8u623w81ol116kqx7raezgmf6fldcm6sb11dkzm0y7xbw
100KB,4,83,bg1lhowawv7c49hkp6gi9h9lyaz2gklmr03u9dlpeurryx8hk3fe6o0jz80idm45qj9gbmaisgrbdsazvd1ccz7jxia7ehg1xn82pci07sx13krwvraqwim64md1snir
100KB,4,84,6az20on4u32z9zy0yd2owpx2svj5r9e0vh3h1gt7v667me7u7f4cfzrgmlbd2wm0bfonihpndf2faz7kip8rmtswaei77okib1q8crhvd8cw4v7hr8jnodu80xnrb8ze
100KB,4,85,lqi25rcby1kcv83704d9mfdsd67t0txr9i6ypact8etpch7tfs4gkza2ez7j3wnmdf8qpcvkrnt0rxwwcfiqtwfnxh5c9o3tar0aq4mkrt6npbsugw22wlomvgm57272
100KB,4,86,i3o6be2un5ldni4bjet4zva3fuafd5vbpppe52u3wa1ao1c9ounv8flom2zupgh2lh3s5vaasb6okncakfxeqljcevnlq6goxwoen5omd0v33dly7psow2qux1habucc
100KB,4,87,taa25bfu597vjyh8993bkpw4a4bqaq8gw4e1wyx63m6vz14suamjuctoilf2yn6lvau7onbp539drnx73narekg8ydb10ro8sscs6plpi5amx4napqn9su3h8a9fqtz8
100KB,4,88,bnm476aqqbsxdq743c0pz3fqnk23hohqysjn0jnlv8hqn4yjluh6qz3g3iatxw86hbpvg94592vwqhcfrj0woeej47blu3ylpxjq743wnsalxanudha9f26zqueg5mcg
100KB,4,89,4pio6asl9fdsrjod6oomt3pycq1jr2tv0xmdygb0h0lvxunlc2dzq4bkoyly7tt99ej1frz3j9hlyz1bnc27h3tp0ht4bf46g8is4jx5b6gfr1u3xjogy4jenucj9x0f
100KB,4,90,6o4wga56qwjabncpg4yll2ud6mjmaw36srkzkmew38q134obvpx67prrg7omwpc6q7dyjcabmvpt9la2we3lxtmqmjb4twd9dq7acpy6qt2cjcdyeippb0d3swsqnnho
100KB,4,91,b7wufk9lc7j5ecyf8er3p9ea9g66oxps7yr2xspv8fp36abfr15rk47ty526r91vlzru5jr2d3rea7sglogqqa2fczdvx7hi6rwyxcyppwx2dnjcyotarunsrv0cycnq
100KB,4,92,215svpd2xkm6mytzzdqq8yafb2593sejn50qcj5ddcela5berdljoz9sb5nt35axplvqc6xxoh6q5aypto13khov2c0erbqkcph6wmsfndtc6viihdyfg5y96me2ot3d
100KB,4,93,wcof0v8x43pccwipymwdkv8pooe5pezqpk71fmzz3gj6o371xu10cpnx8kjsornxxdk750cdx5ut6hycoog4emx6oqnraii5in3mqvrtdeagn48p9vhrusuhpf8gughd
100KB,4,94,ehnwscmomtv7erj3ytyo2t7can208umf2mmtqab1jwlsbbsimwk0k3e8md7i7uz75w4xpsxy17pq2wm7y3oanp2lv2k2ah0tt30ekjyf7ky6hzcn6vshc1qypeo75tjq
100KB,4,95,ni8ojl5ge9d4uk0d5jz3oe8vgs0u9sm08vuxkle766bjw0w26jyavj4qhn6j7di02sys305og30rlcl3yn317b44iwws8i04zffks2x9fu2ub6caoahtbzp8qrxu6pcw
100KB,4,96,fp5rrpypg7jb7yea8u9nhoo9w0e9sk76yh5hgwqxbolmyiddiup9syzn530jloign71kdad8bqt43866p9mnnb90rbvwcq3dgtozmn2a4zuic7c7bzz5xjqshaljoont
100KB,4,97,wtz0cxtssflygtcbxrzey5411t2w8iklq2zefgfojcpejsuunsx50gh6209yc1oadfv3mhg5h1000x9vs8dq075etpxgjb8w45p5sphkgo8vvb7sf74szgpz3qoijrxn
100KB,4,98,7s0ea7f8zfrsa044ugxbnlcfd9d62ydeuxela7ddzkj52pcldc5b091sppftfe9yba0a37uh62aw8i3iftymko4xus0ezp7ie4futu9umkrn2tgn2gvzl7dgys0z5t7f
100KB,4,99,sb61bgnup0y00ifkjq1w3ucmtivpekiasmj25ep5r7f5iohjxlm74vmtofhn7yek5xk3neb08l84xbvq392um2dixlgd1upox2pcfb63n2xhbitfq4fhj0wg3qcy1wqh
100KB,4,100,mprwwz413h7m5funsfz524hgdw757mus2klo08r5szwog5bxx4ije30tdjvshu7f8k7pg6s6p1c8mjcpsl8v0px8vd6h8uxodnc76a5in8ros063du3arjznpi0m9jx1
100KB,4,101,5aqb9f4yjpbd6nqxfd7egss9bvxkoxu6vwd1l0oqbdfv13a2oevelb3jhbc9o1zm3yg027ezozh4t4crudzwmlbqe1rt7esbqh11hz0nlqfel5jhk90dihmcpyhu2xad
100KB,4,102,7z0es0zrftvyhujfbpb6er0bmx2kuizdsjp50y1nrhph4086cnq4skiguobanw8oodddgdxuz5j3dllmavqay5bno8ydg0cqm97hb7bo1wy7oia8im4kfh45415rtp79
100KB,4,103,fice4tn3ezx3f8m0wmihmrb10t6e2gn6d098y1pl3m6mlg4cesxbs0kpk7p1el4vuagpd169x7l6xf1uaj9mnbyzxax41b9ekh0i4j7jw7ziysmn1u96cgl6uo0sxoyc
100KB,4,104,kvucbw4s64bsmjmoqfr0howp3j9c2wv6nkjczf1i134jb972iwlikdascaudf64atjhl8fgbiww0y5d0hkflxju3w1xwpod2jixefdappk3hth61a0s3uxpua4qpokqw
100KB,4,105,p0o46d2dnb487aa16snfoodmxs3an382cbrzvvume3nav6485i3y7c1q0s3ka62elqbaw63vax1pzw7sm9snzcq7150picuc77wry05yj1y18ma0f65ocl2ym0b4f4c0
100KB,4,106,97ahc0mffr42pcs7xw6pu09mradfywl17hdub26m3w485g66fjpxhlrta2jgzp8huwus6jrrj5rb1mevw02qh5lrydac778dw9v499ct2s6a8tzjnr45d6utb96fyvad
100KB,4,107,9jv6ly2a3723b4v200eyha8p4chi873wpo7flfwmpsx9g1x8xi70t4b1hfxlpaf4iqtw5uhcweejuaguy6he19zlnduzvj3j4uav9ra7mt7sx0zvr8uzmz42877dwiwd
100KB,4,108,avgnrxnbgg30zoi1yh5pryxvodhagj3qjvly3c4b73kgttc7fayidjeyr96txsrl7gmzen130w261rk1j8ll3lvhag54y1bqsp7nudatyjh403pnkan8329o5s4w09ba
100KB,4,109,4igs6b8cij8p8uz9al17tnkgxkdovdxc7f2v6tnru45bc4mfii4i4ok3fiz8f9qgnprc29cdpsvcdpct2qk7u4bvvrrg6x2t672wm2vs0fvq1guv3q26sobla9ahp25n
100KB,4,110,t9qfccsizkntyu9gxorevg8fa29x648uim6o0wxq4dh4bts6j9w38k6ent7y6oubvotf4gvtbwufilyzlyqkr6arz67mwqgiilmv866lvtt1g3rky8dkdvx87hv69ogu
100KB,4,111,hrypg1nw9tfiuud6igre1mo0odest1wk10rl9jukpjok6umfi2xrgsccbd2zedcmhn8za33zpuzhsm73lo5tds4uzvymonceua83pjjc1xxqcb38x6ecz98gvb78y8wm
100KB,4,112,i88opw41j0x8dma3ba3ltl4km3nm8cfz58suf7teqw2nit3r1fm5ukek1txhfus29mdxin60tcb7vrgfeyzqwd8p1gf84wloxfwi8kzplawuvbn8ar8mat201g9zggfs
100KB,4,113,yw8k7ushbp7uay3xs16alr41d0ma43zevrbw5dhaeji43vsi66m0pyzevnmluogobdhtdl7r2zgdt8yjm27nwsvp5fixufq66tpikykat1mrgpv4kzni1d1or87fmody
100KB,4,114,g6axiu47370y2gqghu0aqqxte2gurdod6ix1qgwycfgmgrekxhzp7akxtg7bl88tfr9wunl3nduj74ptevjdfjbbesgzdzto3xj2y0l2yatqc1pu4cyljx0ausmf57zj
100KB,4,115,pkkp71lbplkwolz4d2nggr03esx00yvrumuo422y7fv6j5bjmog7dw651ua1ho5j6dmaj4spj5m586kf6vv8hzwdx47hw5hskekhtww9px9afhb55ct7siw9n10dw1c9
100KB,4,116,ezvkncbe3i5gjgp7njwafuh5ex5zimvj7mfll1hzd2v7n6m8vt49mwr5dkjecgntl79fpylymiimx7lfwd7z0jgufm9nkjmf6ziz73jgkni8m71v2u584deazc8mu2zr
100KB,4,117,p3yzja3yqemehipjbpm3bv1hhupe5edvt25jmbvrr8p6puykx26oezs1drvyqcme6kpip98lyh08rn681fdxepi21vycea9ygl6du90pf1wcvgwt06p4e7xyocyzghds
100KB,4,118,yyk8fjjbzt7o77bk014w9hct625ws0wjpxbt2vy0s9wtkes3hsuudnrjg84d522v34ma95eswbpg9bz7hsobc3jvap7tz64nxd0eeaaaspi38xkqns8gr76aevn1xs2k
100KB,4,119,nueil9v4l58bs0e7vl94sy93z5d7jiztz168j91i5lu8gyggcfkpqdhpgv808q6iu98rjs8nlzgkyo0c5hr55xtrmf8fg6n7pdysoav7livzyd1fno3dtseogg9sphw2
100KB,4,120,vb15cn0hhv01enm8w02mz01h4xl4ilcz7rq8v935329p4ez5g4cjraozz8f9b9dkp9iv1z0ib9kqi3w6mn8l2kvtzliwx1v07jihk6u5osfvu978va0c064fmxm0r6us
100KB,4,121,gfsx0n4se3gcckgto3j844hrjro23juguztrctfb5lq2iodq60hkcvkuvz2tfjbkjbosst4vopgjvctxavnaps1ck5gk1tc2nrsmt9y4701qky6yhcekbpumj8qni30f
100KB,4,122,ursi3e93dl0kscb4s8uohhz634ylaz069gfxow4mr3vxlooj59tz3cpcuyrkxxn4xygyfd5lj2cwsi9f96su73npnwclutb1b2sfbpe8we6f3nh595fx58kl5iji37l5
100KB,4,123,tiajqxysxflcglcgezchu96oevzd8ueepykj3g44nwy2vzwb1nj43xs0qaga774jy2sx8wfplaj1lrnket2wozb5e76k3s05bebyaji5w0qsffg5lh14vn7b05rhaui3
100KB,4,124,ez6gl5kkdiydj37u9y3owpvprzowpuvvgr8fjrk0sqt1ljt8uunqc32r83j2veui4ciw3qujnvx2xdybu018md44eh3bfg0ciw98tk9ilhq54fzhtfa1ndtpmo9f7uvo
100KB,4,125,yml9n6qbhty3emcwwxv33fwwgjr40pjv0fwcttetbft0rzptgax7ddif290iqvf5jwomosypj8f5g11a179kfbtj13yvw51jkq84tu2bo1ovarnwk7q0oiund87df5es
100KB,4,126,tcceyof7r282tcskft9jetppcl3dfbl8x14rxmumkp2uv8vz96f3y1zlzbagkr5r2cv08ngj1htey3pqi30uuxulq2xabbmezef2ubtkv4sicmr45ldthbi77tveuvst
100KB,4,127,fxfekzsf8v1s8hhh5iqtbs8lg1w5ip42jkonntua9ku63s3qvmi7pwf0et2beypd1xoavc24lpi30077vnb5ozzwivdtmz7djqpjmlf5h68kk64c4wqyknupytae8f92
100KB,4,128,e202r1v218ihdy59a7axuk5sdcjpimolw218fv9rgl35yl47wzqm17zmgz3a9d4w1ckbdq0jl343wz22vhjl22o5nnk28fwnu4t62ixp3que9anl4l3wynaf56wlz5en
100KB,4,129,n7evxce0cql5kjpjd5wuxuk3qr7bvzcsu804e1suhwtvfl2tm6jc38ku8w0tuupfdcrf9lmkg553g7kpr7584cpjy53ykbl891zn05p8mkhr30y85dhvv1o3hrx7sm8y
100KB,4,130,er4bdfipezvvkiytozeb45zmpp2zhvnq6oz20nl7g6lj2ppgzbxz1qxe53dpd9d0aku1i2q5nsysu0loeqg54v6q75a3rd20p3jg6bp41ynea832vv0aro1hjfkser6u
100KB,4,131,a9qmvigy982bm7gn5ceb4xnfmkiz6y7p1he8e96pbzwoe6js85fum85mxnpw9wm5dker6vlhx82q6sejom7sgg83rxfv2hd26489rez0qj9cgwaqqida0c2xvbsmnzzn
100KB,4,132,ah8e0o049apdy2sra8pauoqhx79zq4dtixsv07cxacv3ocnobc7d57v94qxak1stp2v4j5phuxb022lpev6e8utha0mr053xd7kp4g78n34uhjo4t7v6ko5rmd9w4hpx
100KB,4,133,r6rvcd5bo5maerndjekwpep091v39jgdfx61qvsuxcr6pco7px2b1amnzulrtnngtbq1b0jvhjy17xjba4t4jbq8uddt1knkewzm4sdhynzaxwx06iwsjr05hkcmf2tb
100KB,4,134,1s786era3dyhdxo6zjwexkb15pc2hw64cghakd8knew108fx7xzfb2bv1sqw8zzznltu7ux66dgn5a2tiov4wdxtus4p1i7l7r01ccwri6r1zouipp1gxqt9rcay81uu
100KB,4,135,hx633r54jlo4chudzej549rtqpzj25a0spgj8ks4m33tp7q0y6im9og3d7pb665wg9mj2pwudy8lgd5czb940asr861ulknjyzu7b1dskd8gec754kla0css7g9un9cx
100KB,4,136,fqncbkrcnnhtc92eb7d44ixuqbzy0b8dhoamyv573sb3qbjze2mf11n0ncgwbxtd6mrc49kjnkgdfz15fgem8t6mdsx0mcb0nedfcicwtdbfinxz4vfusu8vdjqcwnhk
100KB,4,137,vsjphrpqx63h67cy56zxcnomkicpxsksfsrbok1822qf2bp1gnyeiqt7hxi6osjfkc7iimgyaqeg5zzb3w86j43fd4ihl4xffwd2l02etk6qkfti2y40fadul51bifwr
100KB,4,138,2q54pxzvquzplt2wn50nucupfytrba6u5tibftp3ygp1lrmck0w7x8l3sp88bhpaumfp2u0wvr8jcfnpnnsj4oqv56qh1g2awxtrvnjaz8j5jdv9s5c3m831181hl2bi
100KB,4,139,ek9ivaroc9w7e7dhz6mvod86c2oe2qasqltsie5si1okvwfu2sy536ocxmq240b0scqgocalqz61wzrhezmct5r1a5i1ia67ificvbibpjju9njmrtcad7il5l77z0d4
100KB,4,140,0xtcybhronx1yddnkq59l56yd45lx7cbg4lmj7gfnjx1dko2ogcqnn6qd1isnkrdqds4babe2eob2y02q4ea2439l6o50ep05ukugjgedwhzzdceauxyxp4lv7fwl3sj
100KB,4,141,n8ay6j8ollu51jq9od3a2ozvw5hyjqgth0obxr5g23netcr8b7l7uggm8qr89cqfeh124g8dqu8e34601htb87dvr4bah8tueseo2wt0ctfjoawk69s61zjfq5koawxg
100KB,4,142,alr074dhkmmgpr5eep49qk2od3jhd85put3nw7xn9v3j7qcb6wopj7uhtjbq522gsk0pw4zlbyp15ti1ygzimy5oerhmfcfzcyyhfvomt7n20du7a823zy1pzc034kzt
100KB,4,143,58s4wjg26yjbyfxrasktld4u3rbdqbjs3hav6piod8h1t9wwueimajq87j77fqmlkgybyf78pygyzuhvj0hz68ixduon481yyzxhixs1ypkwkekl9l6j0zvhmy4co9bc
100KB,4,144,rd187hc9bdvndserhohi7tdtc2xw21lsyzn1ia4uyx32u4wqzmbt5xab6d2otrf69yuu5j4qh92diyl65gjq10z83aivpoekn7pioq82ve812kpnaunzcft66vt66lbf
100KB,4,145,wfq5fnsktxnjlnqic6cllpoa7cn3wjl0ao919b1y6sxrcjcljydknao8ttpabws3p9ybtr4a8qlfb2pydibwiwdjg2zb3ksjakbuek9i8djdf6s0pedvp75i2o8jr8yo
100KB,4,146,nfsd1ad3c5bn0cguwwaohr35jbdze2gcqr0nnmjrjespu7tq0dlgja5gqbi4usy2qnfp1m9uokdqau8drqphys8dcq6xt1pslho1mt27lbh6vvjkv54e8ymv88ihap9r
100KB,4,147,rq64ybrd15san2c96txstwzy0uqk30cpxl4tfduf3mccdbb52p59pg9ewn7tpo9e08lg3b52jbjlvbx7vlbwhhn1inmypftkyw4w186bzgw482ogvkake0jzbf73uq1q
100KB,4,148,pshd6o3lf78ijthaod7xr6x8245bxdbyl0j4344csbet8ju4v4z9g4ogggheqcdhycltuoxtx8c80o2napy67ha14gj2x3fh9g8uph7xdhang8ga2ae60orjfrssy37x
100KB,4,149,ur8vi9w45d6oqz9zo4kmmf1scge1at91avqmji992l4q3srnt0giy12dy4gkpr90j5tkva63hdsp8nsgbwx7ajhug3rc3csbhatob6n70qgkqjcoujfxdj3nb7jhoqqd
100KB,4,150,yxqrcttlxmim60ylszf3z2j5q69mkr0pqliv6i9fzq875hdjw8r7y2s8b89z7c6kehu0nrptjo52jj7irng028amktvbzr79epdp41bltmm5g5c2998ug76193cyyecg
100KB,4,151,cvg0lddc63dwhf3s93wzurg7xm64mfu9quybzjuqrqcoobe42m0lbn3mxxispbl4tc1dav9ocgvdbgytjofvzymusu2dk3tchj5zmtypb1jxbph4ho947fv7cwvx6sn5
100KB,4,152,p4hma0ebze8trjg0p2mqieeykzr3s28v9xud0p1hjxnqqifxrk0ie9ib7u4kry2y6t7n6avcdgx4o5loat4j3yjk91eomozsv6s9tcuhcdfpqtbab0po5xk4b9kepeb5
100KB,4,153,a1ctknk86kftslrl8i5j6m4owqtnx9knbhxc4cg73shej91xj4gbrriziih85qye4xfwxaz3r0i34lr6jouipjwool0sb43ckyp36ex2y6ffti3ir5ce7zs66ixo0w81
100KB,4,154,y74fmvp4158zrkuuo0pw72cxvf8roxm284ki8i3xu2s2kfrt1fykqinxj5hlqkmj2ja9f8yxpe9tgak55tkge922ijznmz9wyvkytmigfj7ob05wbmuaoanp781wecnm
100KB,4,155,tb002bsm7ot0j0hyo0z8td9zse2gsfhozwh1aensf3rastczzh4c0xpze3b32snecl4ojvj5kqxcinko4dgvjo87nkzyb192fhu9ft1ko8ghdgythdp6b3i3ijbpldbw
100KB,4,156,ld1j5uml6e9qte41bwq7nv5gn2o5qpsgv8j8h7z6zhr70ncuak5tmghqq45ufyyy2595b0wquz7h4n2wnmrkc4sgxvpiodbzfxnicsehg645h4fs8j0be534r9i1o8gc
100KB,4,157,xcmz9nxaip0izaxof7wt1afx31tjnj45fsk4y3ezvkqqc8r6ot0lv6nnwdcnmrx4xzpzlsjwx3p1j53pvk1q6omar8rz313fp1no2jnahvv4hd3mbvp15zupzp82pzqh
100KB,4,158,y5quh01p5f0r5el90l6vah1pbytae3kryjm3dg5rh7vdur3h5w53lvg590bxcn72tgen0gtp4pr6m4bopby31xxrj9eo9rl5kx15675uqh1bteonid45i41aue40tygr
100KB,4,159,o1kc88z5wn1yrww378hini04gicov7i0dtyoxfihqotpowyzxgp14rm646iqdzoyepi6i50k1lfnrhf3t4ob1gzgcxfcy838p9ehgw5tnn0fsga0y3f044ea9jjvcmpz
100KB,4,160,9b267b50gk54l1708d2o1ethg8h35pmx8gxmgith2jn9xh2p4g0mycil5pcu7ctrbddgmcqw0eihppuc6u0p170x7i8gk4j9i5y7lk2g3j7fa54v8dd07iw8s70j79sc
100KB,4,161,wc8izr0384ckxl1cp43f4nih9cm2pb9nt0bx8bvi16r3wv6bn3c37jdx4zfm14u8jlejn8kxojtfpy0500fjbme86tp9kpurm6v16heiud64gyxbl4w2sddtosdxf9bh
100KB,4,162,1crrl00w343984njawmnrhu8xw05vc63bqbh7qe107y5wit22izmu8bjrtbffxjxrfuqaalgcp3bjcw92n9gbjcxi4jvfnkovlyyh588z9gek7t33bpr3zvh5u3y0pts
100KB,4,163,149hehydr4xlweda2be6s7a8dnsaqddaauro3fvfbu5anl7jhu9bs4sofspsgapjy2a3ez3h3wjasud5000odu0f3io84t2fdylcdwke1m7x9kwvq3t1wktcrjx395ua
100KB,4,164,xn0riswztpes81aakaszmsv5ro7xksqqnocnlb6ahq7eanl7bnh7mvil4hc1r1t1q0ddehwqjhvam1s3yju07nwiu0168dmqdo83rqxsoj7vrkx2xe7wqxwxsqdxsf7i
100KB,4,165,4kenyatbm0s4omsl9sx16pzgxnaxlft6g3vcg2s68emr81uwt0zqlp8jsc8xeiskoy6hev1nngdwppz1l7lolanppg4napxw85rk3cg6hrhewj4zxgbr0qdpbfc5lt7m
100KB,4,166,bad7x07qx8z8dgjjkh85dd8ll74kj86k56sh76sfqk3yfv8eplay9im0qwiqmjpmldt7buzfhx3c154hg5z6c66z3du8ktdka4ju8kp7y5h6x0h2u7ii4w9e66lhh4mc
100KB,4,167,x3txhqa3fyilrgc9vnecxtytwsqih3mzlxtf1oygbza2leobq7dhgcl2xygub4nwjd08ghgn67ecf835mnif08zcmptujsr2kc1uzqyrc0vxqny5ihtpl782f1u6i3id
100KB,4,168,hsv7e9cr2dq5b1g66yh9zz3xg99qid5kczradpnzxvpd4arjo39a8px5j7mt97mkyd0xlk5r9dni3z0rj5g0m4nsb0qdafirqn3yxoe03tanak3n0nmtxs0d85x06wlp
100KB,4,169,blc9vfbgs2b30jdvzzrps2efc45dqukes7opxv25ywkapjlnaktyqtg8w4qcnnlumy31v6hyqx0tjqbcfm6gmwws9esw3w6jtw83nuo0dpz3v3vmimqgch7d5rai2teo
100KB,4,170,7cpgxdxaplmmxijs3r01mx7dfvtkv0zxgi7sxt9bnmoi0sl2wcomgoc2awx3erpc9qq4eijk5d3mp84o7zo5ni0k7wnaftvoeje032f26sfjh2zhsgeexz2bvs5p4y21
100KB,4,171,oqm6qartvaywes5y76bfc99lsxi9r62c8cgvae799dt8g0ltyo794z9ybqo0booiobv9kp4r54t2uzo12qjgqnga4bmdsx43b6h9tfcxt38foiam4jzj6c7i1m4mof72
100KB,4,172,q5c0bcbowu677vf1enqyoy5mkustnyn06xi7hs3tbdmoo91jj6jdztbza6vrn39f6smzgowqves5j68u5uru7e2xdx61yibnx69nilllw1oenfv6ogdnmknbuyarvffp
100KB,4,173,wi9dgeybi85on7ajixxga9c5co5oqb0f5q6d1jrbrx2vzgsdz4ns87gw6n3ixjfnst4yzxh9loy1sayiu1y7mqol334pa20wp1mhsj5w9sa19ooee4du1lzh8azarjyr
100KB,4,174,06mo0syzjpfdmju8scpcln5ukcpi9bv9mq0kgf77jb0z8vrtcgeh8zar04k9ujeiscgzc4cyetr682czqx0fkcecuorr9eaobqbhko4drh9ed5j9s77xwmt8jag9svzn
100KB,4,175,avq9h07k3m9nnfdneazfrh4g9ce22zizrsb9xlk369947q83qztsajiv8ido51zj6bvjqin27avnxe38ep3o9cvjqejn2e36lleg1d28ystobwwtultfcceo3yl8uu1z
100KB,4,176,9b1j4uqdu4ib5qrobe4b0lkgckx8ufpz22aqvkef85nfjylu5hp63j6qf1weyb1mfoufe02im1mgrquizbadvmqo5tgfu9ywy4v8nwkmz6mysqghxu5aodqss4y22fqa
100KB,4,177,c5xz0ecoph6n0mu8qf3ui11z2wdikv117v8cg5mr6905dpg3oyn8c65odwg82kc7mh5q9tqr5fgbzk6tebkpt3cjjqf8vfp8n2oljlpk365117irax46ejh3d8r6lio1
100KB,4,178,neduxythbln25tmzmkjj4itlbjw0foscmo62uo4s6q4077ua0tnmxnb45rbah5q1d24ej3zk6a74gyzivejab2e6jvvukvb01qfokf4g6dwy3e4katb0qeyonayi9u8t
100KB,4,179,jkobcfxkuzggjgu8run19tp34ccl1d5277ib6abv3q4l0l6l8xqlf20xwn6l5g594fph5ptslzqjikiazd07b14334otb7bifqpjj8u3nfysxoxhjib5bfytr78auczq
100KB,4,180,spqzipdtol1n9bcsas9xd50wttm81kpees1zlm12w93c0teyvvb93uw5xv1vn35ut72ytl02e9wbmodfmuw9ijxdoki0yjbcs1151uz3exlqy15uztgrlfms16qwc9h1
100KB,4,181,yd1l7fcvrek9avsufbo5g3a02see4177vda9j98yb266t4q563vt4dgontxar2nqcucj29umd3yhr8a9hrf4n42eowt335yw2cagrgdlz66opmc2dna8lceebmptqj7l
100KB,4,182,9vqpmk0rn3673129ngwmttzdpg1eluw601w0br5uuufau0oxiyi6qfjrakebe33zv9u5rjgv49kbhokccen6kgdpjk6q7s1s68zuwfvrqio42z3k7zid6lzngc5b1r6f
100KB,4,183,204kyw85s46oktcf7k4loko4n7n62r7dq8v5turleeab1ywp42y85onayr1q7zv9ywdr359la26zqsgdocln1e3vjmn0gvffss429i8y0ezghioa1ka7m0h8biw4bbcd
100KB,4,184,70rfc0y5cyd35w3xjbuglp5ybqvysexcr69ulw7pcamj8trplcy5f2340tmq3iwgx61etrnf9872wfbinw8e1vdicpprudaska733bgfbbed9iugliqe47ajg01g1pdd
100KB,4,185,c4ss7m20b55g3owwp3ti8ww3kulnsc7cfopirynau2x8mckt0a10bwsruxez5phf0q617zyj7oqv4i19q6j610m7q9hf5eo6mv8w9hks4p4buj8aix0dmucekqcmkcdw
100KB,4,186,caccrih7v8hovmnld3wb2ux8ewdstzbgbol8emwyn0y37s2y64nvljepazaz7tsy21y4kmoqcptql9en4ujhdh5aiieougl6lcwn5kg2c04ehd3nec4yimyxzjo5b2j4
100KB,4,187,y5hi6e1bz1a94fwelnsq72z4q1i3c15iwz8ri81ie3jqkvk7yc8debmgn7ly4gf9vz7tnvsb5i57ylfxjc5ha962d7n5a9aza8v0v97ih0uqkca7i2h8y7qzarm7qjzk
100KB,4,188,8mis2cvo96uowhzs8kyg7ocaygmyog83i8o1gjay10ia13d4vr5var761fai5g4dbfxfyehbetcelmfquc71l3i3zrv094n1j2zizs3lijo0i7snxsp2zecxb8xrj79r
100KB,4,189,ya2c2afj83tlcez2z773d6jzect2fbqre174bzbgdadv5i1ir8yw7iz7lq1nwim67cqi5sv5piyi5pvwb5pw69wbux6mdx1v165tq00m35eobnybhysl6yroe0h0n51o
100KB,4,190,1a81vbecdj2y9i98melxyrrrg1akta2r9n4cdkjg6znk7qok52twgojkgjxyngsewia1htcpf7eio59rdg46z9zaz8at1yab6j6kx0e5tzh2gseb8du4264bz1sgyjzd
100KB,4,191,spvupesqcaj201d170t1o2bmo1gzqhc3bl1wy13zbkmsjs4ivmvyxqhpxuhva4bfd1d0brtpmvk5bhl41md32lddqzr1b9vqpnyq4usoalsa6kam2rcgtc2tdqbls2i3
100KB,4,192,xsywczo71ugmiyahyolcttf4a3t5bc6s4ths6nb86wq6m1w4h17agg9e0ea790i069gz00j29w1xs2cvjdm228oue5auc864lyyv6zyv8wop9bxpqncxlic1990b0b4h
100KB,4,193,uieis9di5v522n304j32vd4r425drgctdb5vjry2v2e9uo0ohwkd5kxn2ne7dwx9a9w0r3i79sxrj9bpg2kmqdli60mitlaql8zozlhrz03nmd1aqaliuzratdpzuksp
100KB,4,194,njdv2uvwkhqn7nhbbguujtkqvzrkt4yh75jmctzwrabza1qtudb9su36f7udrnjb3x2b186naxjicwz6oh4h3c04dzkojs6mhheqe7uva9kork1or5z6tp1idp5wcbwn
100KB,4,195,lvhkand1lbeagluqb35g0p5nxtxyzdq7wwcq3khouyd6ict5bhs7qhe6n1qq71xlnr8ox3rodjrxrsmlv6t12brepo89xutoqrtw7mp2cr11gac673a4kt2t0kvxvv69
100KB,4,196,wjw60piub4zqwdzmsq1g1t6ernfg9sc26zbb8ju5wm4lx0adiup7tfdln6qom6bcv40xiap5mgd4w0ql3ae0om00virmap9qq6xqmn2wattki1xwk49y5ubbdjmrjys5
100KB,4,197,lvc9desqhd8wwhejgh0aidw3dwqypr7eh04kzeoady635wa9nsab40blegjl8popajb9w1qqs39m1chir067x9yebh15gc6m94ujrgxzmchqv3x4g4tizolpspqiyyoh
100KB,4,198,ht873bwp9mpebrgstn95gf3uoesu56s4iqge507r8mzeadit8g6tg6mpgdjc79rqiso3y8d38fz1b2dcr8swfpd1brgo26llxuajwaaxcksizjd901zjg5bhvepayl4q
100KB,4,199,ms0p8raaps5urd5d1h0cwo7p7vabekw0hw7l0y9672mzkfzjke6dks0vtomi545agrefofu429cyn38tsqeplu6kbw154suay282hv1dddr5r9mvgpj5bdkjf3ix7cd9
100KB,4,200,yxd2infa72waefabe3ce3rwrbcd5e99bqym6cjhqvpdhdaq46qa20nbhnvh30dksaxrwdalsknhrntakdralwuy3fqf5yqss8nwpvh0164imwoqej5h0oe9yjz4dsu1k
100KB,4,201,lk1i1d9feut54xiidltrvjju342nnun9v7i1ew5sizhuejicjs5auqphqygs7oqsigcemvgk9cmppbgt82s3fy7gqr64343swflmpsoqrc2us56hd6w46m9s1de79aad
100KB,4,202,ye6tkr75vnl0jtibolqi5viymz3tsatce55ojux8i6h04748uz8yjp9u5dghyoqjhn6rku09nx88lsgqjtrpyp3csk3cwf5829xsaec00lr4qzy6ii3gapzmh5ngskuv
100KB,4,203,1gl41801a4o5locqcb70y8mp2vkekdc9ly8lml46ir7ziwcj7i9yviyo1cqtnd0lp2v55gnp9s48rdehi1xj5orhc55oja2omyl8xt1fjybep4ba0hykf7bp5lslaapf
100KB,4,204,amno997kdfkoo8dalw9mu4p8izhwy5f1vapy66h4cnjjmln3zj1aowjl7uf8uwgbaym4k2duwjdkuwknzfokb7g1abmxd4t0dla715ck72uw4vmhdbc9kunjvj6d40fj
100KB,4,205,ly82ir2q9hvt3hxcgvlqfhib781qcazouqprargw20cfykn4bt7a5cdhihhhzuai3vszyqot62yo7g36ncrp7twsmk03pjtdnrt76h2g70agh7bhucw37p3dxh5xqwad
100KB,4,206,2mm6ukbuawxhxx9dc81pzi1ep143gs35rcacfxofqsc5kbmci02z42uvpba95n4u4mcbawfrgkr2duliurwlb79r4jyxqeagc1y5t5rvsc71dc86pksn0gi3krziltcq
100KB,4,207,4va34erhnaqwkm8ndw4a94o7q2sxtn3jq82eonp9ylvj94z9v9hnfwigvsux4qpzxjip9yq4zgyt8qoxj2lwvzqvk30vqjsabajsw4avdmmv4tdngf3f3ihndamqt46p
100KB,4,208,6k2ijjt9twnw083nmcid2cafdlhlc6b29jjb5bigs83xtmh3za0599jd7fb1cq6bvs1mvl8ujd77gl76rx9du1duk9uq11a4gbu5sz8ehi8ha55k27rzq15st3dbquht
100KB,4,209,n8i0jk6usson91y6x6xq0moo2cwn4siinerfddtq97cd8wimbtcnqbr2ftgxujl9nokz8ks625nuh4690tjn2s8k3f8jdpkhhzz2200s17xbg64y6r37l4jsjadg4aer
100KB,4,210,tq2u2z3e8ne0oojyid0gbcoqtw31z3x2tzoz5o04qseba5c7tn6hlygnsqnlp0o9atcc614fc0090qc6l5yz5q3mnaw6o64u1lt2l18b2a75nizxgt2j518gw3ngnz4l
100KB,4,211,2afe4y5pos08fr56fhoa90wq27wbuby85f26qwitcdb8xf59lx51z95h7h2t2ccjjd1ms9azonnnpdl7r4cdk7m7p0os4d2gq4n1gi0356j58ch0jj6e32mf51o4aj8y
100KB,4,212,gjntr0mr6a3j2d39aycrdl6rwwxid2q773xekf9ughnx976xlqgkgk9g7hwmkcmp5czbisv71gjym6akofvdfwe8q1icif92iq3x8da4uyottjif8755aevjf7l7qnjt
100KB,4,213,g79lszw3b2e17h6evkeqrlzl42upe423zltsesk4z3enazdrvetxbvsx318k1bpmjmuf21n7tug4jhn4acvw5zo2b7esvppy1j1btnn7n52az8b0t54hbtggkutt2n0j
100KB,4,214,fmb40au5g1j4hh5fw01e20c3xrr0vz3bzfsxgkd8zqmo14d016bz9p3bd5uhtgc1xfqj4nu5txqpuamyte8v08405ny7kyyuc9calb63bl1pas7e0erux38w7exn2qtj
100KB,4,215,xve1joum12ts5lzb4iv96dmg9bcnsnh535g0vl4r2b37o3entqpi8z15cyp8oadsvuxuazxbjt3mgwshdnk5ubxnfufa6d7c0rov9x8tlnx9y68sowipzs0c36jbcyzh
100KB,4,216,qa606cpyk9p13ayvswwf1k1lanow1checb864ag34hb1z2o8wldqth3xb7cvjnhlqsohmqy1joa8c775ca8eh972z13vjt0wsgd609gb9r5r7r1p8kyia8u3xq2p5aj0
100KB,4,217,wkv6dhc2wrkqm75o8fpznery4lh5f8aobmv17zvg102p052t7atulc76mc01gmronv3agkp9o2xflm7echgsn377dhi3qnzb3glkfxumu4d02mb6vbepxeopuuwf752m
100KB,4,218,g001xy3izdp72906k23xvtlhe8dcww499li1t87d2ujjj06jzd5ywjl5gqyp4tsu91pb21izvbskg31eus1mpe3w8pr8dtb0kze5t24lvgr8wjp0ixr1ssfhzdqb4t0h
100KB,4,219,3w763fqbrd3z2x34xdvsc5zpy3zjeqm1kdkhxggshx1wkmde59ccthvbhesx3culvkxgi55hbpzar311r22bn592pry1ne0bybkkyn1kbrdqw5ttix01whto2twak50w
100KB,4,220,vwa95vf3vpxqigx1mk0a7s30acyw59sle0a67dvgwdb3ww3w8nrjlawmi25rl1agat7bhgo4gn9jbiiqcn1qvqv9kvyk0bmoolqgjsp9tje4sgs2bbodxgmr6gv94i5u
100KB,4,221,gqo0ivtia9lau58guwml6hrrhul467lxu5dfwic6gfxvz78tuxhzg50z01m4q8tc2ixvlnvbff5atpmeeyj67gkmwedi04sjl72qzi3fbti2m0i7euepszyqp5dgia2t
100KB,4,222,f1lh4hkakmrcy7a9wy5ams8h56kxzdplnjniv4yaqmhcazvppwkowcn72r1xyrbv0ctjo04esr1izdge2d4tygwccsdsait3ix1lsc7gc9574902sfvbqjs2pr425gdq
100KB,4,223,1wr7wjeekhvr9of6ymhkvkutgtj9i7n87k94h2spbhta03mkhoiyqfg72v8earutx27tdw7a2bvzuhf2euuqe7n59gxbh54yycw4o56e5rodgxvk0cv7s66yhs7tztvo
100KB,4,224,ldtm7dy6v7tm1abz03h8odooqk0kjm1lqmo14xig24yo9ziwm3roeg1w9u29z64un8or3ylwp71ysorz8scpuvmbdwfre2oeq4wbc4t0kn523eufzvyq1xr1r7bz4qnl
100KB,4,225,4tl9r7yyh2gpqgped96i9an2cbp69igxp4e6x2i22jsdvw9xxiryvsxtehpfshsq9t57bzb9mchyfaacqkjq0tvlpkkjo519qa3k6v9idm908smvq19985l4psa53379
100KB,4,226,768t4babwgkr09q4v7362no93dy4o6jei0qmhxtjkf6fabmgpmqqc6tyjawwaylupm522mn7m2aa8km1n5m27ws04omwgxr3nfwi9arkx3za3zpx8ry57l3gulp28t0q
100KB,4,227,nu6puf81rczldnlkg0ee8nfvbj8g828jmnl0rnqw2bro82odr3s6grnosz4hjxh9eus2h1043zfdook1hbah1spg15tlcmo8udw125tfpg0bu9sp78a0uj5hrmx1sipz
100KB,4,228,2hvi27a4z12ibhq83dsbqi7zdoprwpy3ac1t0jj6re0romio8p9yo5nows6rizq42avadsiyzsqiyy38y3lr2j9t6v6avaogam2n1f423zqq6nd0njweqafu9flyfh7h
100KB,4,229,229nq50ro9cc09jeret671m2xayjwngppzdjyzjq22wy4t6dbdftdchbwod71xpaa6qtqvg9notbiuudzllkda5qykd47syc42tlqoii7djxu8u63zx8zqx7gulxondy
100KB,4,230,xduddje28rim46qacaiusnpez5xhaf1fp7o9wacyiweerl815f1lfi78l2ty9fmd9kf1cgk1ko8ovgb6x0vxe6xvqky6vnlzbmajhmowrivhln49za75votv72ahnunr
100KB,4,231,zorld5af12bihkl27c0hel48ao9e2x3kfclq5okyshkwuxeva02w7a65ka0msh3lnx1602l7puaheic4ep44jy0hvgaad1kggabbmuaiisdf5er1q6kw7l2jvqhp4xac
100KB,4,232,lwbwatsnrsfukynb1bwdm17px103po5iypdqz35a0n3257c2qeohwf8vz3s41wj0g80o1ore7vg7d8gbszvijzm1mch0frj253kivd6xht1qb0lxsxbrbkyae8b1q6ot
100KB,4,233,c0vixkz8qb21duyio7l5y0biv53p1gsxwmju8qycxjrlesp9z5u318vaocabq66u7kiyn1xezzov8lax8dj9s39qf6hzl7h5pktz4x2v6kob25utgbc6grvomukq0m6x
100KB,4,234,1b66ovq7c94y72a2hs3wfkdaa4c1lq4pc3czof2f0ww6tgs6vo6sk4fuamxkhqk7ikqfaabukpw0527z5o0x7w6w9pvkp6bj378merps6wrrdhc0bxvldft85ebnmfk1
100KB,4,235,o5g0dw0jmzsnwow739g2fpz5e9q148gve98ufosfbbtqxsrdxgexodmgwe8dc0a5yvoa37w3t11ma77tgez05k2ofbugcpaebysqk19zdo1fsg6o04ld66fpfkq7hwwe
100KB,4,236,rigzj0kxmwx6pxghkpho68dgmefa8kte7ervu2n3twhwk11631qqnqztzxz2mlk40ttfdrurclsicln6e92y9qtr3sl7io3zugggpwvfif4c8xxxim9itxtug44azppb
100KB,4,237,1hovazkapwzlp302ry4yujnqdjam724hfbo68uiy5tqilbhbg4khdaoe9coxlqzj7avdmfbphln8orrx6gweiz6pvox9h4bbq9xxdu7biyrw23vjs27004mbat2xehcm
100KB,4,238,a7olhzhdqty1c3q8kq3brn3ayqllku5lnfgdod4nt8n0wdtrdbbo09o1z9c2qycrkdw44uyjv7k9mu1ym4r2h98ktyyg7pl1nnob78pb0k7xnp105fvkjsud4h8i6c01
100KB,4,239,vj80x66r42wvxnaf1irnme6huyba7li4iluenxshafgw7ewlrirmg15pk3vcteevh73qwjqj2wczmvghvljsphgk0s5vgu6kyobjoemds2lb3bu73u1ej4g6bym70h0u
100KB,4,240,hyvobidedwpicebi0jav1x1ueqwqbku6y7jbfghuuazk3vbo4tpfp8z572o70tduybb0uh4kfjf2fqpub4bm1eai6s9b5szrp5w2caril3miwrfb1cpi24tmztqdy315
100KB,4,241,elocfv66fbk1i7r68c9kskjeyajhe6cui9x8oivh7szp45ra43n50b0rt5tsvinlu8tm66tbmro3adj5uesz2w8d6mraycyqyjtuc7kols4m8ctmee1jzsufe9f9i2vn
100KB,4,242,ark1kffbw7agewl4qkea7vypyzbo6gufz0cn9xj8nejpxw8rijor4ljrtnzmommef8wu2j82dkiiyulk2f7u7c60qbfuxbd54ynynfd4k2xaxl4c3uhvqjy67b3bfc79
100KB,4,243,nbz1jt790iaqggzlg1en75dgeccbr173re4cps0j1zmchpux41b5utijalcb0y6e2kcjq6v1dl89eae9deqhrkfpfbe30zmmwkskndk4tnsy85mg38r22p979wgrfc7d
100KB,4,244,bf2b39rn92zs7x0toi6g73kh7efa76ufcfnc2wdcbx4k79z4sl6kd0g3o9di4fahw8fykjqxkrgwvk3fmrep8xkxs9yl2ani0chy3prkxj8cac9ryy8p4gkjyc6rntlt
100KB,4,245,b82pm1gmv50ujess14w4mbddvn3xrk7gpo42kcytt5ihczfp7damkac11y5gupnehaesfw5paqngpn1cgvk6449paaesji2pd38iglokdv0vq6r21fcqw5xn8vmrvi44
100KB,4,246,bouowu3102g3444llncoq3dcqw2l9q29nr36ipkhx7wen4k2vzwd5kf0foi6lr2a40qficgbxzwcxy343mggg2za14ywnsi8f5nk9rybbl6jrkcotbgdtu34nmacdffr
100KB,4,247,mnzynmid2v6hr3rg43c3f2rw60zerhq9g4pgqa6jgsb0xlpaa30z57ialqpc4xolw4nyf7vg1nashvgdhnr1jcp6zdxh4ghgwu0j6a6nw8cn7dmykqhat0dsoi4wqsy8
100KB,4,248,diawvq0pelvxahdble2osx0hewvuugayzxxiqli3zpa0c7nbtvmrdnfamt2ruuecl4b8vb0omhqt1l4p4s0x3zdm0u259bdhuhbq1sq7gz10rbup71dnyd8q8npi2gt0
100KB,4,249,vos8mfhocxcrl7qsiqwy5jhz8oisfonlktz5ucmrethldrbqxloloenow78umvm830335eaxpin50sasfog8133j9siqx9ht7sy6p9sda4l0cdz7rt668qf17h478ty5
100KB,4,250,hvpvmll7fkkz3vvm6v4afbsrv92md112aiod019r7keapyygt73qs75z11kuy5l1j57ipsf45zrfyjbmjdq8174vii12216f2gmo3ls6ayd5mne1j0cdzxm01x3gjxrm
100KB,4,251,f2oydxt8ix6hs31y2ubvse5jj732eoueaszoe8g6gjjfl5vrsniqb3euulpea4wip413kvauj2q2kzca0212yaex0nrurd9echqda5268vq9tmmlif1oj4us8mdx6tqv
100KB,4,252,ofq17cjce28io32xlxyprzkbcp0nnt8ooaxmidogbaxith0zx41e4c3eb1mq2i1wdg1wfo1ugfjiakj1c37kjlw7ux8ed7n537nuq3a8jztjdp1213c2wu3sc8gdqkov
100KB,4,253,dl8wls1emm2sxt455tdneluznrxeo0b2i4qefbtomajdpkme50ckbm7n2i00aorcjne7326vrkxxgm8y9ojrtdwpewlj0fz0gupxyae2skxu8rk13aoc45t523nt2gh6
100KB,4,254,mgzatgu6t7phaurtbo59yi25tp1wcw6zwiuk6bt83pzn3jsgoxgdu00dmb3exlqp4cylszb0itdocp60hq7tgw2xn7k9jsw2nvaq3qtfsbafeuks5ysuq8yrf4vt2qxz
100KB,4,255,odtgcbv31dzks8jhdvih2mllf61adquxettfyavmefowj6kmvmurbbkwtd6yfmhde53g3kjsqlc1k4crdzi18z6qhx4j4ot664g62sz1hzwdjhbnvboymjy1ecbpagv3
100KB,4,256,9yihc7425w4l94d7selsydnir44fqi7jlfk9o4ak4oncemwesqdawxcssqy48rsofer7zfy0oar899w6u1xd1o1nuq1dpxb4shgp7txhpsf2xtgj2nkzx9b13sxkt0v7
100KB,4,257,arhzjk4c4fui1c1a8kncdua5vbncojceldj9w2b81q2fdekbbgq25fbv4ypnc5x8o8x91il64ty6zkkkvycpspjll4a8dcaoc7ygn7t9nls2icb3owq5gboir59luudv
100KB,4,258,wgkrl3pi2kv7t14m0u64w012zhklo62m8ngvxchyqzzc6lxuftdkszb1ywcgdionkbp9gqeicdlkhyol81mq40gqt4h92rzd49mkslpoz27h4kcivnikqrc37layhe13
100KB,4,259,eqhor4zxjgvzua23f2trhuxt770xwt0tgmpew90qwyca5ybo5b1v89cphrxb4xogc32e5qydm9ccbm6scbypnqq23vkhs02m4opjg3jnjguawsb1k23dh1kxq7zadiy3
100KB,4,260,7t6vs5folubmuiul0dnl3giz47c48fhnh2vtjxz56l8hzca4v2ovalzhhz6wqu67beqsdc5d4lj8aqnb7yvezaxbfihfh72ekzv3hitpz8mrsfbj4b2kmjyxdb8fvfdn
100KB,4,261,ri64p9s8faakhc6ddoak5y0qmb3x49tgmn103ll4swkgng553tu30f3m0iug2hrwhyt39ivjfbc5oyudi3kyj5fou96f6uak1r7fpamoi9raguxji3x6o6ijiwb2632u
100KB,4,262,khxdiy4tbs5kp4k81zyj78gp9om3vlatj5n7h6ujcmmhc3q7cablbj02xqx60dhrcu29pov53fg7wsrk2sr38p9mm3672sivn63qpwsrz9jt6umatqqqt6nzx4xk89tw
100KB,4,263,syhdtdzl45fdhm8g34j1wxzd09qo6s7ug2nlze1rky9342cq7piud75jst3hwfmt35wn6j9c5zo19j2lbfxgk9fpgidnwsgms9ae47tczvhci09pro6zlytbz3ldw4x8
100KB,4,264,aj0evsc7s515avjh2wwwmuzsm1db696ymjj8py16da6faq17aw9jrox23p3lborlwbzoy3yoypxlyeyq3thslu9o38r0pyvp77wx3rrxp4bdq6f0rba7z6ym3hyoicg6
100KB,4,265,3hkuwvxywqxh7mloqav6dh09kxx5yqb0a938b9cfmeosb5dxl1k13d9ml9x0jj3ppq4eo3yahq9ubywbzvfkhghvponq9jrx97vlse1dt96w73mvfh87q9lp4xxn8aox
100KB,4,266,t5npgvysd80rn3facgog8etri7ia20isci1dor6jp25m05jad7umuqz5bnw3370ype9s1hdykv7m9y2k53n9yo6ccvg5do5bef2hj81s27acldofzy1m6wiiqas1wwmn
100KB,4,267,flsh3xz8z5brw12p7vxb2llvfkgy9v02tsts0vbrrmz5ds7yz5u0dzji3dnwvcwdrjv9c6ufvu1wap2tclya4w56k86a3a9298oex6rj2wairi21qvmvm79pnfywn6c8
100KB,4,268,5drmu3dhrfb3ayvmeatp0kyw5qisorktvtucx39p5b3b1yofikpq6l2011tealk58svufb812gpk4xp3ztalr3jnx0dnm6r9e9szht1s9kp1d2bc3b9iqn40t7fxy6ez
100KB,4,269,xyjlgwtfq4hk1ictia8w3gg8g725yfq1bc242mkhgkx4gfucj3hz7qg8mxqvnsccm9khldny0so3pafyd8vie0pmhw7wo5zz2j8m7wyr9qsbbr5uns9on29q09l9cf9h
100KB,4,270,esvz4svrkka49rayedn8anfzgcpto1nr7vd7lw4ff3q3of1moaj79d3d3ep49ei1w4ylt4ml6rs7xugr7szqu0azkk3uwtcbxjcum297y6qi4nzfh0pxyvxnvmhls1zt
100KB,4,271,jm2ndsjsp5iz0rsgsht95pfgt50d3yhh1k3ydr6zrhg2b4mecbfrczbe8zlamx3qjkao13fwfy2m1awkoihe4edn04q2mu79kdmnhfvkbmcku9qeqbb3gwy5eq11zbev
100KB,4,272,o5b3ck0eqm551trf8ptfyfbv6fh4x8pc8av6pppikxs9boomini2yrmbl6xb3pi9whxzp3bzv4gy1p227tpk1hfcvurxonf7a9lg7zf254u0te5x0knez6rc0bhsjit0
100KB,4,273,dcwzb2clxv7u8gvngv2uiwg1y7cge9dq4u7plfqdv9ei46hn938wvurgsdqix7fma9jo348io2ny6stn216ae2lf75f11pe2cpee9mp83lix1orivfc5lzx7g451kef9
100KB,4,274,1rct7sqawblrhzd56am7namzshpl3q3cxunwul53ka9g2d00rux6blc88xk4reu0f34mxts9kjggjmlei79skl0ltr06squwx6kovnuuivu768u32u6vo75ycso678wc
100KB,4,275,m5mg3fbb3zqcgpgrz1841hkxh4edn38be012ghj00awr1x6oelja4lrp4dzzae2cbg9m4ly3ldw7ltyajd96rk2os4k285o4616ob59cl9y7p8wy3plsl7kvj0hdvuld
100KB,4,276,49x785c7dx7hq5lk6ysepc75d2rwjgjcckr9zhk0fsbuqz8ziqmewnvsrtsa7ygsdrgqpfl40hvey636iigwdrssmuxrpiafxnveb0v2g3qerd5qx23uysaiguhk6sqq
100KB,4,277,zd9qkp1kbha0500kg20skpnkeqd5a8tvhv59y0vvqu5dja90gsny8xjk1fytkaan9xazm5on11uxy4bgu65ozl2g76pfnazg6h38qlps1qa3dyr6l6iduh0gxw0fzxcy
100KB,4,278,7s8lbbpiknwn42a21j4h30ww71z9oowcfliwklx0ljupuumeire4r7vxlziaihsp9djjqiprqjb9gbql9aydu5oj9leryda6nyzh2zgjyk146asatezh1kqrqqcnxwnk
100KB,4,279,iewdnp8iozht11ikerbqd96j54rm143isogat5121dgtwwz3o5z689n8sjdadzudsvfmpaodnfkvo0ak2ktugb4fr34blkqxr048rgmyg5bidev27agpo58u3q00lb4d
100KB,4,280,iicj2riubebvpuue85cfmrg63ilb12h69c2sqcpsxy0x5z1gvoxlj1liwc2bx16oj2bbacjsb4qvh1ew6889160vt5k2vc9mxx0y3dvfb36ux1hcmalhoc1tywwj80cj
100KB,4,281,5y4j60zsmoo0p2b09ww0fjkadetsbx8yihcklo6vo3zj3nph6ynsrb76zd3qdfkv8n1rbdm8rzpcvx1oela712dlyxj6a6gzworndl1hj2mhets9s9h1ovd07uh1el8k
100KB,4,282,de2h1xk3ok94btnyf0wxjiy3l2z4mtuxd3flmsc0ogpwc8f36ah3o6s5pssclrngb3j8ffq87c0lse8g0x154ou5n7wvci0ndpgh8lon30d4y17hleopbzifbmg3b8al
100KB,4,283,jibne4maj4cszqjev9udx9p8d2esg3nhncw22mz4lshxdt1a9pj1hyi6lvq2p1pl5wxalxuzeabi62qgdkhydmvvm4i51r9z3i3st6rhw1307wn4dcwvyk20g3eeyfl9
100KB,4,284,s63cnbrnqftejgbjni3rdenwlxekyaovcnenmlnfwpocdw0kiwyw13jrmd0znmscsorx3e2g0tbpskcxx09kfywnf68ljafdx18skrisyihne107ulc1mtgegsg5e2lt
100KB,4,285,vxo8zpc81xmsbfvxj59rryapahucr686mr5wx0h6c8xe3ttniqnat3xmo00e2mza5bz7gfv3aa3zcxzbh85hocakudhhvey1gtketf8mkk7m32vzeh01vq6gmlzauogs
100KB,4,286,nk0gc6r89tm9kwmyxjj2rht18vsbgc8dgysilykbu3vcu66a3k8wwmncnzp50cbf0mekwcihbf1tgxmt5xzb37tf70nwyaoh8akw1ywj4vzlcfw4z3mqs48uma3e44tj
100KB,4,287,ggvfmjtoa1jg68iiaj64v92eghbb8xwhfk2yoz539iepzeqry06wowatknyadnd1ozyz20qrwox5h3xieyr6ef57niz96aa076ub3xl7pzbeailv6t6hz3ji1fg2uqa2
100KB,4,288,pctrhgy8hzxbfy5j892b302qcebfozs2axb74zt1x729simtsh5ngcb40nu13z84pz5fls2ptbct92zum6uvc8wcvtfhk0j1c4nqmai2eeh1nnxo3rtzjuvgkagjryy3
100KB,4,289,ihce432g6ifywm68edq8u7i3fbzl0fx82pypox2ya7qnut00zqrnaogjbftrze98ac7ujw6c9p6dg1mogbd1tzhpywr4xljoxzlht3jheebvuta81bgb94a23jvxe5cj
100KB,4,290,k95o7ngdyb9r7d0p5r9sjy0uv0jhj3985c9ord6r3kzj8lsmhk9xumpjnlb75z1xrydcvy21ymboucur5xkgc71w9bqvkch1gpzh1nrf9opw2btrkg4kh2jull35nf1s
100KB,4,291,bear0jn951tj947bbqjrk08n9oltibjm7akb90kzumqcsyttpfnada6r7jdywmdgpvqhai82dsf5d1llvi5mveyqwuyuywxykp1wn358ksgn9z4f1oks8gcdso88n0f5
100KB,4,292,3r52d71r3l528e925orhhg7pdmdaexsm3k0vc3bq4djfqc0too69x183or4ygzn6efrdir2fvzkurmodjntvmi4wgvwr40hx7denb0qod0g92jy664g7tzoyzmhrlc26
100KB,4,293,fff342ei1n44d51pg6gw58sqz0eokhca9u1uklnjd06qee0q2sofs2e95k9bvg47l3o6ngnxiikdkkj206fnfdwytkf2ws6zo724gi2cbaovi4spesmq4bfbhscht7uu
100KB,4,294,knt3mkgytztynkbitknqcx2otc10qc6sw9ka77zfwdbsd1flzpfgtss9vxdf6iu1128rmdyax9wdip1o474prrcsunoebbsbwi61nvcu8og02elnhj1nk66a59dhiec4
100KB,4,295,3e58ray6nyqsmiap6lwdhe4b7xahbgokg6fyx2jkqr5ap0u2n7ouro0uivjxu9dabluv8j1q9axoz6c3qrkcl9soysk0vb8xl9wnp94trnzvb2rds8ruzcm4izrrl9dq
100KB,4,296,zebpv2sybhvkkx2x8qc9nnp8wwn9qrmmcfqy5nj3vyghmv372dtiz4ed3j734szoxmaue42yhcq3fuvdoh70twe0j37utkv1fcgfm2wgy3tvsj4oy7fmalfcsj7exyxv
100KB,4,297,f1tox8bgsmmefgiwy759j7td5agnp797vmqvou42wjmnqtsxjbk65s9xwknh9lm5vtdr3q2u2fj9yuoc3azzr8hrqas7bp8mv536jljyrbpqulxi64wwqiinquermbud
100KB,4,298,qsriknmiodx55xhdg3ppqvej1a849cj5xj12odhmi0vogi0gcuuv08179lh3r8m2xpasak1jpty8xto3r7w4jw8m9umq1vj826pajw2ncfhwcwepxmdga723x8s5z11j
100KB,4,299,grtbu534pk8vvljiapcu9z22wz8ja7b204dk69excahjn3dt2wzq8i3xn8gdc3dgy0ga94b1hr9ug88p19cbj6ow2ob7lictn41y8ll7n11ozsx0t0qpca4ntk1rak41
100KB,4,300,b2g1aejxv26n3hwbkkzgmdiw2vnmurx208jnl11c44r9z9drcucaqawpczzmewzp1csusnaxay0wwd67twfohn9jdrdpg21efypy1hwank52b9y0aivz54d1u6fuioe1
100KB,4,301,o5xwoagrndl4z4nnngtxkkpk7h3pgdkv2gatuui7w5ho98f5l5wtmwp29eqdb5qy1x2cz06fxhtwfpnefacddyfkdijbv3tgk68cdfac1vsaz556cfsy8637kfd39vuv
100KB,4,302,6jktl0q07t5phc0by2ipejoc4111dtv6spisbhfas2xnom66p9afer49zjcy79e26vxl9mi1khecqkxoji498udbg3ogpsjoyqnwh5jm3k6ajvuxi7p3cc1v5ipdcnjs
100KB,4,303,6q8a69a1trymph6csblpbg7i3pzsyvcdwpt9l8qspf2jyd6k7shojij8yl8xaq0lggi6e7dlltgl64fiv5lsd150gw153mfbt70phkdc8zzkac74ha4efc2t3ypxp10d
100KB,4,304,9jeajwh36fwmzq0saey1qv7fhgy0904opamxu1wzxqiz167z9k9fhrfpvfqutdv9apa5ikru14nky9nmqf9uan6cq4s6ue89pd37n1kossswihiwr7nnzx44upgw7ha4
100KB,4,305,s31p7kmfrueifztr08dw9uq5lsjn2p06w6c6b3n4qmd0stumtrp47jlj4k6qbk1ybmlxya4r9p4w4r6n2cpqpsnmx9luhoh1hjoukfa0oo1ahhv20o4dvv07jqtq5a0b
100KB,4,306,y9ndyqtjvn0cfl1dtp3cyd9mnafrcehkbksiv8p8453ouicnnybfstl7leqafla1ntumbta30cysy4xx6ctvuczswdf4i6adegq80zjblmd6bwpfvauhr6kj63h5y5hb
100KB,4,307,u4rb179irqm5m8idtykw89dm41d33vvpju943sq8fmk293scteicbe4qw2sk8cdevctiifad8pytufitz5pmmmuwht65w1ehllsbh6fkdz6635oty8tiam1eer533wl3
100KB,4,308,h1l11hzip3jf7fl8xcy9jxaoitbs6yr8weamcfwaddv0ajfi55g7kmoqc6qjhoyo58fd3bc17zrfz94kkfhfsa5pwgbq45yiqn0joylx0bg7hgv3wp2nwqtd0bnkn8n6
100KB,4,309,i5xr63cpnmkvj8zx85x416n4a51trxu5qqcrakt5ha8dvsq30mcswvu2nym294mpy5et8rz37eu7w480zcvz0zo0fm7h535n2zpf3cdd2j1t8ad1mjpm024hl3z1aywg
100KB,4,310,xatre9giugqoco1kww5va64eyccvlfvfj77g0i0majrd767dx1aktt86w8yt0uiyd2r3omwslpvbudct57047sf3f0k78b2bru8086zros4ppyvsjfjds0usgr4hq9sg
100KB,4,311,0av09yeyrtzorft19qlpwl27khlbccufg33hfevqehdzh0bv84faxkqgtjkjeoercp1smq5ta2zhp2io03qolkow076he5bvpjojtzddbw459n9ls9sjcwiuatmtbzce
100KB,4,312,vg4k6gb2sdyhley04gtsrvi3wdepchr463m2b84qrd8zqhhuaighd63v1ee1x3idetimmhxyg2aufahk4vqp7x6zcpcajh1m89c6s4bakmql7ktxgc1wzsx7orar4ai1
100KB,4,313,lpmv9yefoye66ghwb2235z8wbwesb6222d4a7ffdpzsyr4zdtr33st2x7uzqpljfr5roevq12xtc9jmc7i7gve2ocvctgcbpmxdfwloet2gjkjcv787cs8b0us020wav
100KB,4,314,flxg6fcrmpqjdk3kgild5s9bit6m9qfi0jfuczo08vkibb9t3f85mgu0xgb06d061g98koynrb2fpnw2zinpm2nowc4dpcrjfzzsnh8o8u14aez7oi8noimd1io9n2w9
100KB,4,315,m4s03key72ft5ccyfkwtn8dpyop4z2pr8tjmba82y38jdgccxhn29bcbh9ql0d2awsx35vf2er2k64lexzdbyemkoxk6883m5nf1x0zo33wtglpks050e0wt5folhuyt
100KB,4,316,mj1zay7whinbaj23a8eqpvedqugrd70tsibmrf7io4w5y67m7qarxgyaqs2e8d9avig04gwsov8qwgtbyir9wrmu6np8p2ewwuxgkqylbnnoit7tvse29kgusb25mtou
100KB,4,317,dpruwiay0nibf25kq771cr9dfuededq6eac4eepjhufp9y2zma6gz2e2g45ojcfv6r2u7mddfp10hxbdy2z26b1lel5dh4xdtza5mqq63dd4nk4h4wr7rjkuc3h2iwex
100KB,4,318,7xp60uqtz4l6cbxcp307bpxgtk9kmm5l7zfbdamthm9u3ybh8l394cdug7efp9z80nhx6177e83ods2lldoyvpjt1wry213xvux2a1arzvne8c2xs8ondpqloqqqmnyl
100KB,4,319,3zdnclhpr6eqe8e7mk72i4uzpzksca7whjgz8q38hzk37ld0usc86jdq87bnzit9thiwcedxxvstiecjd3c5mh2hldv2an84tjp0avmtcikh1x0yepcpk6vavidp5gle
100KB,4,320,ox0dhvbhb8p3gnso76a31up3wsme253vg8hilnibiqo9rav9s0ew266m3mqmug5ghsaqtwkmjc8mtqd3d6wv7oeuibl1y7m9lo91n30qxw1ohbhwgdhljswxbk9nd0b7
100KB,4,321,cn516bc3j8rgv1yzodep0rvrr64rdn121vzw8qddcyzpyr8qu665n487nua245l2lq1dw2xo977balisr7awn43l7jtxm4ezdwhq9h87gjmi2v42dvkyipw6nte3ujda
100KB,4,322,685p3py6stl8s3kxcq8c5u7q2sqbn0csrif5tuj4ukmmv7pbbkx9bxrzs1ffkn0zxfkmp4k2zqw6op6zzmw8y2udzobsy5jpyc5l7h6xwvfv05lzsxk3iy1e5nuzndtm
100KB,4,323,trvnmnrtdnwo4tv7wvk8rzi1n9o4n207on5azwwydqsfx6rmkk28110y5c2rjbxtufrmcsi2danjx3odyhf7isgl2zyo2bs1hey2zoqgqjzjtcwlhnwx35g6gx5wlx2t
100KB,4,324,ctjcdhgfreu1rl0x7u00fs6hk3i53z8mqenapi651l6x215lp25u7a5v2wvhzy6uupiyshcawvhyjigh302qb2lt30d8813nad49atx8ng406h8xhrn8h21a9bqllebs
100KB,4,325,219sje6vctkyl50qqmgiytvjpgms0xgiv23nygam3fdujlerhqdsapvug5xvn8y254hgb4qkdpc13unezjaj1j04a7k8378c5ktji9swaamjgr99w7w199fdgmasi1sb
100KB,4,326,rruu6de58asht8ija7q4kmk5v7hbvnkec5jjuwsbvj80dhxoa1giza24pqczwnaexa9477kb56r56m6h58jvz6ohntojs50dy3cvbcpwqrsy7mw4qbxycijzujfahesi
100KB,4,327,au7ammnracl8qzzk9rn3sihj79jc67hs2ik4drr2bgyr3ztrgj1f3cridtdk7apglaklqgtxcudz6099hjn3256y7ad6upstsiufgk2d9vcl3dvcxkwrtz9sdaewfb5l
100KB,4,328,qv8ek1apbc2yi9fl0urs1eo0sac138fr9b0m8xdov32z0b8cq4u1u2zmb1z19fn5g6d2s3h0r97o1jeekwvzqksfnkdncs8b4w5d0e9mj512domtwh9p9kq8v81mukqk
100KB,4,329,7x5b6y2mju7vd9umfgdw9advkg0bxovavegfwyctjsfglr7syesypaxayvz3fh46gxvyll7scbrpcvqjhls8akaidqv8oo9m3mta6yxsuql6sysgljbwud718b0l09kd
100KB,4,330,hpq4l0lnykuddukdcquvoo2jtsp623asu1ddqwvqx2u9ax3vn5nkkw0wu2oue6zw3my089qtkpfbv8nalqcstrg7u163bcvzhsqth89qt9phdtozwba9glky4syfup5a
100KB,4,331,qxsebb3ufbo9sx338y59djqpcbybn5im7g8xddt0w0ukssx3y0us88c4bi56p5b40g4id7v15a3llif6bzeii0t2o44zdhfeef33w1myb1nxxoklxrbk1dsl6we91ia8
100KB,4,332,1dscv4lamp0jjrsv07u7h34al8ood73dsd3hxuuvy19s0670pagblo502jkjn5fy2q5i6oebrkdh04gnm8ko0v6hv45ff3v9q86jxzux9ryoeoumr54q986h15z9z5lu
100KB,4,333,95lgrk576q4kc00sgpksiwltl2cklmolxglr02v9tks94cxf8lzyeswfs1cqdwb2iluwc8ef6sesnl2kvi6wc376gn95ipd5drnt8wnbg00hs6fls7jm6xq5cgm53n4s
100KB,4,334,s2nrajw60lhx23j9rhqlp49iavsyxcon247v0th9dt0npfm3qy8ylgfrytxyx92bg7sol8p7v823vx5ll6lkw8igcoim30gmmheqd8w2d27aamy5o9uk3s1wusvv0dtn
100KB,4,335,rzh86u1r71nf8piw66p70wydapxy2jgty81ptjy8ymfqw4tmd5ckqvjsf6lonsz9z4jgbb0xk70a2ve8vf4geb2kfbckfxg0fh3wdu3wd0813rjf9qyuibln83cam25q
100KB,4,336,3ppyx9z9rakmqgh4voatiywi3ndw0v3bxid7owutfjc9ua0wbl0vroqu0tuwol30fgmxdfowhvtwoy29gwovc7okwbzf4u8fjpjmkn43g7x50zlarhmijlvpqr8gci0t
100KB,4,337,kdo0za3c3chaqd1wpdfnpaunbk5zlz70zm50m6bed5hy0wfrwvg6wvorgozw6vimbdp868l9e69sq28x28yphew0ungrqkvskf8ug0amftpv4evo3q3e52o75bbvk2l2
100KB,4,338,jxmyqu7nsq5kcwmd4l42zfchutxkr5ix8owcfhrk9lupdj635513pcnexfr0szl877vylrrlk9ajguowz3ijfmrm5yb8deknoedc26zju8qh35be75u4m8nag45svdl6
100KB,4,339,d6dep8m1ifem3hpc9hwzcxbf2orvzw80slndcycm5ilwjlb207j5ra64pbrnod4inde6k16q4cqon5b6zpf1xz4s2onem5jn5fhuj7m0p52ilwwva4fhcs6i6ee39wqu
100KB,4,340,i6vlboaq6zoxxa4k196jsy7jnqqijxsu9qlisd55unjc1ybs70cw6dv3ctuavm6jw8fe4evmae6r0bhtymnekpmozk70qwbai8lqmq7rgpgq9afo1rr4nfv1mgyywbvp
100KB,4,341,kdhejc8bmloj0uw14nrhsfgsp34enwh9w5opdw1yqm210zj45ghez0yxqyyprkzsazcdi0nyl8atgf3nsgd8tadg93jtkhy230ad91mgy5qibt8tllqjl3e9fhxc8xm4
100KB,4,342,bpmek0tr6xsm9jvk5mnlviyhwvcw7zwdzhwzcy67x0d2o706oqm990mxnktl1rc5dp15wcyu6b8io25cnathy2768iu94816f0bn5dlppmma0wgp491q21ipna8v6k44
100KB,4,343,i5swkgcthf1gtq9evndwx4t8u4w69yln0wc1bdwd6yyxcb3gm3m18ml4sadtb5zwd8dnaa5dhfc2tmfe83ou6s5c3z1gn3wszyq7mtrxhiwshhg54z763twf9mapcfj1
100KB,4,344,ksuswxb9pmupwho089tvjz2i53cowjrf968d37n11vpfkera08us08d7l5npkninh9g0ktwtvti5l0zt555072l06gzbt7edi4nhpxogjwg8z1ay60iatcuftrxcdn2s
100KB,4,345,uw5ymiooguznngcptcx497s5tt6fplinxc5vckzf7blv3syg5czqhdezrb4dka3ty6gma8dij9fv35gbsybf9z0uqekfabwfq7ss9b0o98504h3b2pdaw9abe5tv70l2
100KB,4,346,vb3sp7dbe126bdfxlpiyi8bcsb8w4oabuex7oe4u80onjb3vky40eo36fi1l92ebojolimba9qsgxa1wcir2daazj741f5gifuh4pypygrdoha057rwewra1gjy6dhww
100KB,4,347,xw29mb9qvdmzl2eya0f4ztb3tvtgq4og3o8qj6k9621n1fgtbtr8n3pnllj1lhof3z2zd9wbcjlebcbtthjh6wqxiu4qvbrzk4pk8udzt8m40aeq3u4bk460uquwq1gc
100KB,4,348,2q1ur8gnkd67t53yr2z4kp62ju1fyvbufy3xp6seftkgyp3zbgwm7r6rmrs03cji61u9x5hl34tevioo39gluiq3aue4ugy0fhheza64kdz83sx50cwc0ewfeyb3512h
100KB,4,349,12iviqwdfuhyp6q5gjxm4tz7n6jmkkj4kzca32c52ihtr59o0bdgmrfai7vcoi1dmonbl7uwcch2oq7smo9icw08lojemh1riawbl0n5f9pnv05hakhyxhtym3n9564n
100KB,4,350,boik74bvyq9hu1ka6qssiu6lhkr4xqft9pb99evfojar23mlgq718ilixjaa5blotybk7p7plndqj9v14s98xwtv27rdszgfjmi46dkmlho1dia2m6s6gf2adai3ra0z
100KB,4,351,cb2kgeah3vmmsayn4lu8decrly77o6so2pcxlzsuf2hl78z10mzuo51jngvey1qm0dripnegcjxotl7myr09ycae7oc5gbte7k2d9cpkuq3k9x9mwle56s2te17905n1
100KB,4,352,50bloa0f7qjp0qq1mcdu3vtp2uaziad88ywq8qrk6usjh3h8xsug4wmbgul5h5xnrcv2pdyyg03wiugk8hn8yrhlwud3incktwrgbzb4sjwx0e35ez0jmlvltikj9j4c
100KB,4,353,m747q38qtbdajwcej077cq1ugl4vb32n0fprdboooz8pryw5n297ivdp8gsozybufz0jhfnpw9vxg8zugfhift40hxt8cuhddxvmj5a85uj0yqs7pln16y680762lmk9
100KB,4,354,uv2kanchg2g9nda7m9ltwyq90pw94nl8ttrykrun6cu824mrq2nkw8wm3mml1vjczvr70s6ysd8h9islinjyifzbderg09z6g2v34zb8m4p95jwr5hei82a9zwd78vo4
100KB,4,355,wx7jgccrh7465siz6obis57dp9h8s7at6zcfkdb545k73bfa02j2j76o2yhhr8zcyph14w8679rv881zegpf1r2wdtotjg38ukxvnqpd2m0y5v8cvz37ae2wev0bvbnx
100KB,4,356,gzjga7gftuhkp0itfnxjlnuthqcgbcqg8qs6vith18rgcr1i1g8q1r0wm3jzlm5icw13drwpqdr0p67m8i8ewda6go1cbapcyoiffejwdmensuixvusadsof45rbfgff
100KB,4,357,stgvpg8zyc3066wxm6oy50u8dtdocaib51f7b754drxo8upuoay7tejo68wq8j1o3s12ci4f7lh5qtm6adhrz1iqs64ngkurlrkb44ddlt87mhf5pj1jzizljx0ddypa
100KB,4,358,ni7edhjdx4dzbbyvk2vc9194u6zfgwd3tydxflx971lxm82rvxdrsph1pjwhzuiqauctudm1l24jd8bj1znkm0yzg89g76u6srmelzsflk9z4wtjvr9zy5py0y5epq7g
100KB,4,359,uaoqitrlbg8l3wzsxpqfkaqqorf57akhndjmrgovbi5smhvyaro9rwad87rvv79b2nav7r8oj3jhom13lxtuc3l0hnrl53vednyzfk3tr4eosbud7f0rwf68k8zqe3u9
100KB,4,360,903drkd2x6tfva1ds6veg87s4ynhsdjrirdtqccrjidyz7981y8n6wvpxuld4qv3x2x0np4f9mvenng9d5r1zs3kmxo6djg8zsni5eyn4i8iamk8agnjdan2wzvql5ea
100KB,4,361,szt642onn1b9xf1z6ub4hktcqtp6a1exi25dp92yesr66cdudbrq4hmbzg6cpnoplako0vqtg9uyp9ip1apqju2j0qmih4tsqgperxz24ftcbn86wm7zeycltmj9aopy
100KB,4,362,9ukbwlhkjxfebeqg9dd7ckpnbtiyvt5voxfh1m4ssm6d9p801jan9suvh5wcadjbn3f552ncnrojnx3ulu8fo1jxzcf7ia9xgxzs61fy1rqlzq263eijkztugvy9rnkz
100KB,4,363,qa4xwf1yrgcsdpc9zwpqis98z1yuoobkxtd8oms5nsbagifhlmc4yuhyh2yfjtfmegmse2d01bvkh4a6j90h6f2rtzqsl6dp0esxohescppye0v5re33gnp162rdan9p
100KB,4,364,6beviy39ae6284lv1hxr59jh5ftbndqtaa1ldc5m7e81aogi40ue70vkxipp599lh1atk9fjx1cg8kjqkeavup3q8te3p9swwked4ekm2cx30pnefv9b4wokgc44uoea
100KB,4,365,zycku9tv3ihfm2vwhr3977798cz69cy1eryawk9gl09rhee2tra94qvof44qt6utjutpfkpth3c37awx0emssr2y6a0o15epftfqkw4r86q27w0k5sm0d3pt44tgo6vr
100KB,4,366,829i1k9lsbsly0oc76wzf7ff980sqdrrnddnrzwzfixbwizdehb52dj1vvyammlpig43ha77wf9b8ml33xphfpda4wt8x5pi3r3i94w4v48tqvwuy4updobh3ciqyad0
100KB,4,367,5wwi6sktptl3g57cg81ns8kifq06unhogx9yc3gcdoviln95v1ss8crqpdlx82p2f44nghcc7sv8djkn94yv8760a5rc2c34zyarmowtyrsjbu2xxx5qz9a9pxdievud
100KB,4,368,j6ff0kpb6pmeuq6trd8z1spebk26wlk9hchiuxe5wz9evtgnsrbxcj2yy2impkoueak17lxs83bvyk9hfpkedm2jt6pd60jicx5tlhdjki80i7v5kusac2nzq4440jgy
100KB,4,369,lg0q108uo4h0klivuoomrcrkqtjsxil8it5lxez2gbw34vj7mnj223v6nsf2i6qd4wr293glgbqyeuz4thnjav0s5bqb5mlreq04xfvi7wqg11gdg2gs5h2y3wyg64f0
100KB,4,370,27z5ifpw06waywia8tean0dn7gkl0y1171cd39nib2d7x8eouvuhts8ofoowwxkmajvcgw7lwhmxs5xmxy2go7nbxpx18fmynaudfkk5m5whlytcev03t8eb9ok7nn1e
100KB,4,371,i4jdvxui3i38z7iccmdz9sy9vi6lfkuzui6pjmrx28xxfxxh3udt6vv6fouah7vj3crp0xvwecpw4oejg2xodht42ab6eimfm47fxqy33wlal3r7tei97r5y68wbp1ql
100KB,4,372,cx6k4k8ftal5afdez0proil9asrffe507calzgpomhs72rzc21bi6mgxnahw38pbtpaj6104htw88rzz68exwffqfpa69w6rbipmaxnk9ivt6ip75of0s7yb71x23i5i
100KB,4,373,n6xygd2aptckzndav5vbdjaaaf8qeo436zu06tfb0zsx3xlkzz7h6vc2sfe29mn2f8rx1s3uvdkhausdvb46l5ik43yrilg0dxfzmmii5hu091ecwncxockwv8wqs1y9
100KB,4,374,kidqw35s96erbec5bxrlx0fry7mo1q27lpbwx5jdwyeqsnbfiecopchjpf9c5qj2bn73o84kyqh94pahnaclu7yj7rc7skmkv7y9uj4bztov2tbhtb46c04bgankhc9y
100KB,4,375,mhi77yjm303k6z65jdjhy15dxa1eo2al0x90t47ta55h025mxal97vjwdc8k7u6av86a17247ope52wpmkbsfwxs90capdp5e1p7we771r4nph7y2k0pa5a3b1fmmlw9
100KB,4,376,9f4z8yas6escczlr49i6zijffbru5x8evrquefk1pjqla1jsm45iiubhnpztnvub2n9hs5thp8totl6w92j0p2aghs9c2rw2lrrbhlticrpkf336i2wggxiz4ni5zzvg
100KB,4,377,ttl6d3a0vaqpa17ccuczw4uydj575114bw3d4ura948eurs7g5bgn4397pm98ajuqjaclmbrttu036np0jo5acduhino5o20c4ffgdvae6km8p9d7cc81v19p1z8q71d
100KB,4,378,dki6wa9kj117ljpwk3t6wavfpkdvki10t3yx54z2fm6j2ga8abuhtxagdwmw1adz0u6q1fjfy9g7c26bpzuwjbpefvfyg7spxnf96be4tel0paeka0bcvff56wicmkc8
100KB,4,379,rpcadgx564qqlyloprbqv6aqp11u0h9wlsfzd2ctdy5rgqr69e3lhfh5t3sddxoiab314oxoamh6azzmkxylz41sxyqki98zmxs8rrfl1plb3usco2dhyrjwni7t3m4v
100KB,4,380,eu0j9dadl2qhw7jfgaxu1nnp17sq9pfkeguifa1vfwuy2hqjmtnpy6nb3jvmy2rvn1hf2i1dazxdpumkdm57r7x5u7s6guwd4ss65hibopca604rolan5n08ng8q0t0i
100KB,4,381,toph33zqja6zaee54yb9jwx4h5enep0adr73xv9l4ln9mvucxcfwprcakcl8wa5ntcni7y8hugc7s3nq807zmjldoyzgb358pv79ycqqv805csmxl92k6el9z3pb23ud
100KB,4,382,7130dts3eif8zywct83ckb3ul8g8sfn12iciornl61dn8vlww90drh9y2421ymzkn2mkjormuwmsk6nrl0cb1whdqycknmvcdg7ss3eexw5szftwgb5egysyp2vsn1o1
100KB,4,383,emcnk70vaotjl1f6reqn3zpwufiat59amm0cvyfreanjfbz6avad1wyel3av5hrjjz6zexjxwz20fzm9gc6uogphb5b6wy4fwmto3bg8fc20cgn02evmjlycds0f3qhu
100KB,4,384,v81977c35m188opll8zvr4pq5xy910bj3er9bfl3ff0jq0uoe0islixaqvhrn8ohwp1842zc89jrg0j8wt6w38l69jevszmzr0c0wtsetcsqvzj9ijxm31syflh8ifen
100KB,4,385,8zh3l7o6833g85f2260efthbxushlv1m2qnzc73kyt0lth3ixrha85mg4wcbdlhvtid3f8r42t8iytm0nhaaoofaqckw5bh70zins0oo5dbqatkdxpdpd00dcuw25bdn
100KB,4,386,m7qd7gb7ezql4hcge7cfzh64ttm3mj5i97p1j0sqt39moocfgx8js1jkabeemzyrc53583awvjvgnix2u7ekivo1cwn72kk1s27k8ykuzt48uqr6sjj7xw1hh4vf20f6
100KB,4,387,ysc3pizikdep5ca36x5w4dcctmpd1q2iqp9p24hlbh8gwga7qx6yocq1wc6hcxzhj0t9mnti7bhlptn173o7l2nlvu9509x6ce2c8mjnwu657p6qd1j95ngkfqcdixoh
100KB,4,388,fgtibpw31vsaneuokjymqsxksgo3gzxpo6vgobygcupgme0x6qfh7komczomuzvzpzjdubruddkhf47i48ptpko7mr092ek3eaahec8imwa719j0ubpyl2ckfdoviv9j
100KB,4,389,1wrmm0sbrokyk7z6ax8pb8k19kkyb6vk7dm6fa1wjztucvld2kuiinyj7ovfnebfm9x495zlsafn2z52vln3dlam3bp7zvf7vy7xne2q28rybn4p5f1upld4d18l36n8
100KB,4,390,qj6fj7m66a3f1frwzu4xc75of6nyfq1tzn256e91f98mh36bfyu566g6ka700fs69rlz2e3294xg4s7ay4vztotlmr4y2q0xhvorhuznixrkkoda91l3wgzb9kux08ks
100KB,4,391,27f68ire8vx0hiko624xruq42qrrshct9mc0nzv6d94zkiflbheoksdtrw0cqis1wql5brxx6oqfrsll1r74m83h6k3lxwk8va3i638tpx2x1w2ec0w5il97c773unh8
100KB,4,392,g577ujc2sulsh7jb51s6r6jzhshccqwqux24ev1brigyz7msrkry1yu5uyzx1uobqrmqbfp194plahzjrqfcjxsvb715kr4mqw3ug8gfj2mi4ei3nhpudmqksj5yd33x
100KB,4,393,gknfhb9i98yjkusmcdkk7pz1wju01muln1qxdrjygj6y5s1xhrma1ca4yqmqdl1431hy3jspsg8r4m8aaiae5d29xjogj3yxyzhosneyi1bsi6l3q7hc1bzwjytjxpd3
100KB,4,394,0b48hoj16vdypb6f2g052ndbqclaobckb4ita95ug6g2qa8wnsotf0tieihmgvjv9lrxdhrjf05ty4x1x3mpqir751sl00lvbpqgj3w3bq7ckhp6f0uzxhm38r00nct5
100KB,4,395,047m7tqoxn8m6ouoz8qe6o3ofbh0ut6b6g1g2j0d5xysmj7n9spvx4a07ogdeilftwdo26gwxnxmyilq7z8jsx6l10y3ld3eecdqsgtin0c612a54b64fctzq3usrmu8
100KB,4,396,p50o91eyaol35xig0s7nqpcahe5tt36ex3wx05go0700fuajjn4qxly836d0d01dr3mdhqtxbohwikogbvgr4o364gmpsd2k3aw4a6n4carwborzqqa997l6hpfrc8iy
100KB,4,397,mb6304o9v2zvgv0dgoxmer129k5nnsjukow08hxp99dguife9t5jcb1t1tnzqncirf75p4postlw49qv79t918l10f1er62mvtlh040lk47qbe29e7pn9z5woy7g4xjh
100KB,4,398,2nsv32oojyvtdj22ket41cxznbop3pa4wqc3aplwz4zrqy5qpn9eictm0wj6euloe00l5p5vuz6m8bf8ntcqp22ykps2l9c46i72uj1a1v8dpyclk3pg5178av9z5ma9
100KB,4,399,6vzjrbqnvzafsk4dawwu6tmmpu1tsfga59ndadn2t3yox4apilyu4zuhbacgz5s7qs0ez5alikzna15f1o8vwpigdbddfev4o0kkvvx410c9ts656y1zevzwkiyff2ru
100KB,4,400,ja51ato44ewkpqxm7pf8mtwqhm7tecnumhlrjg8u1npvu8lbgu9s94vh2cdjrsho2nv8aymqvaz135xlyac0rb51sj7vm6yd2kznq1fborfk1zw3z9xv80dktneukn2q
100KB,4,401,9l7wlueh2hw2fkruejad6ok3b970lfcvpisvpulnjxy8dxz6qdl8tz4t3j9sqh6y7ze1t2daqry0lyeub1ecv7pdrm5ttgl4klhqlygn05wrjpjnsnzfccwwhhvo16hw
100KB,4,402,5ydaueru0izc024358yd46g55gdjlcf2hadh9za6wxx2632o5s05c1iscukfvl0cyh76z8t4povjehvoabhy1i1knlczgkvzo1cuk1ixbsz0c5apgikrv9su33uwwmgb
100KB,4,403,zqvin8t8auzxblwkryk3qs0myno9avbw9x2pn1vr515smxr5fj2esyrlctyjbz7ihj1ugx7yzpx6f98ildm6grlvf3n1n0nqz2hfnhiftj1jts4he2bacbi69h42qv0a
100KB,4,404,3xo6d17zu723gw47d9kk2a7m98ohnivrzp5pmi4is8l2hvohag5n2r06zyyio4j3mg0rsgvj7ti25mzg6h5eoiqwu2ivlm39db3k9stc7ebbb0emrjoedim67j1ddmo7
100KB,4,405,cr0tf2zcv1akyvo3as59z4upbku1gjyrdtosjed3arb4i98mqouhf0xcmvhc1ef7u6pjjun482hhltagrk6sz60nnaximuyq7yejrm4nr5mri824s27dhwr2d3bik8pt
100KB,4,406,690nk0c0v17c9wycnnku036xseh2mx5jlozui94arfwascalhl8pac6pm4kid7dhcnquhyf6b1mcm13d8bwy16ys26e8kgbhhoz26rno95xxkaqzb11swwzphnc2sx95
100KB,4,407,oducxshskoysfxgss9zhm47u11nnswpzi17h84in6xw5x6eam7dy0ro3o81j7jifu727dt33ukms4etee5xysq0rnb2pgul7s5bfnyb9m5nzgkkqy9dvhxwjgmehld6t
100KB,4,408,kys8kxcd8gd8e7kcku4d2jyikm770f2ufz1ck97vfealwywxby04xrl0fzcqku9jvypybnkwm1gm063t22tm5a92bu5fvimktmudm0w5m0ou57fmx79anoj6atb1i91c
100KB,4,409,8x17pbqrdbztcm3agac4s24qfu97pqdsqnspmy7tbjbsvbwkzqtomh20wdp4ueshgj9egsi7pxckp1uafkem0y9du5ymlq4c2qr9cgdy5oo1dy6y70xxdwobzewrf1i9
100KB,4,410,yb0m9zk8sr13033fi1xekzkfhim24zh9tm5s15dtdm6ah0sibf0smmgkafw7wdgsrb9zjg2d75cl5ccyvczwyjym7nk747vq9avnbjxm08zazch2wlw3nqhmtxexylyw
100KB,4,411,5h2vrt3l7ndhw3ku5bx1kh3zihmddhhisns7f2bstie05m3e1v5zlmqj0ghavlpqujjzi1fj07axjzcav5ce5a2ti330sbcqslkacwd7nyouqeztmqvgbavasu7axyev
100KB,4,412,u22hkl5vs8f91xlfubdr4nlubgaakikgq2cijk2hn5w98ujt2w8n94ybnvctmrx46u4mralsrw1ymn16fi89fzb672fgcy53bxtnwtkx3hkbepx18ddktlar7kg2h3fb
100KB,4,413,e3vsihfxjcotw09gp8qdhhtd10gssdm7nk2kipykvl1ixfdvbfamqvly1qc2q922bplqf2qla2cpaprfjvvfj22mhuj5p14dcx91dagot5p9d9px2jgaba3xsoxjszyp
100KB,4,414,jvugtj3kd3k2l6r1g7i95af144wmsqkz0kdghy6d7vthepd7ab4c0bnbme59x43f084j5nplq19c3oaxi8azlo0agu5p2zoozvqdtc06thm1aaa9whuzo3ydc6lwkyox
100KB,4,415,0ckuj0vo4d88by7vkxwuk4qzmlx8o40l503pb9rme6u5yd7uniiaaoulufoxy4w72382iihavsvoxiulfx5xg2ydqjd9eaa6zbcs0vfm5msvmyw9xdn0lktda9g4q8ni
100KB,4,416,ofdcrkb78loi9zcy5f72zyl6ibd672fnix82w3q9c8hdsw19rofitwv3mnpuo1z3b0wtuanrwdqf4io0fed3jgghoavw2v5i96dd2awnckrfr9ppr0k2m5ah25dq78zc
100KB,4,417,1fosb86aj58k8a1gkzrj6m0eeiqn1xva42lt2a3ogzavvo2kjoco3vcynf4kjcledj9kyvyliyussyhkg9ldr2at9dvortppfal8v7gu5s51bwsq9076gwmc3q96884e
100KB,4,418,a7tnwoy5lpl9zsd9laa368pbobl1za9bz0a3s5fv8051t0za1fq7kmnjmipzgbahz5npfmxn7tbvfk3excsywdddeu7cma6aaqem390xzcc38vwuoy2qegq16dxqkd53
100KB,4,419,undkpmp7nx1ki8vs0uc1knwttic6zwek47lgp8mcdd8gqtam5d5ql41iv176tlalzeuhxa70voy6q95vf5s042s9sqjrvr1g1bnuesoytjf9tf3jenkazepxh9o5zjue
100KB,4,420,xlf7z609q2ijerhukzzfnqwhdtx8lsrnf0k8hhphcqyd9v6pjvjcodjquw2nfv6lorgeiw5p2jgesvckiyl7sns06y13c7b6jnvtqsnmc9yhzmi683ihvsin0shtynzm
100KB,4,421,n4ixb3bngtb4x9yqwcpvhqb3500xyxlunix5vx4beqbjv2bgd8sl8skdznosit8ahtjaswvdbpggk55puad3r86kvs4fa255zg8jr6377pzcs9fc8zgfbapx0eyb7o8b
100KB,4,422,cd5pim3aadx3ipd8khp91y7u45gs4jy6twurjc7lk0g9z1x11a21jkqfnxa0aakf6z1rtn5gye2jg8tlt5h2g43laoem12xsp004g0hbwigdgb74mblr6df91ksiotsr
100KB,4,423,ab8958aphr5afrqmxduvq1xd2u93poy8lcsj7yssti8prqbhirpc8b9mm7ai2n4tos0ma8j5sdfw6dfa01w07mm704kut78i5iavafn7i5fvqzarxis25nkw8gvl8iqs
100KB,4,424,dh762uniczjn5mg7gmgrc2slffves4k503amoqoesfjxsepyvhb1btiuny5h1nm95p714qjwre2tm34ncfbidcce72asf215v1hu3uehh5vacyb1ofh0ioaku1esfs8x
100KB,4,425,d2h7n2f4fnf8xrga8nzut3stglwgs5n1dnez22dwhi59yc7r9ruq7zxnsnd35362a2zbwwsqp4on2ojbrqxi5h6axdb98zasc3loflqduyikri1dmf0e46orfyle63ge
100KB,4,426,cvw8gka97vp9h23zmeb0tivohjxv8l7rnvfd6a2pzt83j8yjklts3h8zmx6w0c4exbalowqekj5j0v6r9pzsqgzso1q0t4hqmnw50tkl1apzemtrog8valay0gujgtuv
100KB,4,427,61hyatreap8klcfskg3dpsykzcxfdvg95oabc91y362abzwsecnke9bk64g26y19v2252trio7gv2gambi9s1op7ckp1u60tv7tu7ytrwnlmm2ijo6zmbenqt1c5jkwb
100KB,4,428,y5msms6dzedvyp58um5sentp6izo3wcfnhhbv288rgefacfljk3ovp71xauk3v6p4ivz7vzjzt6yygn3s2l43vkv6qngzl6b1k26xr6uudq2ccvzgzomn0ewg771i7z9
100KB,4,429,6ip82jzsjwn4a32zm8tr4mldz9huxx184mqnd8a0bwnmc1fg9wn6lj6oa7nr5aucbn64qtwydot3bissmhdx4gg711ev20ec4rfjvp0s3135j91uba5n9ytwesejkmns
100KB,4,430,ehuquynbqw0cj7a9f5mm3de2cwp3b2xt93rr45yv1i9acp17o5uzzeiwfnje08e23vi9f7nq6a5yc9zpk316p7mj81gbgdcq5cqx2yh59uzf9tvb68owueppg4x8zs9h
100KB,4,431,1uxqggtch1m2yqqjjrmwdngme48qn6uo2yl4qeplzg7c7poeew3izzcmxgayg7nunhey70ss9q6kg4ya27bwto1exg5c37pqpculjii0cyps1f0qxj778mubv42ybu93
100KB,4,432,uwg4grqht74rjcdq1q71mxj1g7v2jj84h7w6gie2anno316dr11i7n0baasi9b2xeycxcj8420hzlswmta4rxersuyb5cb1kjg7i01rbzp61n5v8cuf4mjv1n5mt4fif
100KB,4,433,awsqcgdcnaueyvf7lfln2otch92v4mtdisa2y0u4873yel6tr7gcj1qvyvn6ztsrfr8jlkw4l32lhhqqwijor1111w4lsix7vu5mi8r53pg5r0vb9pplqqz7ppg82jf2
100KB,4,434,7v5cuuac4am4b2sr5xgtgtifh8aojptcw7clllcspljb9k7ydf7zc1v6e2fkz053clmp8hwfd1oa932im7c34pmhagpr50jlnscm3121xjljflvs952smbqo9j2zpaqv
100KB,4,435,eb138sx5li1sm688obqxyti2a5b9zddzga0gio31vl2iscw5fsm9gysvtk5w5xhaom7azxakus47ghg0ml7rj10l53vi40d73ln8mdgb0o1c8e4z5krhcmms0vj9af8d
100KB,4,436,y1wrfawv21dm4tz04da4zetyfqd0lyp5p35eo4z0if70frurmuoep3qhegpnr9oo3bvm6bfgrekdtea6d5ksrom2bar9qa8xqfy0pbs3l0o9ckxy294ubceh058maa81
100KB,4,437,udflgxre259fkt5nqn70a8xbz2zblpbw56wiw79qbrpk9o22ttvxukxbg231umayz2l7xm8obam1rzcpcds0vthbdhs5jaln5xywqh4koif0myl32gpr88n9c60dimse
100KB,4,438,pbsn1r2vjlagphpgci7bd6zkfglnv163b51zgpef4unafass0uq1p7wsqwp3j9ihrujgbdyc27yl1v04a9dtxjghnypoo83zcdw0tvgm25fdpkg8ew9wmyqk8ritd50j
100KB,4,439,s8bxymmf5ay4qv4vuew0ngvfrjjnl6ib079pfalrcw6se33xdi5dnvvgk40ixic3d07pxi9vd0sw2c7i8z3cgkxaz5pz9hkh02j6cawdvojemcbig1fgqcrj7s42p8ao
100KB,4,440,e0eqbr3g4jru3hs2lxjsu3vkxmi5ht41rkduz5d0ky9uxofs6na9dm8o5ytx6b47d9j40lj2nz7l612z02d7h0uusb93j0316pvxhfujq8yezjbx1h7j0poasxx2xjts
100KB,4,441,h6mzgjx162j2528y7s2dk5cvl8dfr2udfar8jes3a5q078o83v46jwexwj8fj24hk3whkjipq129va68g0ge8sjod45y9ca1ej3axyd99bf02se93ibrim5xe4ke810a
100KB,4,442,hvgn6by5vdbb79nxrvu9t3y7oe88rs3jba5s033ntncv86fgryit0owt6dbrju1iejglfprlj3zumxm00jd5l5mxaco9sw0nrpnk0ewpo5w11o4ctj0axaieyw51mxwm
100KB,4,443,jybpxsyohmlxdc149t9jj6u9hooyen6nrsvk615lhv2ga2yw9c3tmxsngic19os0ccno8xe5280n7b9zsiz73yvnfg7c6jcw83n4pc74jurf0azl40dm7g6z35sm9q91
100KB,4,444,bgr0fcr8z92alxjjiho2i7cfdvq4otkhquv46nhdewa2863d4nggk4ijclo1kmvbkaje99qskw27v8xe3vkaiau7cvydwcpulq5h0kg1tqllk8xzwfx6m933eoi8xvow
100KB,4,445,6jyhxb2cpke5alxbx4u0yg6fabm61yw3xu0r8g3dv8uo7t1su5b7fapoeice41nqxvq51rysxojlsz2elf40vqxw1oe2r5vjnv4qb3cum5dfmy7sewox5lfc18nk1gkf
100KB,4,446,x1n40pswk99lvukhiphkpci4ozmxbk7pjmay6dmxn69md9a3w2oa0q9bdp3zn2xyr02zakzjlttxz6a2y9gc8nwl6ngl9bsd7uz93a5euc06ck86ee0t4y2mr70zhlsj
100KB,4,447,25kj1f90ihwnlpu8x60idspfoahcy43hvn15xyoaop04a4bw9tys1dbxj67k0x9djni65rw7t5o5vcna1briuf159xf7aczftthgl0oopb0ym9nqqhvcqumqq8h17co5
100KB,4,448,v0w927iw2t7zbybbu9phwx2msxf40jcf2cfswa8hmfoq7jgvti2di1p5njn2hvsd36k2mkh7lzj3ackt7unk6ef6odv3iqmw8sscth2mfzu3hf0qw9fyb5wgk9dhc3ra
100KB,4,449,stisjoajbmj4gif38kp25o2cfwucxm8o7flvzxyv792xgkhs7qw0b4osf4rgnicad0ty1ua6d5vfd2spwosyqgqbgoe0zt3xu7agecnepyx9oh9z6w6mzsgca0nkvorl
100KB,4,450,1r0ckdl4e81ma1a2cyb72p97jyesmba5ykqwofjm2w4h01i6vlxy9dcepaz9la7kjmv30nm8a3lqo5h5zc0vjsohoxs68k8eq5hji86t1k9poyf5xvlnn6fwoudavj9b
100KB,4,451,j83rf1br1iridal6l173ue5yi5ii3cqerbcsqj6j0fphg22z33k5pleh5d5ftqbu8r0zvqypy5f15l73uv28d8998tj49duua4wjqly8qskk6rb5plm3rni66oxomeu4
100KB,4,452,rtrk06s3js5o149t27bp00pe9awrb2kf1jdupvc3fnm8rb3ft5kc0vzuobt3jlr4cido7ggsoect8kw9kuhbz85jb6j8cz0ir2sxxz0gcm44idkaxbipttuv6walm9c6
100KB,4,453,ed7di0ss9q9rdaq244zjrm6xhklp6eqfs1h1yh50xgfniw7n3bapw9dkyo2m27221pj0cs2ce28hhhx5xdp4mwzqiz1jjel6udhnr7pxcbfwqzdsio4payrmr7kvppmy
100KB,4,454,muvj8ig16nzswaxqkjp8q50e4qm4t8egaknpmxgc4ti1io5jjixuwv2avg1kv0yqutgo18sz9fyoeycfszdiikaj5f2ykgql0xlb9bzp2pxomthx7crv31dae36n7rv3
100KB,4,455,0g2ovs9lmvbf2ga7b7k9tl3ugjp8qsgtn8bnpkw81iby0607obewfwkmbiiflgo5mn9vyl59saelsnmtlg733mmjxecdg8dg2n2iwzevgu48aolifq80j5mmb9j0djhe
100KB,4,456,8wblez5i20vmjlgu3linm3eu8ptxttzrd5e78mdxzu1quogqhwgzpyivzpwgcnwx8raybi08khdw83gvn5o12kkvvqsrjy3faqumi4aqmf5bxj0io8wge1zzgz44b75j
100KB,4,457,3jci8glia4xu8px33toqtri1dkdr7fdkqflq6shgg0t2nojqpxbzmi6zmgy1t3fxl2k9c7214kmyinnajkq9m1acxn581nelsd7izpllpd4q0shyl4u1l9pwx40i63zc
100KB,4,458,ma6ovi4uw5m6lo14klrrmg3y3mhbwx5fgqlyxvpo8apmgaktr26hdfr3a15cjsxbim6kqm9w3i1e5heu9e5jgcfwum5eukkdor09svlqv3i99jrptbaxiyoolcw647ef
100KB,4,459,ynwpn7crvz8qp0ik2f5zzj0ls5nbh65cw8woc8lcl01yviwr8e1gid68btrnhgoa09ln856a89jiuemvgc1jy23dkiauxcjix1y3a1zypksexxnthusx5sb5hi9jogbb
100KB,4,460,14p4rybzi2snznont8bnnjei7z9dfsl1mdkivpbutr01eo8vy1tz3q8l13o64g6x8ll7y3e6aowwuimheafgygf20krezbe1tf9tdqbqu1hfqvei01okyvt8lwj920jd
100KB,4,461,qcpohlaqhhgocppms6iliflg66nensdvdev54ysgf4ok5f9tcu3gp2gdityykdb6ef09ry4togsdnw0lsyg7lpx2fart3y5vvhpi52bh128p9hcoqvs6drrdsiqh0fx7
100KB,4,462,m4wn8hcgcr5kb4knyn5wwdq0kcyfafrptwus6cb7dkktw288khyo6xjtu5c9htzj3izwdvksp3qnfbz4x8x486xzvezztyleewgh4cynf5sbqvq99lm1pa6flis98grm
100KB,4,463,xknsep3siiss74sn17kx3f5p2rs3nkjxxe0mzc9vmdpws5olo02v6sgfza94noz1kl61tgc3mgnlpouf2tdazbol72o74q6ktk8rc0vrdkazlo8o3cxcd37juueqjzjq
100KB,4,464,l8zft0rbqg7zeg5avgf0it46zixual48lzjmm2l6woloclea8lely3zntx9dw1j93j57wl8bwf4nee4udiqpzpd7n7jp219rjr7s8ho5mz0v3rlgh675hatqnhf7o20g
100KB,4,465,owaswmkz54w8zxqyw1wttu912bt6toeylxwgoh59dtpcv6ggsr67kty5xsc0ze34f6a4d6r89x0xeiag3mi3bdv1zjceei0tfix7e1ilmaokmbcf5et6ngvhyr536hw0
100KB,4,466,qqznrwkzvrurh1dnvybmvda86jecfo99x7heqw9wcwbagj33sd14ynhsv3mooez7gg9zukesbw0g4m39wjf5trmaur8r1hifflk9dyf882sncz38halfnzw4c6lka1rv
100KB,4,467,jdr4m8lwec25csphphddmtcrh6ag8qe827aqt5momdk7ldz4jhdy30cd3g7b33ajsxx3twvfw1izrqcysbgepldc8qequk1eenixjzbws0wpacfcepyaio0ecjkwr26t
100KB,4,468,5glzn5rzdgi00swdyd2zkoll9ghnrphl3lk7t8sdeip84c7gzf7jb45txtou4mnzyzgdshtv2i6o4ktr9ch25691c226zz4im8xdqz7bjvzxux8iitpzikg4m056lwni
100KB,4,469,gmahkbanf13qixir8ud28vvu4cqw8t54lbv3rag7fcqurrhx4n81xunzfd7lrbsjs2q7pyywgjbnet9s63xqwbzcnyep5fwbdctttnd4ij60xfzgayion9qgvnptiy5p
100KB,4,470,aiqxtgglc4i8kuugqa1n1axmrcysgwhyif82v7gk4xvc2aupn5thz2m5u7jn3qesdr8hlhehduvyf5b8fxvtzoiei68dcp1rtkjvagigliwgx9aq5l3mxxftwyz0myxo
100KB,4,471,8d0hxtk0dt8cr0nb0mnnlbe4xkzfh7ebe673ragm90lu9lprzhrsqkqmi9ipc86ekijf36ypestq5cjcwggj4meifyfmnc7lrw9dzf1ghtevca87s25e907wsgq7cxy5
100KB,4,472,cpqy9t29mzohj0uib0ir72f0h4ddjj9yetdnv26xigf1oaqpk2tm7nk0ft8ijvvbp8xi279m90kau5psq2g13rgkzk6sfyjjspzb50gymyoa50pn1opphdjvrkn987cx
100KB,4,473,j9mc72q90pmr4vid86cs6wwd6sjcrp1k7mhy0j3m8t5u2bp615vzgmqah2e1ydfmpe5409uvoaahepqrwe06prkh3ux6bpux59bradoutkihfsk41w2co5cb4am0efby
100KB,4,474,9xwlm5f65sxvmcgmtgacdzdc8tjsp2b25ndcouivx0dfdvk7y2w8de46afqlowvjhspepaf3dy8g2c4u31uf86yaobez5hzyb39ywsupma39866382bwqg86ncfdzl37
100KB,4,475,v18bgiftt3ghp38rp5potjkoa0gtia2qmkeoa4m962hko7b5v1j1gn7ea9eruu3wh5z3kfdx35cvhmw46dls0s8ny1ttyisjcbvad3jbvpgdv410dyov3tj01ja8rh8x
100KB,4,476,2cg39fz8qgz5sb08lvurwo1h0aqj3jifeiy827xgich0l7coxgclj026ywsvnpsy06cec8qw9n0vxyd897xp9vkcwxh8xavnbnb3ih5ibchww8ljt93oh9u8v6c5gm8q
100KB,4,477,qzfymgxeujd32w9e1ofvww730y66ode72olvg5ddd263ja86kx1f6npbl8hs9qr634pbbwtmegiz6amg6vfazvfbrge4xfr4dc19yltfcsbu71jbv7jyyo8hd433wyd3
100KB,4,478,q1196he1zfczf3dmpzwwh4y3qupsg8ii3r08sbrg4s37f0das4k8lm7c1d54keqybf8sbpaxem41ps9nvz6cr3iz50rm7y2ao9wzxrjvokjy0dj3yo4n6exj30filv6h
100KB,4,479,ppc7bluvwoq6oe1bfx5zn2lg0p6rlq5asde1akgo8gor9rajs6hmoy7sn0bgo6owq35l7jcyd74n0kkigq4frgomk7jgd4ubw8wt7vo2cc2d8df3c8ekdvkhxi20rqcq
100KB,4,480,n40reme3dpnuy7msq3beibao2t4in3iqncg84b9xaqmiw7q4kwajv2ay4y2ajr2jvokeldo71n5xfk64rqyoungqwwygunnm2gbkni8k3hlheiawqzp1ry3ahk5bocnb
100KB,4,481,rt79eiam1a1pblugo30d4yl27daoi780miuylx8t6gfx6pzhmv2s08tmm2s21mb98ofn7ylzkce9c0gpc5sjaf407u6zhw11og3c9saz3kb8vmxiqo9ujp2lwajgunc7
100KB,4,482,7g7mx952pjg9o934cr723qb7yf8db7d4vzif2n8i8zwhw3zfset1d4iot1v8xk17w8tv3kt6sz9ox81mag99xdsxe20sus2ib36trzo8vsxklenx2f09ngv2olgsxxaa
100KB,4,483,q0yl5vz4j20x8j1gqitoeipb3axiqf2e72a71i0zvoee42kg0h7nuyc3op0c67xbzgsjabxyv3hqjgvr0m4m2jn9vylo8qvc0da7pjs5wy5ch25pykzp8ixnlyfit2l7
100KB,4,484,bvloxu44zdchg860k4kh0hwabfdl10b1w8ql3lzcac2cto8vjooicjojpepmqo66e1nbcwiydmpsandi7ccdjxjcgibudpscp8bc94f2taxd96vouup8lj63fmzfyk9k
100KB,4,485,6patw4iypnc62gbznwdjnjhy256g45mcrj34a37g32pd9dq0sxgtap1hr3cpf49jd1ngiv2bfmcxai41z105xo3wzba2c5wcyn8oi0ryi9hayuhsfwr6oflf82r0sa5q
100KB,4,486,sd01h66qdg1nkachh7gu9m6yxzp7v81xvpqkuia7mcayyfhukdq0f53b4k4mo7kt9u3r4z0cnbbdlfrfdcdccuir9bw1r8d7cr8v5x99eyd6d25x4jsrhtxe3ugyfk0d
100KB,4,487,k60dvnu0wyfa4noj5gtymnwwmwcrttuh7wcb7e4hx3p86vwwbr97b24pmhefkl7h3cjuasxnofyggay0dc6emr9alumgc0hs9iekfc5okzlal72t5c8uh5hi0ezkhykn
100KB,4,488,ytqasl9ap2hbmlz3up68a1vk2nv0vawcrssfqavxykeullnk1hv4zwayz1xpmejqcxd51v9nor8vxwejwbumeztr9uuf1vsi9dmz38oe81y65gjnrra7pbep0tlhtvj1
100KB,4,489,v4gnd8n9diplxbo6n8m0qspuhn2jkro73t1o0at8ff0wozolovzx1k0ilphyvoszmqqum2f86c5ay3f0uazorzs08rw9ga5qrbta96uhsj7ab95za9qczd18w4afflc0
100KB,4,490,zmwnuc8d103trcwcy337a8elvo2mzit56ibj8mm0n48owvif0yi3obqk7yo6xoevf9f25drj4s8qdjo8ue40u801aue0earaqracdhegoxq0w196u6poa6gdcglgl5oy
100KB,4,491,w4iq4gbfzxlxc8fv1hev1jznhitp0g1eb8rs5e0lvelk6q3l8lyfblszkiu3iwb4h9cq2nzgi200uke0zyi0ezqtm4iuglvygy8j7qrkxs1twqe2pd51m5oc4izeamex
100KB,4,492,z3zngn63dird9opxzc960i2u4jhnhw3cth4wlfouhgvqevra4ark7wkkiu6qrcv0uvmd48566ffrale58yzjjwtikj74mjkwwcfg6do0a1qs09e20hwfy0amklv6ukoe
100KB,4,493,sfcvn4yzufh3sbf4taezyvzkkg4yw0rwnc16rw5z24nyahcpfftonhh0icghb99p0057m4a0o1aibug56e2qc8xxm9cj30d6f14dbtvadtc7or869c403y2ttx2mmtvt
100KB,4,494,e49iio4k86cvbxs9jlcky84n9aclwl0jj755ltuzsy1h5f2efuunj6qzusvrvobz0w83gfaoaisftzpt5a7z1v660vpkd0ydz3i0lqs9r9bpfqmqt7jjr33f2ckyax2k
100KB,4,495,mdwzgmvhh6rwr1od5dotzuuyblo3sqcd4lgwbhuvgrmo2w28jza2wqesm9i38dafhw1nwzifboinw60yyh2qea40k8k39jfpho71q4qlqccf3a7o4y0idil821ibwnun
100KB,4,496,my4ykrlhj0jwdtfbfe91n8yma90uzol8dbhn0xbpi9okt98l1z5v2j41dahksxvmd9tl8u3xcao26mv8j6s7kc99373d20tcgfy4m48o9roygje79vgcnu1zyjbhp851
100KB,4,497,whxcj8s9d5d9mmk6nmbyedafyymdqvubpv5qo3mf5kh4j5uiwcnaagac8x3jmkmgay9v1o3ay2gcr8gbdj2230i5bde3zbd9izxomjbr5uzxhvij7h47jcx1caf7fblf
100KB,4,498,bhcmdockd5ufv9l3tmq2jqb9gz4stro9z3gawr4girjswtt4h20z1kev7nrbfhbw2mkdd5baxcftgbtache7ix98b3whtwnfoejkun139d1zzsdzjg6orxrwgkl8o1p8
100KB,4,499,njzsmpdz8wfjscjhnq3u9d1najoj4wszmj0f2q0zp9yuv5l2b3ewyvugeehd9m4ea90sfxdp7jxv3s21p36sxuy9ctshhj9admxqif8y1hhg51sxylsu8krr5eikasyo
100KB,4,500,fido1ttcbcr1ilkyj2brdzf0k4uo7vh7jna7ksza4d04pi92x14szl30gxwr5d6x8o92ci86l4e4uspwuwsay5wt5k9ft1godauvx6k68h51scrk4lldnsd1xivkocua
100KB,4,501,6xc7u581su42slaxtg4ehn053z2qqzlmh0csvxqw9itrxtwdwsw3kiy4m5ddta6r8ckh3k8yuvptpuebtxlxvdv6zblr12kpv1530dsy0mwz2waojfhb9g8qtzanx70k
100KB,4,502,r6nv0e8kg9gxuzmk2agbbrfuvr3m3u70selnb3hdp8chl89vmn6tv8zrea98jw2f46em9biffj0ydndlkboi037hhg62oqp873y6usthbcm79gwqe00ezd7s1nku7h4y
100KB,4,503,smhe2us61jrgazbklfajm7ymdoxajfrw9121tfrong895zsx9lu2p1bgohb2pmnqqquy4uedqyh7j334lzgo95knmlgopmg25bvxii53gdyrycq21tw9zxkd23virns8
100KB,4,504,mddkrkj01yf5exmcsh6xq4sfk7argyk35zhw6lnustsvv9t2jsdsj56df2xskwbe1jj49hjzu3zow2lvtbpu2rztdwh9d71mf8pk1g6kr7nl2jnxr5rv4w2y39giwefu
100KB,4,505,st4n6sgkha8b80z0o18erhi6ntk5sghh73o3qe2e06fefitrbc9wo0f84vtnum2lcekzs8k6d8ya9w5rhtnib03to4ohzknul5phzvtcrsynyivpkjybchfwujwooea4
100KB,4,506,nt4qvtzpm5ykqik28y9xv5y41dt1usdb87l6dy4jvlumk0vn01wxrt4mw9yrv4ci8lz4cvf7tg0yre2zs78itwa9354zq9paw0qcrvd56c6bqm7kxgfwiwb6sy63425z
100KB,4,507,6as1lb7us5xcndjcdhp0ccnt4fy8cyswbwg901u4l7mv0hahf3l9xumb0qxu0c3t83b7mqcix2xrycd7p8kdayw1hxoazpyncend5kft8ucso9dfljcz2oyvys1bgbqt
100KB,4,508,85ut55bi3iu8nd19rwf730u4v5dd1v7dsie9rm2wc7pwumyb3kn9hgp5j3awrb3pgitgj5d42ed2y87ea1gm6bt3t9ds7kdv9v04v3k8arylrwtnsaz7r56hknavj8q2
100KB,4,509,noc2tcegdv28h8bcdbjff30cgl9e8gy7l4qo3b94zmm7w0vmk0wsgrc6wmnp85bh5x3bk6zvv0g17vi4gzqjxwvxiz7dkg9u4wqmufb0r8pohdc2kq8723y0gojhacjt
100KB,4,510,d2xehzg9kplikonhuw3r1qtj5pggvanyokx0gk84tm21c67i2ody0momim4p00bcu4kbvm97um6wfbs7qjzj3qpp6gdhu101wryjm3vp7xbm717jelgmnp8q1fld0hvi
100KB,4,511,prapmbhyy4week5dlc6r4wl5hagsv0liykfr5b998p1z9x5jwyq8phcnlmp4ziz9s2m3gp8g2dlqu4nlndja1o38wow9bur1sox04w9y6gei24c5er6zq0c19lkdu6ub
100KB,4,512,t630orrx81rf9yt4togo3eu7heerye5i8u39pl73wuno0a5k5doewypaachq1c2jasavg5swq4v38qcgzcstjbc99owcfgx90z2tp93ddl3m5qjs4w429xmr445rpxo3
100KB,4,513,8itcgsmm3c5naobw084pr46dvnbb0rcw5684imtusip7327kwvclxkiaz5gt1jbzd8cxgft1lurnt5kstlok2e2v5hgxzetvg1aarcpdnx0m2ahaentu0nutby71lbh0
100KB,4,514,tyyxo2kkc49734o3c5ooyyiugp2ov4v85oz7s83os11itilkkbhv3p0aplion86flxxsvgoadv5saq6msu5auwiphtz0qs8k05sxorxkpaa7yntm1ewgzgd7w0yr9iq8
100KB,4,515,wg9m18717dpqa9nrs842xh7e0heafy3r6a6q7oxpr2gbmryshemktldg40xdzh12ylyhaqmqh61sb1vz3wb4wo7yknl2c3zgdll75xn95zasp82dhnr7dm7h0c99zchg
100KB,4,516,afvau2uq44neackb0ru8i3ig2f55m8qwr9kcrfqk0xmktzxrhbkggxh7z166c1abnp2hiszpym7y4c7ulqqgg2z5r1gae4xjzw8h9jd9p1duaiplgj7mpzrwngv6axnm
100KB,4,517,d41jnc25xujiujmkwykmb65hu8ivf0iz71bkdpzlth0avrl6ucckraadjkb1v0u9549uk9segtzc1al9tun71jxcage8fpp5gbtjwxf4otjwr1j81lcfs4zgbd1ttmcf
100KB,4,518,17jkzqwoa4ittee4baf4hxhlaijovue5pvqa7p7el2pa5sxerl0p41ea01zwcmzzkf4op6ge1vq5oarqk3kx6bqcobopxu9a2q2d5ry3fi27ceh4wwjsw5fjttb66jru
100KB,4,519,ecg7c6tphbq8tte70lci7eqfgamwf8cu08d0srage2phzuyr9vcme1pftyirz8g3ossr0wuodasd78vzor98eov7qv9pme3eiguiybbf3v05pavf7z1xv9ib4wdebfy2
100KB,4,520,k9o1ppacxrp5ydobc0rcc2cqtcav7f3scy66m34lmufln6i9krdx95jkm44kr47bthtndu9p7cwkmn3uud21jr59h2qq19x0hq3cd0vu05b98bzrzcilty7qgqfybveo
100KB,4,521,7yulzto1xrrla7r607gi98uugo0hwm0l9a85tn5deaa4hpje1mcaycittzvfkl9pa4so26sbzrzdmq3qn2o52akxg2nncvh7a3k3k6493fbdd8hveq7mnc14tldy7anc
100KB,4,522,2tc83sescbq0e8i83uy4sovv61r5o9c76gl5cwrbmgb8tdd4klwamtcob84xraww092ld9yb52d7vex1pscyg7e7p1ft0sa2c1lo26768j21p59ju7ayrfndpqcby3h0
100KB,4,523,bvy6vv5qgwql78b0wsgx9mcjoie4ywjwlzw7t30o80jol8w8lcmntpbrnmic8dd8vw198pifjnyyxb6a4iqhi94d947wdbvrwmbj7kx3y9bboeli86au64e09483zfns
100KB,4,524,ggkoec5ru3odntmxwdj8hd43x017srdm2tavxkzy99o8qp2zdq05s4gr6nx96pi5m3qrl7k1o39c38uxaovrms21endl65zu4g8v1xq33wx4sror8tishe2nm8vzdqvt
100KB,4,525,meo7s9tjru42y3og7j6vjsmgupavikpmr1ruv5p6ftkz9ucrlksi332cotez4y75x52uwqyutpmt0gae99rjimxmfyw44u2pd3ehb4fdsv4lntmkdghrtikin7pcd4cf
100KB,4,526,bbfdzswya8mgslj0t9jave4espl7vsz2ebq1z4f7tbqlqo0nno5ac9g9f5qzgtkvqmzjoigysjfgxray2ogcjpymitbqqiw0qxpplycw2f45umukj3s81zh27vhs89zo
100KB,4,527,r90o0r3irnmnpe9sf2937608c6xkssv3c1x0jg11ci780axwifa46dkhgh5829hjqawubp3zoc0l75b22bxh7i4c1ykf8keb56vy2se1k2sig2mnva75iaje9l2cvvg0
100KB,4,528,8mrxg5kirtdebb93j3bsqpxwi27rgkfuihlionqj9dloev3fa89lmavscmkrfkpamdwb8d5za2n2fyzlzw0k0fl5zu03ko92swj60bstm5qpqed4a9x2fbvkrdtj0wjm
100KB,4,529,8w9igfq62q5aqu0jur4v8vwh271h1bvhvnpcwmipolgycyzh5yifhgvyw0bl3o5glg84ioyc04393u8q2pam71pxxoowkswalzhhj4e4zl2lilhhyp1hq9dq4dvgz4xl
100KB,4,530,9gwxk61e3glfk09bddqzd4lew7gvokmbrreswbb3k2z5npvnfysatvhuoawtid9zgz60ngnm8699tjf8mh6zg0or32q4an0kbd5vi5uyo0zrk0qv1fmz6xrqj39u3lcw
100KB,4,531,4kvedoh54li9jolsjmri4riiebjv210l1nnqldj8qxmk54wkgi3cqchewj3k6vjxihclwncdwruzd8eodlyirxydn8c2ud0h9gxk0xsgtxf2kq86mqo2b8fat24efltp
100KB,4,532,mpfsl4mfnm8t2adg6ku4j5n437lbmcoafx05e006c8n7urwdlicadypf4gesuyr0ch606garlkapcmxv36ibu5zvume6coqvkzbvl71uk77iiacgj5fhscgrmow6as5a
100KB,4,533,80xz8a9ajvrwwe7wbid326111dfxtfxuujmxc8i81rh10dudnziq6ynkvrahi5cdfmjce3eyag96bj9bpabb68czvhcb2bbt8ygxa2eo16dicijinfc4ivlpjt2dtbs5
100KB,4,534,2gmz4a7ibuiqvmngi1lzlkuaaxc77hf8odmo0hz3sq4cr06d6dnwjedyqldsznsda99q3fux2ytels8dtstzd541etcw94tuisa6z0ly07en9fmxell2xastfhg7gzq0
100KB,4,535,krga352opzlqw3shurrsexo98fvy9unl5jwvka5dbw8onth04omjijuexmiusd0d01jvtdwydnz6ovr699k2tdwomoq6yph37sdpi3nys3iz9tmxjrmfixts1he1a80f
100KB,4,536,f663vrankzdxnjydkxaigyk2my7vcp7fi46d78sjvcd7crmytqhqb6zkpipxa5syzo4cf6bky5dzwbqh1xczlsl5tz9fxp10borfqnyr5suenr3jpqmedr1bx4rkbnag
100KB,4,537,kr4cpkpgixzc6dpc53nrzvpywsr5rqxij755623qc1lp45hroau7m85b8bj81u8tm0zd9jbj3c4xaxi7qrmk3v87819ur7cs7zqwfjnuwimljv4xpmqpno9g1ix9rkg9
100KB,4,538,ksfvjb3qd5gho4s6zfwxctai2acma0gz6m30f4uzj4t92bbyo02ldv0m27fqpwtpq1a7djp71l7nk33lwgr75t8nj9c4t370ey8ylmejdbr5t076bmzy7rdg14g7onhp
100KB,4,539,zv2qqaywbvb2tyuqbpvrgkft5xvgkked7w5h86l6cklspb1mk5swbk6uxmwuwxfaqo4cldc09ziotcrnm4pxxc7k5dgrhvtycionavpdk8q1q9zmlsxycx3bjdz3qjwu
100KB,4,540,ipym75bpsgdza6zzidoce4ltp1zkmmw7cda52rhprk1yak4w686cmcy6qc036x6012x1cebp5hsnhcb0oentho7jn5h3rje5t26pk24asl259mxw8ph78pke4eloz97y
100KB,4,541,5jgnpj1k0njfdosxgtl6b01090ck91wk7ryg40wx98x5ilc813ha5qo1188efh4piwqniomyyvtl8banosirw1kq0tl132gb1drpk9zdec3kdcgextf54pvgk5xytinq
100KB,4,542,84sznca66bg8evi5gvc8ybtsfjuxttxya7r3lk3rzri85rpgj3tor7r1oe0yv13bqqbwi76d32710vi6erxycava2q0w0ui696ckbp3ioyrt2j35h8967uogyrnnkbrm
100KB,4,543,flbkomza36bjsi5qwqdqg9u82y89mw78z5vif30oexp8g5ubhdvkubfe57te7i6hl4cihz8hajd6v4umy42a5ss9s46m67kr0r77km04qckzmf26xo31ufwn4h07fh3r
100KB,4,544,4266d4g8yo8d6zh1qwl8idcgzqx5w814keh0s0hfmrj6irteg6j6667miq91f8qxo8x60pgburjrfup9x71bpaena9xrw89lwbjd1aywln0df2fb2e0ve9ks66kvt9ud
100KB,4,545,g9h8hvx67j5qn324jtsf3ygkfvt6ln8vrqkoedk6inzuk73tv0lf24fk1i5phuz89xxz9isyz38amvq19c6y7csvrfxzqfabzofglr63qndmrm7nrl0s7elykwemsufd
100KB,4,546,f79pdjrvd7tnk5bvqqwgk1fra1ricppkk35ebfq6pzdap9bazm2cttyfc4jervqraa6rr1knz54kbi3myy5nao4drm05pq530ay8zzv4yy3u8gcq30ev225fskdc4s6g
100KB,4,547,qf15ssgtdqsdd9ftzpranrju6o3ml8814qme8pa5kf952n5223agcdyx3bd2vzim9tja7t1m0t63q139qwlceare35y185w0skqymzu02zbz5zf05bv3sl4xkycsualb
100KB,4,548,bli8edcsfxd9cdxyjypseajxtq4xr9qekk46ypkctzbl4t14ewpf6bmnpg8yd6551bsyz4hs6x8x4q057wl520mkr8buup7o4qhkx1ug2tc0yk5fw38hpquqxb2domjw
100KB,4,549,vumcpr6jt4yw4ouzo6lm40kzjd0at3ni9e1n97q8h6d7abuy72laaqwi33c4uvt5i5fc1v4db9ng3nc32aco8v1gq9z4g1atv0ieanbq3inhsljuujbkhbp2zhgv6vdu
100KB,4,550,g9s0upgk05d3l64up59s1kndabnrg7fupdh8899wgpxo62cjuzxklelzbs8tbyo1sbjps6gyrr8kleki6m6fhegmno3xlgqanhcy6570871fn1xff0c0xsdzahzyekra
100KB,4,551,rc7gv110jxz1a9b7nj2atsd0dku79a9cvj0uyfv0xc4he20ak7zne8qt7y39x5fxggonrp2u5fbhx3twdwqi8qk4o3xw6fd5l2dy55kq7txj8priy9n0jlf51rwzqn8k
100KB,4,552,zant2sa3bmvly7bkl28rhm2ah0f73nata4jppvsjtrzfwh8lyd8cgm8907x8zso3fd07l22lfhql0vkz9nc0homljk81j3bsl1dtvrqehr7v4twl5wj26y3ao3wg95a4
100KB,4,553,b3g5ea4z3lv4520ocv74cnq7e6oe5o73tgjjxmnk1tnmsk4e8vo1ls6p7olwoznd5ijpnux2dnezvzmz6yis2lwptnrdulps9oijl59ryqsmxggnyzyhnmyllyp70nec
100KB,4,554,aauhm5x0p9w7wnwrgr47nng12si1vjhntwdrrvpqbpljcvgsqf96pddqiwat0pj1zrbs8szbi78tt7bve2f1oy23v98wb6o2udvyee1s6j8ejlrbnwpvdhlo0g45sln8
100KB,4,555,2kx2bp019aehwtdw5v8mcww2b9kyahlcpqbfdosgfscpsefcvf3rvwh5l5ogkj11puwqwv5a2deo2ffpg77ri980lk24vh4bmn4zz9g2a3pj21ucp0udq6knxj77flub
100KB,4,556,p0oym3yn7mqzpcc666fxkc5qcx7hz8pb0g5sz2n20y1s3homt5g660dx0cbsgcbe1gmfspst1r9by7zpm3gwulhk78vqfio69327bsgplil53z9pu46g0v8hjssdsjov
100KB,4,557,ur9gvf20ilpwag73qh6uengo83ytyucod540deqr7iqaesb5mqd0heendsfi8x7mb22bi9jpa3f4xsyimiuwzwm0p998vgc2hpklaqglyajmmdnxzlh5p3qg0hbdwdsv
100KB,4,558,vbpg76ittdcb8qxe8ro62ja8tn9oc6o0g1tmj9gustorv64yxqz1srf7kr7e9te6en9agft9ikyd3e2y16fmwpxtygkbga28nhdlocb8b7zxzxxa38a1kp3xxfhsz6z3
100KB,4,559,jzki3h16hvs5gpl1500ju0lck0yj9ne7lmiwnm8rkc1c0h5h1wie8z0w0okmkv8roc0xifz376ne99luwsdh0ybdwbrn7qidvgfyynrum4px69byytkaf1uakw84pawj
100KB,4,560,c6dsrzn47gtgpcou4aqxwzt8nh7f6pht366aieatdgawnt1t4e63urn1qzdxs2bnj0iwh7y0ciiae9h4qakd4v2ez1ecetw0viwmewieojixbli60kpqn1xxmm2y7i10
100KB,4,561,vxgtkbvqw5m1bkbjvoya68wri9p0b6sz6tmscf7jl564h8q8y4d6fs47sy64iky9gh5kqsbnsmc6l20r4z9ca8in3hj9xs0xgcpwtt0g87sejptu6me3d9c2yylrfcch
100KB,4,562,aaqzcazbu3ujzflydr6al28t45y71b2uvzrjhf7w5ztulhlon3tanbpu5spittry3e5gnadiqdrn9fc43vfnc8006ixelilcnytc0300gacyhd6lnfhh104klkzzqloe
100KB,4,563,qznlrswljbvcgbdijg4kot47y048ishg87fd7s47ytqp1umpiq3lyryppz5lrli25iqwyko703j2alt8x1r2fdqrk3ef3l74tcigfumu82ixadi1jvmf8ybn0rtwyttx
100KB,4,564,i20fozn97db107dp3ljo1f03r2vihwcjeah8diqdizksobexm8lkcq4rjsvsv6uy1dwyx4lpyngpbttythp5e2bmwr8tjowkc86f7192jb3fpx7hnhhkmyw5vigrpac1
100KB,4,565,fz6wt0omf2nomajrpulhbwga5zmsmijojnv99rd8pdhug6c9cdcjnilc6t3wr4geu7q3zk88mitpc4peak2epxsviiv3mcm1uhseol9def9igir7lqtfonjtb0qbupxl
100KB,4,566,le4erbi0mf0joa1fri5hi7bfxhra050hwhn7tuhgd4n8nw67vk8pj1nynk3lnsviuflzyf3bq83goh89l52ng9s34sq1s1vrxwq6nhhebp7qycuqk7l1a4b1xta0laqn
100KB,4,567,ybrhu6mbtteysb6vfd18e2f6tcb1z0xytfmuwsdl2vpvaajmiprvlk3bbwb6rsfmxgew9sxhlnr9pqkmv1t705n4gqx5qubf4kobq17b6gn40zy07nrwclnwzcjnxqg0
100KB,4,568,p56ioqirk2ztfc4cex7ecyajrxgfkj0mldjz0jydgn2h8x78lkspwa9dx4fsq2i842rsp8frut7db7anla6kiftkubitk7woydodu2lwrdftjkmpccs2uvcigfn4awyr
100KB,4,569,q1p927yiefea2qj5hnv6p5iizc9hf1gz2z6sc0d7buq0ds5fd5ava1vm9vpl3rd3bmsmis1wyr9a5vffg6gynl4qdsd9cv06gla20pdqwlvr2z6yz465bj9e8iz6gyyb
100KB,4,570,4r0k1npmth6378usiu1n1sfxii34lt53p0cavgx5kaq63o2mt4be7hfs8v94hc2xz9h1sibelhasc3naamac3r374yyz3htzcfmnv961mxlzrnh023lle3cd2hk14osw
100KB,4,571,i79l74ueagseytt2ukdtnuj7gvsm40pvprx5jcaov2nymt16eae1jn4q1mde7efriuuwrvb0ypphqks0od9ymuk1bos2l1qx0vt0bvw6lxsfy8gfle3ol03vvr9vdu96
100KB,4,572,vxk4f2a7cz5zo38686tqqem2qtk3l4ufxtgtrrf8ei8y1leoix7lv1z91i51ivjjzan91k9wdbk0ljqh1hmh0ld326cq1uaenmo5tqul8r8ur22ctfvb4reu5pgmr6vo
100KB,4,573,ysv657r1debja9nvcr4n0zyq0ke0bdn9lo5f4l145sk84dctzyiksrrgkugfle4fk3fmrdj7jzu4p0wd0famarxhdmkzb37xb1k60w41dpeldgmr0eegq82rihl7ssnb
100KB,4,574,a9ndb2mh9zvavy131mgghj3wwetq0y4oqy639tjndnxch1fsvifj5sxibw6gnk4kfz967b62vlymebamdt8m1quw5fmtbfxd4qonqvflvmhwpkca41y300hbwhph1c5w
100KB,4,575,m3tydlrdg9813670iq2dwdmjvngv4mol5w6wq7lotzxdkz61k5w0xd9gfvpp5eneqztpfwb0lbvj4zwtikjv11nja1p2iq9ozbx2t2fn9i82cxpcdc1h8kw1s6oo7ahm
100KB,4,576,y611leyags68c76iuip2odvsf4d7ei4fg5244du3bap7r46czpc5980wtagteg0h1g1pbpidgu9s0gn41wymyf5btknnt7see5v595pcb3xk1qszgybw1sdqo66ssr4u
100KB,4,577,khy8pzv4ki4hrmv8vpfniq2a2bbsp9iujirmynkin5pfrg4l2oydebi0ibgbj4ayazjlk55kbitij5qxo8mz3wq3hfrqadowwqp55qpo5gbf7dq0t19o4ie70cqsiidc
100KB,4,578,ygj9auepnsripbdyagqnbvq77klyn173g33tsnqgfu430mwj8oo49j4jg0p20cai7rlci1i6fwcgiia4lcuqqi11mdpgodhyiaz7kwfnxthkdhh5c6518264ut6l7v4y
100KB,4,579,ljbz44ci4ifiaa1ftd9cjw91te3utt37sueiomt8ss48kpc2r8br2qyl5sadtbfq9zqotbeylmymrbcaw0nt7w8ku0lltmpm5rrgh2km7xyj9v9fsyvyseiaxbcuosx2
100KB,4,580,fth4siir8fzrdf9psxh0jf4qy9rd426hpn1bwkkqpc39c2z71zx25khikb3czavidn4bdr20nq63k2zj0ps97vnadsdc5cstmh440lmgsu2ynf3acr65e3jpd9aohgxa
100KB,4,581,luow56tic7ixernj8foq1f213kmke3lq0yo4gd31qp3uabj5zy8k4cpeyw94rqtmvaeap6quca1dj5zb3r9u0prxb237epwc2l22tqbrjod7pc7dkvn6gydouqcef1jy
100KB,4,582,9te0e0xh34hl2jwdq3b5a6qnpfkpxbpgiu4r9bixgaeq3hys051otddn0vaqujit0aa63m6g2rr3q1dteblmdte77k4kei3k9f44g9k1imvldcn3febz3vk3hwtg68wb
100KB,4,583,ynilobp1aq24mqaa6b8v7juq1jxfr9aad6dl4ofp59e7lqfnj2tlmhlwg1ypv3x4pajvjop82nfusa6wd58qcadng5kunsd875edqdlcwcqrkf8at0nr5axkvb43rqsc
100KB,4,584,wq5xcbgxetgd3eh11f66sqtjdzp5lc59qbunew0wj0ti9ayapcl3ukrk6ixz812znr8ro65do0pc62r3n6u85p8txslhyjjjo7ahfkkyjxy0uq6lyet25np28yvm8a7q
100KB,4,585,80b214cm7rp6abmgdlxc0sjmjn0khebmqonlxkb4ckc8z0v2h27uqcq3iwzewn2esk5dtecae4dj8c2f0ecrcpvhnkrclaccnddtjye5a6xnw1htoh549bqm62r7c2n3
100KB,4,586,a2z5jlzg3ddgt88xe1lyl44oqm8v1powxpgrzaklajxvx6b1qspcqx9tuo4vbd2lssngtndbbahsj1bt3yt46n2qssvbs1aziz916kues6bo8fjbfbykyvsbafl6idxx
100KB,4,587,d2xvmbrlmnaqgtd8upy39rlrxgztn7axpi0g97619l3rmp8udkjejxora49ssahfnvq5zskxzftrb6irx9j4ymmwez2v6p4i6hgo6jv28xun6ry20op3l65puod8762o
100KB,4,588,2bao4gc7b6c6gfsiviwsff4vhfaui0eiyp7a3w916yybdzd23v4ckzjg5nttsho2qcocx0r8qb4afzef5t0ljpwkpucxf4eusuvjqkv2ql4sjimks78pvm4s6fc76nlf
100KB,4,589,ndd80uzvbobyvelvib5szphp9ww2429w19xlq0cqz626e810wtmfkvfr7dm0dtcax7084k0kqjf7j8texa9mdorquecjjqtmrcmfloqk6ovquhuddnykjpk6a76zpcr2
100KB,4,590,qysycv375o3f8zvkhgh6r6d7a9b1t8c6vusfd4za41qpll7aat3bxx3gpzh2j0kj5dpsx9c1mu2acgk6kvf3h2mxevepvfh3rbo6jzrrlkhw6h1h4d9sd6st49c4329l
100KB,4,591,cjer10homz2aluey7jz0flxo6ucx48oapr6wm3wot4733tirewi3p9rox8jbag8nygfkad0k7u5oci4ekpucch7bmh83516c9wiiumkekqq8xrrl3n2fgl6b51r9bs3x
100KB,4,592,2t5u0sflqj8eh60jm5l7q3962mbce02qsqm8wdrwavphhc1qf8oy8nqhyzaqrcuz14xdvz2fnooxaroyb342b674rvuqfhb8amr49v27fiq5l7mlaaej3mavhfj0wx0a
100KB,4,593,yiftmjvjk7epg71med0sf8wq37ovc7yn2930cmr97ut7zjucm30dx4heku4gx9ubujvwck2gdpvvrpo9lkw3z9jo1s5odkog8gfwns5c6vckzplckg72x7752ywhusve
100KB,4,594,1l5tyzdgsv3kw1xv3hs1s2llef93hjde9g8dyih9kdskkz1hpxhrwodc7xx0cxslhd059vr7k151yyhfefw93ss8bk9lq8q5e2c8e274p5iu5qe8nxg0zckahyp00wfn
100KB,4,595,ee5htn08grxcpsc6ublnv2ij6c6phg3dmduzzzff58dhgr346aodo9or716jw1u2tpvse4uigwbu50bw9dp214umzgez047eurz3pukzi9sxt10jyxu6h0x4ypnqsdn3
100KB,4,596,21992pdfh6dnwt3g6a6zpvjue31oas8f8ywym4psg7cjw7wmog8x2pjzmmevgtfvnrxra4g69bj8xnac0ql9076lag02pj1d84yqhrng5q86hi06qxbfpf1obzvk1qb1
100KB,4,597,15x9ktaj8t44picv8102q6ukmtr7pqonehoq9h2xn35g11w1400axl8ec23y9grioy8ywwf5zszsrfrrmmfmg3vzugurcx8twya0bj080esosw1b3x9v6v6vder35ls0
100KB,4,598,6h48enfqaa0h0zmpwuahp4u8bkcj6j0616cvx3y3tqftg404pie2xd695163b3c3c4lolkppzsab9z2mmu8h33i9icepy7yqvo8slmu1xbv4eechrnd1mcrkm8nrw8mj
100KB,4,599,tf7utm82es0mluyaw2awwk44sca6cm4jwg0d7fpgfobhbbeudq1z51olc38ur8qjsnt0ldyh8mxijcfepcd7blxzxnnch5cbob42pk4jwiqpejzf0o3ms553che1rkq0
100KB,4,600,vhrtt71nm5nchj9cnas91azblckihsjeqze5lua7025kcrf1co4f383f2j8z6r1dii80x5qmbr03juyppa7tyafgoucdbjrov68wmtem34uhel07p934hawjdu2k09f6
100KB,4,601,c0f3m34pce5ktw7l8kcp4790a6ak8u4pt2q7r0di9knftkfn6m6vvb9sjpzs22muh54dcazpmg9ve39weg7yo5283cwe1jb489lul0ws0omn8msayyp80u6lfx1svyal
100KB,4,602,udgm61sti8gim0nmngsiwn4qqpgze3zr9uiu8622r6m30v5aaw1gbm1l1pa9r75xkmomqueup1ycki9n7ty7xqomg44ry7jbhrircuotynfh0481i04r55erqqm1ydbh
100KB,4,603,iapzb1d2sunrsg1bgg4auamjn2sh2nxcdpizwugj2w8j9m53goob8f5zmd7617wll0w5oxl1dkrttz99zxry5ry29d1ypd8h9d0cfpf16j7uggqzgdcasq0350f2jxex
100KB,4,604,4qou3z19pr5ejkhvozt6hve0xoy0n8b1rh5wnzjj7i185p19u3zy69vlm2nqf1jt4dxfuuyyzm0mmcp7damaedbykq9tce1lbu0wc0fg8yz69f3txcryffdh1k3mtvbk
100KB,4,605,f2n2kxqb4m4ja3rntgj00wff2uregw0v06zdkgikz3q2f5urq4f300ailzy6jp0892d06jajxyii108xlzeahll03kv6n5ot6zeyveok8c0uvdi2zyqyjhyfpxe1jcyn
100KB,4,606,drqtn0qdbgt7aw960pf29h0eub8a251c29w1xjfxfmb8n07ns01bnnimq52v5o0ecs9l89sfi07ffmyurymt2duuvnjlcftgeuyt21c6s8ann079bcutxpo3fsqsk4zz
100KB,4,607,b19s0k0xwnaksa6sicb8mnh1zw8hklditlcnvi5cb4ww9q46em2d90fehsj3js5ga1kkq0uzpydn2efmyviem7gsienx0dorrua57222itgyj6l5tddhethqaw69qkwq
100KB,4,608,b5u3skf7ir5ox0raok7s4obnwxh1n67afmv5wnth7wuepm9zxrntec4wumlcdpvxksvoa7m69cjhsntgb6d0aztjp98hedar2csxmo4ipjy9uaf2cclgv7e96aeiayxp
100KB,4,609,wn0q1ru5nrnn3y3xeii1ajsnulc5d8rmgruea69x9z2g2yao3fxnha4f05npgt9eu7v2ytalfh3mymrz8t762vjuza569durfg33kdu3gmvrzhuw8j8yd8d4ugsljw7q
100KB,4,610,tr0urdl4bp7u2x0ewufvjdi0o2vbnnsgwwb7yakesisbyp5fivt1nx3rlquiw1lixsoew1ddh6nbksm8jc67px2pwzyt00i0zsevhdrro9w4k0jt02w20dtu0tcy4dc1
100KB,4,611,5bzlkqb60glzipyb9rjnhrz70zsjxd8xjn70d3t1x1tbix3wrh1vywk1lse81mks335zn30oxkw2l9dmnbf99txukjlsj8d8fxxw2urinttc3tu38m9bhrtuhbfzu1zf
100KB,4,612,o8j2wtlt513bjglcnq1n2hpfq7tzr2sg87cxsuw6pm49gbl6uk9ud6yw3if8rfx9gktqe8xhx6bjvfg3b9m4nrzb8xyjzbjkua3r8wk0wkmgmap6cq41n2b9krym7jib
100KB,4,613,3ocb4sps9uyxkciivcok98nf36u7n3zsmrp8odx2b18fyo9vrd9fgbw269pei1amcjuticl4dvfkd661eu84rdkhy185bl6ikjvwujrt91zpyt6poab3adiux6akt115
100KB,4,614,hab6tw5hr4db19v3r4zgyb44wwyy4xdefpfgiw09khexzgss38kuf067qgj7e2rl1kco2hn6blpvl5nwykmxk85puy53v7t9czueiv2cle4g0ijpkg1dgsed6iorhsku
100KB,4,615,e2j2ddmcvo281mmtxjwsk46fbuoa9fmkx6rsetjv1d5bvxuqz91w50hd1h3d3glswbcxozaefvji8he4snm9v9w8s62177facbbyvvwpy2hzvqw6fu4zgrb0epkf9of2
100KB,4,616,nllrm532147zeadllfl8sydeqb8y1qgtidmi12y2866bbh52vipb69dr5nqr5t9j324tvy7tfbhazuayx52lt3sta83mmty2sksh2eq3i4hbj8mnzsyqbvuqzr5w72xm
100KB,4,617,hbcfatk7codumtaowjswdlelhjx2vto43atjpkpxweau14dhjj366da8pifuqp93eavmhpit37o5ncgo2y7mntdq50nrolh6paupk6u8n42herhzaqw9acuitv6h7y43
100KB,4,618,0urbfouuz9cmlouasrv4d3slikjkmp2dzh4xqcvpjzsfd6h4bkb6hayol93x9bit476t4pogcuhfdhn63rp4wa8gi03okhp2fop80zgjvklcxg7e2vp95jlkvbobx16j
100KB,4,619,qdqxcuvxdb075cnrx9d2ks9ed5xeuja30u3j8cprlj37xdszxjap1ug27000fqq0jtaxxgw4atgqgvq27vxu200lxhncbxw8krgmoj9338xriz527u8ub2in28yka9gi
100KB,4,620,89qpo2zsxhhrhfvtn2g5h5q9eka5xbc064lb09vhbgo9cm3toe8hltoztvro9ymkxnvogpx65zvr6irme0qz071v7w2zi009gs2stgoje72o8vvxntpxjkqtlhe4ubgm
100KB,4,621,vvsdwudj2wkcxsj215ge0ijglj897kmq3rg2hvgux4qkf027j6ckk91vppesmcvca3uzpdgqaku8ndgtqr0z0jzmvdc3zezhjyn3mx2hcgnpu0bdkk203zpp4g0f0gsa
100KB,4,622,zqdscvatjxli6nz209joedq33ithj4be429voxbd65s7hfpfdptediuglp7hdoosaiyvcn0c0i0k3n479c20hctdmd7zvj2jj70xf2xba41qq3cbot46nxkugisjw2g7
100KB,4,623,k2m20wq9nfqubgi582c0bwjw9e643ohkl96gqs5io0rtdauaudytr9pnp7lb2qfpmxqiit6gvta5bwbuftdk54fvqtbpif5fpvw7dwh6e17c1htqsd3u5i58yg06nps3
100KB,4,624,n2el9wplgdp8j0hf6ogysb86omiszohe2vbidtvknimwbjeg5du6dnm0smek9c5mtf73yeezk47dd1zp79fca0jt4r63hjg6m2gdg2u78u4fzwgdc9mcb49nblppkb3f
100KB,4,625,zvko52iarjjf4cpn1v1devsnbjv9pcohms6dv2u2ba8bmgqapgtaf8dzkgu59134w8xzlyhkjywyt6480yabcp9ntw73gxwiayj9w3qzgmc83hptgnbpzfpuekumym68
100KB,4,626,q6ti6f3ennu8cbrf2ay2ef785ky1z31o5lzgrbetla1dwgw3ja6pzr1a1a3ok67u8lj3p130z4auaj4swewy2gndd7ws0cfuhearc6bgl8ufjbhwns87olbr9trcd56q
100KB,4,627,l6e9g47kvknygy0sv9qnydx5b52etc7wuz7laovqifu6bgbmv1ohpl0whvp7urzt2221pj00zssqd5brxa4gcmpj68iyr8h6u37qih52bdedsvn7dtpca87gnx7i8fu1
100KB,4,628,30cdz03bzocsryimeg960yykruqrp5l5kfqohsozro2bu9phcru6mkm4v0z235fyszmh0kqnnrg3nr32ytyqp4c3p0ymnxx0vugr24hgyyx20npcctogm43etcd2mpia
100KB,4,629,np9f2lk8oceb12cr1isfdibinv31kpj5i6ae4ajujy34tf5gmn5x0zlocn4b2y1wjdgoqwh0hq0rsubmbqhs96grpk5f0z75nd4wvyfubn69dq28ev17tvh1dsqs7yb7
100KB,4,630,5lthsotk3f81097yclwyp2ocgfxwli8u3d7q6c0f2mwkcxbrk1muval1fmr95xsytud8bbjqvdpr6dbqf4h6i03zmlggxm23hj01qf7291ihv2r5abx5hvngs34a2cd7
100KB,4,631,oq8vht2ikshkjiiu2lemirkgrk30njsalrbylfzf52dwav4s649n3euxctcrg78vtgjibzz778zi2d045vgmafxu1khc98pplf4bueo9bhedbunl5gyreh7ta9wr2wxd
100KB,4,632,ibunc2lg4tp14vse2rcf3gicsuart12wti594aptha9e3cqqcbdriff2s1tdenayo6gcy63q46tcbdjwjboohe0mzj2jhsuty7i500rmhxxspvtvpxg1f9vbr0s27ro7
100KB,4,633,w6ho6cbymxqovcyfxicyt2ewxauw083mpnl7vrvvmsdnrnfbiomaavali721ferxxx346pez3la0bdv4tykaafx4ma5uwcwqk8ge47ouky9jd3nwzv858r34zjcu4bqr
100KB,4,634,dt4fpnsbrc6ldsgha8diqr53xj8sw9t4948nluctwb08xcxpa2hm57lunb1cwfq2nedej9kq1bjre1csg4114bhkx8j83pw7iuis0ewp09w9llrzgm4qip2du5uqglc1
100KB,4,635,pj5kqgtsf10c98enadlz08doukpehx1a5r2eekm7na23lmsm57hrbh288gpm3y0ulrwu7yuw9tddgny985ggdvf9x3f0xwt3ozt9oymp6qd1uibu3u1sx41h7ebu7km2
100KB,4,636,xka8vz12k1ifickofhrrmzazk6lcan2cliqndpyi4rcu9hsjzxd0pdzqbzrl68rc8fxdm64dvpwxwdmabutq5oq3ddvkny769ena0dwuawxf7pridzjmssa79xaj3nr7
100KB,4,637,56bmjhy7rvvv7mlfxbvkrxegsh23xwzdibdhzms1gznj1tnag08eg04h8mv20hbahl7ydbhh82kct37cprp02ucrawdu0oxqm36d80vwm1i6b637h56xgjuxwlhgprfb
100KB,4,638,836edubyqtwst2wkd7vazz392e6ysh3hm2on66zu2ohebot776af30o2kyos41015ubfuyidpi10kpgbn913859w4dky8rgfd9om4mkid02idlnn112sb9ulkl34ibyu
100KB,4,639,b2mpn7pfdzhpiyzifgs3k7ua7wwukn2rxcc9mwegjtdyyfqq46h6e0f3cnah8tqcxng9iq6zk4c1joi1clfu8rmreora4fopx5wdvlgtwxf2u4yr57k26wkbza0obdsj
100KB,4,640,0pm1v4lla02b5bim9bi3fahs7ywchre0p4dhg784memeiu91fh1no2imvtqak88krmaygwvdxicl9atmwe7tjzkdict28ccym939ap4sxa43lvttwlqfxhnab9yknfq5
100KB,4,641,7zy1nhrgtpj5d1e5ozz7uagob4tk96iv38owzof9p51lol19d1swrb3wmiuc8dcj00fpp48gbbzndefsm5pywa7qy06ldvaxx64mz627jdwq9s98j1qbgjxlnnvub1u1
100KB,4,642,l721c57ayxtf5vr4oegfekypxjlft81ra5cq2o2ty0zms970lv06lhkzo4u1zbzlq5kx3dq2aa989kbpcarbtqb8tqz8fxv4qnnmx1v2uh7y8djkj1qm0fzo8ys5hbaj
100KB,4,643,03e5u3x0otb3obkejol1792dvjrs86l7hhcynfcpx7yvf84c2e7bi7s52ecyypyxjutoehaaz3ygllevzfg1y5ne59802cx6jvkd8tk161swzt1rc6ow5hy92l6xu56e
100KB,4,644,05l1moaeggamcihs2hou2deedkhbwc7n8q2uq8rnglnjzllkazzf582v9iugmodzqyub2rmv899qe7d9bgr7l67e90o7l6izzlbgh8cqoqfyu8d242fl96bf4jone7tm
100KB,4,645,7u7f2e8pgfvqyoowy6r9cqzv6nsiryf0mgdatnol2901uwwudn5rm4aok566dkp1p3ac570bq4r2ykkx6ivg34e7d3zlzlyr0qcs23iu6fi68umbuh4x6hu4pv3jdail
100KB,4,646,hvex2xoex9854ioqqd1fub76v3zvfmj4p5n09j3ujf7w2nowb9ta6msah81e7ljfl2g19lh5qayphpccwy1943k79r1yu75xepkpzj6wxnw62u6dbavr32a1k5ms7tv1
100KB,4,647,umukhpvst8k4yqx50qbfu39e4mxsjgg7vkltndzguh24r120q2cb59ziex0lbxq3j1n87e1dx0yyisuojyfevodhdckcuoydxtpf9czkzdmrxowgew2w4y4d530iiqdm
100KB,4,648,83q69wrygicesrbtbpj31m7u2qc0optellycebmzhubhr3jwpep8g8c4d0bjoy6vxhncs589idduev777y4cihrqvfk1ba7xpi9bx9a84dqoe1uqgojjgilrqmb6f1wl
100KB,4,649,vpkyt2rpj1b8it8lue12tmlru2n53uqs2jj6s1vo4sny8r7a93wcr55smblpb6bi81emwpialwco2j8t6hbfzqc594q6qjeib3rt0xj6a16nxa0lc6fvsbksnewawqxr
100KB,4,650,eksnyzw7xsrgaaohsgbpjfepx96jz2lo36easy6xtt2bh8qwuq1c0140c7rvnvewoylh5dro3yjm0hy8tlcak09sz0dwuz97a8kx6gykukhr70qqvymlrx25fs8bzlax
100KB,4,651,ymjukrsp6ak6hqtpc17u2q9ciblyh5rc61ox9vftvgzyzmr4locgibk8dhiqlw5thk1nv0bsk5x5t9n27v1iycn83hh1k23tzcdtn5cyxu0nkh4v675r5iycs3v8b9ev
100KB,4,652,g892k3zaxce4z37aig28i0onknselc1dokpxb1wycpi4zh6witz121umo6v3i27debnljt1uiawyblh1j31vcfoy2lrgi8edqoho0gcjn86cx15uaxngzqbfjqknixil
100KB,4,653,yux2z3gtkpmfd7nl7dl62ps90i0f6dy2j9f2g1qm6njmw6kmoimv9xqokm6cdia5k4g2pasma3e6wwwn1kx05b93gdvry4vinqdpafbdy6syx7jgrrl44op8tq89q2fw
100KB,4,654,5er31esui6m3ulfp2x7qv9yzdb0q4l0a6v1jkddhvzyicp1bb03h633ch7zlhemkmtuw5n3qpdokf4xj9hycedf9wucxpayifjg057hqmnlcrpif75axpx4cn729byvc
100KB,4,655,dz26zbdxbwa6ijj8a100fmc0z1u0z9122vtwinpauoa3f19jvqo0jdjpz3dioge8ep16azd3quw409gpv152ymneojuiiji5c45d24gsiray7ux0lux0jpywg4896w7a
100KB,4,656,p8te7epf0t1ep4ph6ca0z45lw8jrtn42u48x7xw3tf6lkjzierfir0y63cthad4gdbrg6h6j2pbxg8wkrmhih4aaaumvrmcl7c4ax3iwtmbr87idx2y9wrw4q7l3mjdn
100KB,4,657,0ec9o9rh5fee2me3rmsfm7mtm1bo9latkugjx3kkahxvyefkz8dodwiqbu0okok2p7sfm6xnsojq0i37hffglbdg8ghgu0rku723bbvkzid54bs2muvuclxv5a1vdwfy
100KB,4,658,v9iwow3blqr5s1vb9mldan94jga1hh3l3tzeqg4wbd4g2lli23j0ejs704bch6l38u3k45ydik1zs2c5wne8nhf189s7thglgyojrzf6q4zuo6dywsv7yo2yi7t3tr20
100KB,4,659,nz81ijoz1v52j4ombulte7dm2r6hncxife84jm8xrgrvbeakg73ni0z5uxfcht3a8dl21kof7k8krt8ossapnfmt1sfh9acoxwdf0q66wni0mxcvja2hoq2aq81n3r9z
100KB,4,660,vc5mkgev6uk8uhsxc7gb04i6j6lakrjxsq4h8bqwerrvuxdnv60eawpjo9jxbuv0v2egz16xzca1zx23llwlopwozbqt843dtwabqo4ogajdiw9i5yl8dozsnkhriv09
100KB,4,661,fp7mc9ovtpkzi99ebk1wcwy86lp94xue5sgo9r16jmf16dz6q4lbnl01oxcv1r2rk1u98ht0o328h6vr3zc0fi6mrzothpj5eh9n3a8fvxlrzx1uxnhjrezjhdees0k1
100KB,4,662,s6ricpio470crnfw750m6raigysadb9znbk7sxtyfta1qq1aa7urxcbjp1f65asiy3cvz97o6j5e8jh499nd8mo92t26a08spood2cdly21sglq1po8yvqefdyh0qggj
100KB,4,663,15yeljc1bxr1c72atc63eo3l214wjo2j4k8zglmsfaf1l12zijw3tuwpw9ft2wqut8932de5edp6b7gtovi7bdr1pnrdlliba0qhc2me0jgl5eylhr73newv3eiocpxd
100KB,4,664,dtos0j9b2c7b6guu15lav3z74xh00z60v2mxxz77w8wlmo4jbfvo3h1ci113ez2j5v6iabxfbanyzqkvpetrvykem12ckrpnec34accp86x40v418xpznvzqnh6ymuoc
100KB,4,665,attjdnjw9f3ujux78jgejnvzoaytsc2kva56txvbrncp3zwfuzs1dxy4r6pvrniykcct2r0l5agp0pwbz6738owv6iwosvzpvlnxoj1th5cydr60uiuqi5663eiuzoa4
100KB,4,666,xo3zuijv6dcozjcdt84fw8a5fw2gw7j35s1aup62o993xocvcokii4n7bf26g5cv1ep97zqbuhcv865zf6a8f9ay15rkp471cv6k86bfq627ugdyc7ikznsckikxr0k6
100KB,4,667,b2jwajsx2eab3yase166z1sgo9zqc0yrbkm66sd69yqoo7rnwbjkid0q2s3ava0i6aondhtf994qnjtfm42ezth9wcih8v5qa5pmcrhtutod476mr5di0edg9cdjsf44
100KB,4,668,e0hne56n3gkqnr6d8ih8g31ldasfkr9sm8vp81sswi0moxch15vzu1cmx42vcjslyajtur0ssohn90t81cp2n67wf8t2160yabbii2zxievabmggw85z1sou38krwhhq
100KB,4,669,6d7w2gkaw81mpl9jcx28i2xl5387n80xe6de78mgal5l17b23jsfuuupa3bm2mkkqqywbe6tajc3jkml6d5bh4gczuh7dzwvfgeklvan7r3urzegpbws3ldl449hxphq
100KB,4,670,h5aori95z1zxdha6k2icpmiehp3d6amepun2fg0c38578iv4lg2fdhbsq7kpcj8nw6wbrieear0ytxkq1sv1ndf4ztqy9g04m3wx5lwmynso6wxtpolbpdujsomr8xcj
100KB,4,671,e9sikd0ot4e5ptges3vnqqfft5e003gy57hovuyagd7dllu6hu4bhxme53g5vtoci0zih4vyl10asrr3ef2pcre0ysncwdv4b4xuumpzpmhsepwkbjax446kxzb19t0w
100KB,4,672,z9lej8x6fqjj2si0w2fzfjmtq7eafvaxdpxthql7h6ib3evz3h1gnbj8mcptw0f7rd9outekca6tbnf1f0yrlkncedhqxi47nfkazr07067ebiborqj33a6355vk5fmv
100KB,4,673,u3bvoyfqj2quzo6gaje1zb8io0sfmxopn09xy3naxxoxsg2svygy3njws2jsv6wxevl4rggntmmiexnpqgod2q6oxvzps116hukjz28wwx5sdof4t54ph6pk72mkifu0
100KB,4,674,1bxnj6j1qmwb9ngtxcjcprj4ndko7k2upfsbj53xbphy8snqpcmmcrozojessddcyvo2gq32wdwdvxg5y6096naoq8wmoky8ktsxszfvzvo82ykcwey4l7n5i2nvctyj
100KB,4,675,cfe0imwz3pj6m1ciup7025czjemekqhfsumxjkae2dgbn27jlzy1tpaq2z6d62ypd7tx4u4m1hetg53s73rpt2yj1beyhohyrrjoxvy6w1pmgq1p5adwpoha2koe5os6
100KB,4,676,f0cpbghcrs6vmdgh2gswwjxwbpeekabampi35lirqxvmgw215yq8n53gxkguvndr32c0cs6105wwfiscz1lu9509dpflbps572nqmhkdvukmo4gyykwd9yg86rvcuqpr
100KB,4,677,6af1ud86hzct9p3vm734cx2cephcgvb7p6qkzhzwo610pkc3n5f562cv84ykf8p8azzwly0gkrn9lt610zqgmczd8sylpj6buami0df92l5kj4hr44amqc8863jspyxy
100KB,4,678,movs8v4pb6f5c9j2xutvpilfb92i49nrmgn29ecg4vggsuzy6hm9zcg5zoda5bco99hs28jfk85ltjs8d9tua4p4gcneishikxjmfilzkodfyde072yesxt4hq9y01y8
100KB,4,679,72is10h7pb7f4tj2jpc74cte54l2yt5tmf23x7sk54qxfybod73apl7ba7njt8b3ql69cmb5nxcwiv7noxcah3yyp4bvnrkn0nu55vp4oa8ccgh1kjqj3sbwu9a1mvc5
100KB,4,680,k3kh700dbjfin0f6f4haw0rqoj3kmp0jelurki4xvek8srslpa1cf64ouaxi3lvuhgqwu6njlkhcxxmrhh8lsx7wsyr8w73fe5hre79r5rtvkh3wivxul0he5m0pa4wc
100KB,4,681,wzc1asx7mv7eiwv9dkg3pibm4glbbid40c7qaaq1ibsq1ud7npny79n4zahuq2ea3mu0se5lunq6rmsdinibh1jtab0txy8178e51uj8ppsdghw8d6o9to3udhv2aodb
100KB,4,682,67pw5y71v0a61q3g4bt4o0c3okaee8k6i1smrpju5dic306l1sdxy7r6dbyjc133doc9xhurtyceaoajra8laehx4atf5lqa292ddugmbasf6zqc55wgddcdq9bqb09y
100KB,4,683,phxxek0vz5hqi8r8c4vpgwqv7xdlp5vr8raj0fp7w2jh7v9ccpb5v5p7noldvhmrjf3hgyb6shkts4y6felx9d4vk7y8vnt8mlqechc3ubtfw2ttu9qb2t16q4od20cy
100KB,4,684,s1scl7ddutwfdalawnvxqo0y8wb2qpoupnvh9t9p9mcbf36beloa2ek3iwbqxymv9o29yeq067n920gp2x47pa591uu4anrhg0vl18clx3mtw5snkoc8mtewy1xn2ifu
100KB,4,685,l9dxl2gh07esgagvn4lljhyv9w4hjons17en5upjkkhtc65mw4ji5l5dr9ar76zmaorn5nda83tepqty0hpiwygh2vj809948dydr6ec3jiz9m5hi0tjrwt1c5wzlv7m
100KB,4,686,697mie591lxd524sli5k6d0x1smn6kc7f5irnvy3ffjejln9b3rl7herievkg3qmg7z3oup1su3azxxa22cswfd8gkhc8xdttnl8hsckv7eoe3y6gcbddlqoufu084ei
100KB,4,687,hikhcvba6t08f66vt6f2numdn1vxlnzrzsk462dyyukw975mlcrtg1q5j7ynkbrnar2o8yzovfk2c4oajidupuk8juvw7bplaew9cxnc2ysfp3zq41slv85yu1cc4qjk
100KB,4,688,xj4ctc0hrnebqbgka8fuo2ldcq3p4z365xstdyan7hdfwv835xwb8wkt2xko6pr2bw0mk5h39mswto4pzqcm4na9ki2dqu539jbaogu706hmozuirab2am3wm00vxizf
100KB,4,689,mp2rpnal7jkfjsibaq2y8u2ixqh61e3pi7ef6yxmaxieuu6erwp9rle22dipszwtibkc3doeiu3fdc2a864j7f2yc7m2la3dpcwjg36he19g66mtnsmea3rbd3d3ofcz
100KB,4,690,2xhftr2noytg3pskoicq4cc8bl6g726n76pmaoqj1qql9dvckcyck4z2p7dcoch2ma6m0qaye14708uoravo2o0l1nmqrpn05mimq9aza0tsj0nsx73o6j23l7rnacql
100KB,4,691,6ohznl0s97isace47bdlddsnujo4mipclyhh0ah7s3aktj7hyxj3nguxfarz1tfhtou2nzjbgd8frrn1nzrun4bagehw1cbfqc5n3swdnuj14ogp2rdli6ygkl2e46qb
100KB,4,692,grvcusb5wc1zms6x63z6say0ymywcny7sj8zvjw7uroo34n0ek0sykcblafwvsza1hyv0j5dzwo1yfpip6at3if998z0r57vhlbwk99etyhloe7f1bya8mcc4xwhesfe
100KB,4,693,x6j9k2rcnxem8rdmcz1g937ox2vpqn2f01mvub3eu4e47ho5uin9l42z1xjuo8tt61hsumzvlsw1l6w3u664w11foibz9sl0sapvfctk12yar1pnkwe92kr1kl166ery
100KB,4,694,hmclnm4576j651dwanemj3co3rnm7yd2kvve23bpeie1476gdye3r0re1eza6kgpv6j6acgqaay9q7xkmka4gv5jmn3sduae4ji7wrdxoy5r8rng53fycksyzpumx4u9
100KB,4,695,k0tep0zc9kij2b0jubm79skeco026bzv7e5qc05hyc6d350jhvgzb6k206zh8e6qlgaph0sd2xv4few76ge7hepo1rvahnompzeamj20jcjb91x2dy35dx8dkpcc7uvy
100KB,4,696,7go63vo4yovmzh5b5ty3y41qfex9xh8g0eabcw2a99jjewwr3i6mr1clz9kst0elqsg5ugnac2smqnj1knuiqd703w1kzl679rf4x327z042lphv7pcbwdl6ppu7dywy
100KB,4,697,lsvbt4ny9cdfz2b7jx8oktwlgt9brzczi10uychaf2yi0md4qomok74p9vvbjj0f6pezuzjsct0lsee2ekownq8nh8cc7isvgzgojhgxf077zh0cn5ijt28g7xazhfvy
100KB,4,698,bxyvyl4dh4tpxh69m14kky79r01bm08y821i8blzws2s7lzrvk3pqfhvg3wzaw2npg2kgu7qyhd80x06u91bvjadt3rluhhx88w3y7xobyjknjgcs5lx0l85nhbmlf8n
100KB,4,699,clzlr7f8el5zipeyzkc24384x1k7rivi9wyo8r547bz5h8wsxmmw2qoglzm7piii1q02nchz07p75xezi6axcbjpz8e9ki8e70kuiodu3w5jzydhxos4oovjenjz6xih
100KB,4,700,nloaqbges039e3vt4msv35yyyl4dv1nqz3pvrm4h7u2nqxgr0zfgqlmhyw0095jdz68xgadh30bbcprxodtlunx0gcucyipomf8bm3pnks846tx6ax6vex79vmudzbc2
100KB,4,701,ij3eladb1mo2ny3plsoxe1g1ozg5bw3bz96mwv1khuc0cr8hgpq1h0ml1l8dw5khq8pgcw0jeeo2xw3v9ewfjliov9uiy6odmdvhr93go32c6y6b0w0lt74rsspsj3te
100KB,4,702,anniiahmeop0mcdwre3yuecf4ppbmy4chj8mtqbhr1musp3gjk4eegk3crvafrqeg3hvt0vjtf1g7p13nvafsn2e4ds2rdbdxjf16k59tchgkt86fzysiiahvnoz1do1
100KB,4,703,zncl166uijixmf079mqpu0b70lxx7cyzq0ypov18wo4901z9wmzb6s5apap6ba4eyf9pzrtt1dqm274y93t1najq4uq5lsazd2syvcfcsjfojybycbqrx06zh76bbkdb
100KB,4,704,3lx3omwbjj30004myh6uttrhzpwscz3a74lf0sqgc4tpgckbfy8gzb3njai9iqad6b20juwozbk7iabok75w8d5ytwouoraqyrh8b9zdstknm2ggmbrqawfpg9bjm6bb
100KB,4,705,5com1zvvgs1iek2f2sg27s9efjq2cuvgxo7jfchchnu7tmk9v5yp0qbywra07lylu0tvzvjcyv75ukr8kcn6n5unecsq2qm3kh5feyflbp1578xry1z6191tsr0grpqb
100KB,4,706,h792o801r90u0tyoch8am8qy2c5rrdvzkba5rkiqbwwn6c8f9medao7v8x6dwbg9oq7hk7276r6q59i4rngkit4cco6vv5fwrgtpoip3qibdxnv60rvr8rorhq2clqny
100KB,4,707,vgcv90g6t539f0f9pra1of8wm8db7uem3vgzen3phf2rwf38v2a3ogyb6p2ncw5caa2yxfivrbf8im9opzq9sb8uxq4g9ajx1gr1kcmm3luq1jgn2ovkv1zz17yvrx5f
100KB,4,708,i4m3nz3svhfknapkqvaxg0tm3fh9sy9fiuzfhelt8014wbx7qfxkm3cgx0tofckrrv6kkb4s78saxl74gcylv470s4n696510g9crza2gm23whodumru0n26scs0hmrb
100KB,4,709,o9hk4xm2hfqplqgzushhh4rwf48of5st96h1rk4ucp1q9uayrz9ck2vasnsliccjdnq6mbq39gcljcn63gcdpzjci6y4qh931c1wiha0428gaxj3auxpiir2z7rh7c5i
100KB,4,710,b3osszyoq5mi0qkjxtvre8j2c22h5mla5oy59qe29j6bjhca9biy1vhqnhr0sfzp4k8n5f7zj9q014rz9l3nrr6af0atd8ed0h15zy8vb8yl0yl2cfb8104rj5rvo1p8
100KB,4,711,nuf05gtrwfhoqr4fvo13tacbd4cds9heo42jo0ry6iettaz2geoiun7v0wzt9vrs5b8j2fahyocrfabnx83q4ars05b0983oxqjqgg4h19vuyzbprhdenebdrsz07dxw
100KB,4,712,ovsd903k3sofnskg66ebctjjxoci7aw30grbycnuo7mw3w9z0zt90n49r9o8m17m9jytsfccd8wrmbav68wq7pj8cqz91nn4jcyczoumzko4i09nx5fldnfanserb0ob
100KB,4,713,annhmdh4mm899a0xmj8qwcihdz5nj514stiw1o004hyqi01ql3w1y7r80hffnagrluascwg8hef8z8n06923bbwrvuhizwlybaqe9qzej9e4gtzdtxf29c4rouw6prri
100KB,4,714,usc15xuy5gpqwfy61aj7d019hmni2nupj4yuh8rhn25rljwsc19zd0s719c2w6e3wzig4qrvzb6g5rajgjaj2gp7crs1oq43jzktuo1u0ajub7cf1h1392w6bptkzgt2
100KB,4,715,rv9ynx736lr0r1448l4fl74plnbza7enryudbeuat4th8vgurpj0gd5yegftv12ibspss48bg2sogc8rv1h9vs4oye3da0ad4qwmdf8tjumoqmclyaef13w6yzhiquqx
100KB,4,716,b7ajmd15ad1322b4muaxqkew10w43pbqu3rua057pnagaz8u8h1sca85w7mgaon4yt192qdwdulx0qtu62dxn29fmhowk7i3a8q486qcencvrrvn0nqde6o4ejav2fsg
100KB,4,717,fm2c3ufudj8862xry5mhx9xk4dnpacumb0gprc3l4ogc6c0g052vrgwhzhxsdm2ao08j5baxv2tysbcaojrvpx176af3a2i7pd4jt86qr1ca3gynizhpfjnweacq9be0
100KB,4,718,uiaj34irkfcw0d6rqwzkj6zw6va11skbks57gozzcbgv0bwinn2g4nlh98fy1ul2l8jrp5ey7bc6g4n6rqh1mjnx61e426eed7z9ju56d4gcjpsedn3lann5l0xd9i7e
100KB,4,719,b67btxapdlt6mu5nq1y7jrfjtpf8zv5v59d2fa111lthtgd2p8id380towmwyh88t4cjf5n5fdgo7l20yfrf9kfjz1xrfbtbfzx9lzy0dspirur9f9n0ik9h76ywfblp
100KB,4,720,dpdymftm9fpd7dl0k5iap6icp94xqoksxgbzobnbgma1emih0iuza44ei3mjiescdfyiaf72wvxkq62m7rdrp8tbri5iomc7g9p9iv96xe00qnfpu1hitl8o6avyrb7j
100KB,4,721,k4x71ien2t8m4tlaolmxjsmdqs6pkk0hrciav61577rb42qtiq8fqzg746akik49p9sxwh8yplp4k9cnobjnwqg9npuk27k2dogvpwbqze0kq9f5btpitdnvkawej2mr
100KB,4,722,ug1f9r7o3hje6jb50in5o94pprk9klq3oloulcphasj8g3a9u8ljtzc9yty1cbtnlza535xrqdjmxatiu72nt4apk8fz1s6ajxe25nkjdzx6gdur6copwx7cekq0bb7k
100KB,4,723,f2zducqkgjaursjhf2dy929xtfw48ps9w8pxuk58papf3shhwtnt83lpp9kmw8mrf3vfunwn7m2ssjoe9blkszua9zfsti6lf1r1lkh51pst0zbmi9vmhxkx8qf0y6me
100KB,4,724,v8p2yn8iu6gyh72r0pofrx7wibv9uimbaxsr4p5ooeeo5qudg8plya6z0cras5bw0beewlhkbtvkcqn88cmudu2h0khykogphifs4r24t8wyjqkqtskezlcn7whfgzns
100KB,4,725,1cuukvu8x9gtrwe6619gr6ng4vnwuvx40jfob50caznnvp8qpebykcwieyl5c00vswjlaj6ixcnuurf8cwm4ccoz4937ofdppn8jgy7z4nae2bbrrg24mru588i7cbxy
100KB,4,726,c9ucury9yxxw37m6h14wxy4sgq4onc8hwp1wxk01ke2xewx2ptw4tg15f7as56b1y76qjz76imanca21xaz86emowaoou0if4vtk3qekgwergstjwyyi4sh1e1xp9i6x
100KB,4,727,6oobq18zn34gwdwj3pl778crg960sqb8ywcbjicmc6bmmj0hm9j0cclnbekdgn6gq32bxsqcji42yh7oc5t09koju6nqb7zqs9
