signature_profile,hash_algorithm,bucket,benchmark_scenario,storage_state_label,measured_runs_total,measured_runs_success,measured_runs_failed,scenario_success_rate,verify_applicable_runs,verify_ok_runs,verify_applicable_success_rate,verify_success_rate,server_telemetry_configured,server_telemetry_coverage,setup_upload_ms_median,setup_upload_ms_iqr,setup_upload_ms_p95,setup_upload_ms_ci95_low,setup_upload_ms_ci95_high,setup_process_ms_median,setup_process_ms_iqr,setup_process_ms_p95,setup_process_ms_ci95_low,setup_process_ms_ci95_high,upload_ms_median,upload_ms_iqr,upload_ms_p95,upload_ms_ci95_low,upload_ms_ci95_high,process_ms_median,process_ms_iqr,process_ms_p95,process_ms_ci95_low,process_ms_ci95_high,verify_ms_median,verify_ms_iqr,verify_ms_p95,verify_ms_ci95_low,verify_ms_ci95_high,total_ms_median,total_ms_iqr,total_ms_p95,total_ms_ci95_low,total_ms_ci95_high,server_process_gateway_ms_median,server_process_gateway_ms_iqr,server_process_gateway_ms_p95,server_process_gateway_ms_ci95_low,server_process_gateway_ms_ci95_high,server_verify_gateway_ms_median,server_verify_gateway_ms_iqr,server_verify_gateway_ms_p95,server_verify_gateway_ms_ci95_low,server_verify_gateway_ms_ci95_high,server_hash_ms_median,server_hash_ms_iqr,server_hash_ms_p95,server_hash_ms_ci95_low,server_hash_ms_ci95_high,server_rsa_sign_ms_median,server_rsa_sign_ms_iqr,server_rsa_sign_ms_p95,server_rsa_sign_ms_ci95_low,server_rsa_sign_ms_ci95_high,server_eddsa_sign_ms_median,server_eddsa_sign_ms_iqr,server_eddsa_sign_ms_p95,server_eddsa_sign_ms_ci95_low,server_eddsa_sign_ms_ci95_high,server_ecdsa_sign_ms_median,server_ecdsa_sign_ms_iqr,server_ecdsa_sign_ms_p95,server_ecdsa_sign_ms_ci95_low,server_ecdsa_sign_ms_ci95_high,server_hmac_sign_ms_median,server_hmac_sign_ms_iqr,server_hmac_sign_ms_p95,server_hmac_sign_ms_ci95_low,server_hmac_sign_ms_ci95_high,server_ml_dsa_sign_ms_median,server_ml_dsa_sign_ms_iqr,server_ml_dsa_sign_ms_p95,server_ml_dsa_sign_ms_ci95_low,server_ml_dsa_sign_ms_ci95_high,server_slh_dsa_sign_ms_median,server_slh_dsa_sign_ms_iqr,server_slh_dsa_sign_ms_p95,server_slh_dsa_sign_ms_ci95_low,server_slh_dsa_sign_ms_ci95_high,server_fn_dsa_sign_ms_median,server_fn_dsa_sign_ms_iqr,server_fn_dsa_sign_ms_p95,server_fn_dsa_sign_ms_ci95_low,server_fn_dsa_sign_ms_ci95_high,server_eddsa_verify_ms_median,server_eddsa_verify_ms_iqr,server_eddsa_verify_ms_p95,server_eddsa_verify_ms_ci95_low,server_eddsa_verify_ms_ci95_high,server_ecdsa_verify_ms_median,server_ecdsa_verify_ms_iqr,server_ecdsa_verify_ms_p95,server_ecdsa_verify_ms_ci95_low,server_ecdsa_verify_ms_ci95_high,server_hmac_verify_ms_median,server_hmac_verify_ms_iqr,server_hmac_verify_ms_p95,server_hmac_verify_ms_ci95_low,server_hmac_verify_ms_ci95_high,server_ml_dsa_verify_ms_median,server_ml_dsa_verify_ms_iqr,server_ml_dsa_verify_ms_p95,server_ml_dsa_verify_ms_ci95_low,server_ml_dsa_verify_ms_ci95_high,server_slh_dsa_verify_ms_median,server_slh_dsa_verify_ms_iqr,server_slh_dsa_verify_ms_p95,server_slh_dsa_verify_ms_ci95_low,server_slh_dsa_verify_ms_ci95_high,server_fn_dsa_verify_ms_median,server_fn_dsa_verify_ms_iqr,server_fn_dsa_verify_ms_p95,server_fn_dsa_verify_ms_ci95_low,server_fn_dsa_verify_ms_ci95_high,server_verify_ms_median,server_verify_ms_iqr,server_verify_ms_p95,server_verify_ms_ci95_low,server_verify_ms_ci95_high,server_total_ms_median,server_total_ms_iqr,server_total_ms_p95,server_total_ms_ci95_low,server_total_ms_ci95_high,manifest_size_median,manifest_size_iqr,manifest_size_p95,manifest_size_ci95_low,manifest_size_ci95_high,manifest_core_bytes_median,manifest_core_bytes_iqr,manifest_core_bytes_p95,manifest_core_bytes_ci95_low,manifest_core_bytes_ci95_high,manifest_core_cbor_bytes_median,manifest_core_cbor_bytes_iqr,manifest_core_cbor_bytes_p95,manifest_core_cbor_bytes_ci95_low,manifest_core_cbor_bytes_ci95_high,manifest_envelope_bytes_median,manifest_envelope_bytes_iqr,manifest_envelope_bytes_p95,manifest_envelope_bytes_ci95_low,manifest_envelope_bytes_ci95_high,rsa_signature_bytes_median,rsa_signature_bytes_iqr,rsa_signature_bytes_p95,rsa_signature_bytes_ci95_low,rsa_signature_bytes_ci95_high,eddsa_signature_bytes_median,eddsa_signature_bytes_iqr,eddsa_signature_bytes_p95,eddsa_signature_bytes_ci95_low,eddsa_signature_bytes_ci95_high,ecdsa_signature_bytes_median,ecdsa_signature_bytes_iqr,ecdsa_signature_bytes_p95,ecdsa_signature_bytes_ci95_low,ecdsa_signature_bytes_ci95_high,hmac_signature_bytes_median,hmac_signature_bytes_iqr,hmac_signature_bytes_p95,hmac_signature_bytes_ci95_low,hmac_signature_bytes_ci95_high,ml_dsa_signature_bytes_median,ml_dsa_signature_bytes_iqr,ml_dsa_signature_bytes_p95,ml_dsa_signature_bytes_ci95_low,ml_dsa_signature_bytes_ci95_high,slh_dsa_signature_bytes_median,slh_dsa_signature_bytes_iqr,slh_dsa_signature_bytes_p95,slh_dsa_signature_bytes_ci95_low,slh_dsa_signature_bytes_ci95_high,fn_dsa_signature_bytes_median,fn_dsa_signature_bytes_iqr,fn_dsa_signature_bytes_p95,fn_dsa_signature_bytes_ci95_low,fn_dsa_signature_bytes_ci95_high,signature_size_median,signature_size_iqr,signature_size_p95,signature_size_ci95_low,signature_size_ci95_high,manifest_overhead_pct_median,manifest_overhead_pct_iqr,manifest_overhead_pct_p95,manifest_overhead_pct_ci95_low,manifest_overhead_pct_ci95_high,signature_overhead_pct_median,signature_overhead_pct_iqr,signature_overhead_pct_p95,signature_overhead_pct_ci95_low,signature_overhead_pct_ci95_high,storage_amplification_median,storage_amplification_iqr,storage_amplification_p95,storage_amplification_ci95_low,storage_amplification_ci95_high,client_total_mib_s_median,client_total_mib_s_iqr,client_total_mib_s_p95,client_total_mib_s_ci95_low,client_total_mib_s_ci95_high,server_hash_mib_s_median,server_hash_mib_s_iqr,server_hash_mib_s_p95,server_hash_mib_s_ci95_low,server_hash_mib_s_ci95_high,server_verify_mib_s_median,server_verify_mib_s_iqr,server_verify_mib_s_p95,server_verify_mib_s_ci95_low,server_verify_mib_s_ci95_high,server_total_mib_s_median,server_total_mib_s_iqr,server_total_mib_s_p95,server_total_mib_s_ci95_low,server_total_mib_s_ci95_high,ratio_vs_rsa_pss_total_median,ratio_vs_rsa_pss_server_total_median
ecdsa_fn_dsa,blake3,10KB,sign_only,warm,100,100,0,1.0,0,0,,0.0,true,1.0,1.4269254999999998,0.16444674999999953,1.7432289499999998,1.388846,1.4466601999999997,19.793245499999998,0.8161427499999974,21.485590600000002,19.651958,19.970609637499997,1.4269254999999998,0.16444674999999953,1.7432289499999998,1.388846,1.4466601999999997,19.793245499999998,0.8161427499999974,21.485590600000002,19.651958,19.970609637499997,,,,,,21.183777999999997,0.8738104999999976,23.0791606,21.072834,21.396689000000002,15.4657885,0.5376182499999995,16.74306405,15.393017,15.593963,,,,,,0.1554465,0.03750774999999998,0.36484219999999995,0.149841,0.1609510375,,,,,,,,,,,0.4835565,0.08738649999999992,0.6589013,0.47753193749999995,0.4952895625,,,,,,,,,,,,,,,,0.307712,0.05123824999999993,0.4280424,0.302117,0.3194335625,,,,,,,,,,,,,,,,,,,,,,,,,,,,,,,,,,,,15.4657885,0.5376182499999995,16.74306405,15.393017,15.593963,2129.0,5.0,2133.05,2128.0,2129.5125,498.0,0.0,498.0,498.0,498.0,461.0,0.0,461.0,461.0,461.0,522.0,0.0,524.0,522.0,522.0,,,,,,,,,,,69.0,0.0,72.0,69.0,69.0,,,,,,,,,,,,,,,,654.0,3.0,657.0,654.0,654.0,723.0,3.75,726.0,723.0,723.0,20.791015625,0.048828125,20.83056640625,20.78125,20.7960205078125,7.060546875,0.03662109374999911,7.089843749999999,7.060546875,7.060546875,1.20791015625,0.00048828125,1.2083056640625,1.2078125,1.207960205078125,0.4609956095000378,0.018884221523474576,0.6840666367357794,0.45640823213348564,0.46332431329131807,62.82324457885298,14.040249920479056,76.97119413277028,60.53461068787464,65.04881301387643,,,,,,0.6314340255162466,0.0218209453232987,1.1523714061202066,0.6262439509443494,0.6344191655216128,,
ecdsa_ml_dsa,blake3,10KB,sign_only,warm,100,100,0,1.0,0,0,,0.0,true,1.0,1.404221,0.1696222500000002,1.69391625,1.3568160000000002,1.4466512875,20.356323,1.30092475,22.73393505,20.13018,20.614382,1.404221,0.1696222500000002,1.69391625,1.3568160000000002,1.4466512875,20.356323,1.30092475,22.73393505,20.13018,20.614382,,,,,,21.768306,1.2786712499999986,24.06566615,21.549536,22.013401,15.992135,1.0756775000000012,17.77153685,15.859762,16.243810637499998,,,,,,0.16266999999999998,0.04159099999999999,0.27193194999999987,0.154921,0.17102,,,,,,,,,,,0.4935705,0.12221424999999997,0.66193535,0.48506,0.503815,,,,,,0.7125760000000001,0.477894,1.84613365,0.603351,0.7850001624999999,,,,,,,,,,,,,,,,,,,,,,,,,,,,,,,,,,,,,,,,,,,,,,15.992135,1.0756775000000012,17.77153685,15.859762,16.243810637499998,5667.0,2.0,5669.0,5667.0,5667.0,498.0,0.0,498.0,498.0,498.0,461.0,0.0,461.0,461.0,461.0,522.0,0.0,524.0,522.0,522.0,,,,,,,,,,,69.0,0.0,72.0,69.0,69.0,,,,,,3309.0,0.0,3309.0,3309.0,3309.0,,,,,,,,,,,3378.0,0.0,3381.0,3378.0,3378.0,55.34179687500001,0.019531249999992895,55.361328125,55.34179687500001,55.34179687500001,32.98828125,0.0,33.017578125,32.98828125,32.98828125,1.55341796875,0.0001953125000000444,1.55361328125,1.55341796875,1.55341796875,0.4486167387351091,0.026334633976338395,0.670427925100526,0.44362181927272387,0.45317101027140444,60.03356215946488,15.332979543475439,77.8443830927862,57.10223950415156,63.036160365605696,,,,,,0.6106522784699202,0.04072687423614596,1.0895288381030392,0.6010633308483997,0.6153696044850462,,
eddsa_fn_dsa,blake3,10KB,sign_only,warm,100,100,0,1.0,0,0,,0.0,true,1.0,1.3719415000000001,0.180226,1.59785855,1.3551520000000001,1.4051259125,19.502110000000002,0.6154972500000007,21.6530049,19.394361,19.624969,1.3719415000000001,0.180226,1.59785855,1.3551520000000001,1.4051259125,19.502110000000002,0.6154972500000007,21.6530049,19.394361,19.624969,,,,,,20.973133,0.7420502499999948,22.918569899999994,20.836175000000004,21.101431,15.2394485,0.5710757500000003,16.2834629,15.127829,15.313931349999997,,,,,,0.155086,0.0318175,0.2040716,0.151143,0.161833,,,,,,0.247314,0.04045400000000002,0.33086839999999995,0.238867,0.25363600000000003,,,,,,,,,,,,,,,,,,,,,0.311033,0.09156625000000002,0.42230999999999996,0.29841154999999997,0.322334,,,,,,,,,,,,,,,,,,,,,,,,,,,,,,,,,,,,15.2394485,0.5710757500000003,16.2834629,15.127829,15.313931349999997,2120.0,5.0,2125.0,2119.0,2120.0,498.0,0.0,498.0,498.0,498.0,461.0,0.0,461.0,461.0,461.0,522.0,0.0,524.0,522.0,522.0,,,,,,63.0,0.0,63.0,63.0,63.0,,,,,,,,,,,,,,,,,,,,,654.0,3.0,657.0,654.0,654.0,717.0,3.0,720.0,717.0,717.0,20.703125,0.048828125,20.751953125,20.693359375,20.703125,7.001953125,0.029296874999999112,7.03125,7.001953125,7.001953125,1.20703125,0.00048828125,1.20751953125,1.20693359375,1.20703125,0.4656256524196515,0.01645481267058141,0.5810844191113872,0.4627944427086485,0.4686860712198856,62.96913547435045,12.277812290916053,78.01280440608348,60.343738506215445,64.61182456349285,,,,,,0.6408122364655257,0.023806647642937273,0.8853190268471487,0.6376250993919803,0.645540414292097,,
eddsa_ml_dsa,blake3,10KB,sign_only,warm,100,100,0,1.0,0,0,,0.0,true,1.0,1.4218785,0.19156250000000008,1.72112215,1.4024658499999998,1.45799845,20.0784445,1.053517499999998,22.066023100000002,19.88993,20.29848135,1.4218785,0.19156250000000008,1.72112215,1.4024658499999998,1.45799845,20.0784445,1.053517499999998,22.066023100000002,19.88993,20.29848135,,,,,,21.585161,1.0213249999999974,23.361392100000003,21.294225,21.723452062499998,15.756609000000001,0.9933127500000012,17.480145,15.602339,15.888074312499999,,,,,,0.15718,0.03371874999999999,0.3548926499999999,0.14915,0.160891,,,,,,0.2443685,0.04072324999999999,0.30009995000000006,0.24023485,0.2538889875,,,,,,,,,,,0.6372294999999999,0.61989,1.7899118999999997,0.55455,0.7950096874999999,,,,,,,,,,,,,,,,,,,,,,,,,,,,,,,,,,,,,,,,,,,,,,15.756609000000001,0.9933127500000012,17.480145,15.602339,15.888074312499999,5658.0,0.0,5660.0,5658.0,5658.0,498.0,0.0,498.0,498.0,498.0,461.0,0.0,461.0,461.0,461.0,522.0,0.0,524.0,522.0,522.0,,,,,,63.0,0.0,63.0,63.0,63.0,,,,,,,,,,,3309.0,0.0,3309.0,3309.0,3309.0,,,,,,,,,,,3372.0,0.0,3372.0,3372.0,3372.0,55.25390624999999,0.0,55.2734375,55.25390624999999,55.25390624999999,32.9296875,0.0,32.9296875,32.9296875,32.9296875,1.5525390625,0.0,1.552734375,1.5525390625,1.5525390625000002,0.45242330162348415,0.02143220243243099,0.652443316000343,0.4494553630791608,0.4586043868701491,62.13063625241536,13.102725436658503,74.91134696087363,60.69276196189557,65.19711265124536,,,,,,0.6197797772292661,0.03880881886969123,1.0731837082130384,0.6140034632231691,0.6259077565229162,,
ecdsa_fn_dsa,blake3,1MB,sign_only,warm,100,100,0,1.0,0,0,,0.0,true,1.0,9.4856225,2.2753957500000013,11.946959099999999,9.0734228,10.039633925,23.425244499999998,0.9215350000000022,25.93519805,23.278123,23.568828,9.4856225,2.2753957500000013,11.946959099999999,9.0734228,10.039633925,23.425244499999998,0.9215350000000022,25.93519805,23.278123,23.568828,,,,,,32.636883,3.154466499999998,36.4644776,32.179009,33.071107075,19.0741355,0.8820514999999958,21.159013299999998,18.929368,19.270108,,,,,,3.708775,0.3534552500000001,4.41665655,3.648212,3.77161665,,,,,,,,,,,0.47557150000000004,0.03866525000000004,0.61402055,0.468007,0.481293,,,,,,,,,,,,,,,,0.308318,0.038327250000000035,0.40644765,0.302427,0.315776175,,,,,,,,,,,,,,,,,,,,,,,,,,,,,,,,,,,,19.0741355,0.8820514999999958,21.159013299999998,18.929368,19.270108,2129.0,4.0,2134.0,2128.0,2130.0,500.0,0.0,500.0,500.0,500.0,463.0,0.0,463.0,463.0,463.0,520.0,0.0,522.0,520.0,520.0,,,,,,,,,,,69.0,3.0,72.0,69.0,69.0,,,,,,,,,,,,,,,,654.0,0.75,657.0,654.0,654.0,723.0,3.0,729.0,723.0,726.0,0.20303726196289062,0.0003814697265625,0.20351409912109375,0.20294189453125,0.20313262939453125,0.06895065307617188,0.000286102294921875,0.06952285766601562,0.06895065307617188,0.06923675537109375,1.002030372619629,3.814697265625e-6,1.002035140991211,1.0020294189453125,1.0020313262939453,30.640182324453107,2.890263437943677,37.39246509693399,30.223223591498797,31.076158995449486,269.63082730611006,25.888487830977795,303.9132795236592,264.93652518261416,274.1068775608435,,,,,,52.42704589647748,2.4324656894279855,82.4441248100513,51.89384512012076,52.80387270701414,,
ecdsa_ml_dsa,blake3,1MB,sign_only,warm,100,100,0,1.0,0,0,,0.0,true,1.0,9.3800825,2.206110999999998,11.711225149999999,8.879401999999999,9.707375,24.028407,1.4323464999999977,26.245475550000002,23.7887,24.3341742,9.3800825,2.206110999999998,11.711225149999999,8.879401999999999,9.707375,24.028407,1.4323464999999977,26.245475550000002,23.7887,24.3341742,,,,,,33.245477,2.6110967500000086,36.2890744,32.86318,33.52554000000001,19.707478,1.188709750000001,21.565049650000002,19.430488,19.939933,,,,,,3.7660525,0.34566600000000003,4.28687085,3.719375,3.822949,,,,,,,,,,,0.4802855,0.03635574999999991,0.6062312499999999,0.473187,0.488656,,,,,,0.6480905,0.40989925,1.4367825499999998,0.5529470000000001,0.7088284374999998,,,,,,,,,,,,,,,,,,,,,,,,,,,,,,,,,,,,,,,,,,,,,,19.707478,1.188709750000001,21.565049650000002,19.430488,19.939933,5667.0,2.0,5670.0,5667.0,5667.0,500.0,0.0,500.0,500.0,500.0,463.0,0.0,463.0,463.0,463.0,520.0,0.0,522.0,520.0,520.0,,,,,,,,,,,69.0,3.0,72.0,69.0,69.0,,,,,,3309.0,0.0,3309.0,3309.0,3309.0,,,,,,,,,,,3378.0,3.0,3381.0,3378.0,3378.0,0.5404472351074219,0.00019073486328125,0.5407333374023438,0.5404472351074219,0.5404472351074219,0.32215118408203125,0.000286102294921875,0.3224372863769531,0.32215118408203125,0.32215118408203125,1.0054044723510742,1.9073486328125e-6,1.0054073333740234,1.0054044723510742,1.0054044723510742,30.079279695591453,2.3611322546296236,36.28860563265296,29.828005753225742,30.349716208029744,265.530079378747,24.06185977189901,292.6936558350481,261.5781691045316,268.86237607124855,,,,,,50.742177279644324,3.055723341258137,75.10530920799806,50.15040104349386,51.46551131397215,,
eddsa_fn_dsa,blake3,1MB,sign_only,warm,100,100,0,1.0,0,0,,0.0,true,1.0,8.946288,1.8856970000000004,11.90351045,8.78691505,9.472071999999999,23.241022,1.0188832499999982,24.338243,23.151601025,23.342688337499997,8.946288,1.8856970000000004,11.90351045,8.78691505,9.472071999999999,23.241022,1.0188832499999982,24.338243,23.151601025,23.342688337499997,,,,,,32.4588045,2.2962580000000017,34.925850649999994,32.00377465,33.03796746249999,18.8809725,0.9327497499999993,19.908193449999995,18.758809000000003,19.060662049999998,,,,,,3.7368275,0.301666,4.2669034,3.683678,3.780417025,,,,,,0.2337435,0.031882500000000036,0.28830799999999995,0.227136,0.2394544,,,,,,,,,,,,,,,,,,,,,0.30114949999999996,0.03919275,0.40393345,0.29790900000000003,0.30754327499999995,,,,,,,,,,,,,,,,,,,,,,,,,,,,,,,,,,,,18.8809725,0.9327497499999993,19.908193449999995,18.758809000000003,19.060662049999998,2119.5,4.25,2125.0,2118.0,2120.0,500.0,0.0,500.0,500.0,500.0,463.0,0.0,463.0,463.0,463.0,520.0,0.0,522.0,520.0,520.0,,,,,,63.0,0.0,63.0,63.0,63.0,,,,,,,,,,,,,,,,,,,,,654.0,3.0,657.0,654.0,654.0,717.0,3.0,720.0,717.0,717.0,0.2021312713623047,0.00040531158447265625,0.20265579223632812,0.20198822021484375,0.202178955078125,0.06837844848632812,0.000286102294921875,0.06866455078125,0.06837844848632812,0.06837844848632812,1.002021312713623,4.0531158447265625e-6,1.0020265579223633,1.0020198822021484,1.0020217895507812,30.808287410247296,2.182766066668769,38.762315910321234,30.253065074161455,31.24596536472228,267.6066942857834,21.829899425148483,301.8973796764932,264.47463040331587,270.95110256922834,,,,,,52.96337402010877,2.6028635523878023,82.67484261178069,52.45419542293083,53.30828838867115,,
eddsa_ml_dsa,blake3,1MB,sign_only,warm,100,100,0,1.0,0,0,,0.0,true,1.0,9.377690000000001,2.0582600000000006,11.560726149999999,9.095621325,10.0624919125,23.660172000000003,1.4817855000000009,26.1593751,23.427417,23.907635,9.377690000000001,2.0582600000000006,11.560726149999999,9.095621325,10.0624919125,23.660172000000003,1.4817855000000009,26.1593751,23.427417,23.907635,,,,,,32.664537499999994,3.6424982499999956,36.3132528,32.291941,33.074639,19.288617000000002,1.3043387499999994,21.55814435,19.062659,19.476945,,,,,,3.7246895,0.3489567499999997,4.48629755,3.692965,3.793373,,,,,,0.228158,0.03018725,0.26866675000000007,0.223108,0.2358709,,,,,,,,,,,0.630397,0.557353,1.4544529499999999,0.552015,0.73575,,,,,,,,,,,,,,,,,,,,,,,,,,,,,,,,,,,,,,,,,,,,,,19.288617000000002,1.3043387499999994,21.55814435,19.062659,19.476945,5658.0,0.0,5660.0,5658.0,5658.0,500.0,0.0,500.0,500.0,500.0,463.0,0.0,463.0,463.0,463.0,520.0,0.0,522.0,520.0,520.0,,,,,,63.0,0.0,63.0,63.0,63.0,,,,,,,,,,,3309.0,0.0,3309.0,3309.0,3309.0,,,,,,,,,,,3372.0,0.0,3372.0,3372.0,3372.0,0.5395889282226562,0.0,0.5397796630859375,0.5395889282226562,0.5395889282226562,0.3215789794921875,0.0,0.3215789794921875,0.3215789794921875,0.3215789794921875,1.0053958892822266,0.0,1.0053977966308594,1.0053958892822266,1.0053958892822266,30.614240294156303,3.411484815275429,37.769529946494664,30.23267703467097,30.90913879103885,268.47883314284553,24.443139033884222,304.6551713730178,263.61763000896565,270.78512793920333,,,,,,51.84405647848652,3.571507650736251,79.08367803445128,51.3427542153043,52.40587412403762,,
ecdsa_fn_dsa,blake3,50MB,sign_only,warm,100,100,0,1.0,0,0,,0.0,true,1.0,375.8845005,98.68346000000008,471.10050064999996,365.963433,402.93460214999993,208.7485995,15.67458425000001,224.05720085,204.013305,210.773333,375.8845005,98.68346000000008,471.10050064999996,365.963433,402.93460214999993,208.7485995,15.67458425000001,224.05720085,204.013305,210.773333,,,,,,590.5830595,86.26688449999995,670.00742705,564.509646,610.2996934625,204.11518999999998,15.72688549999998,219.80152915,199.7669467625,205.667631,,,,,,177.5984125,15.175421249999971,192.74296644999998,175.05813206249996,179.630012,,,,,,,,,,,0.5843205,0.1626265,0.7162447500000001,0.551875,0.6324167874999997,,,,,,,,,,,,,,,,0.3278095,0.05100024999999997,0.43348044999999996,0.318277,0.33752765,,,,,,,,,,,,,,,,,,,,,,,,,,,,,,,,,,,,204.11518999999998,15.72688549999998,219.80152915,199.7669467625,205.667631,2131.0,5.0,2136.15,2130.0,2132.5125000000003,501.0,0.0,501.0,501.0,501.0,463.0,0.0,463.0,463.0,463.0,522.0,0.0,524.0,522.0,522.0,,,,,,,,,,,69.0,0.0,72.0,69.0,69.0,,,,,,,,,,,,,,,,654.0,3.0,657.0,654.0,654.0,723.0,3.0,729.0,723.0,723.0,0.0040645599365234375,9.5367431640625e-6,0.004074382781982422,0.004062652587890625,0.004067444801330567,0.0013790130615234375,5.7220458984375e-6,0.0013904571533203125,0.0013790130615234375,0.0013790130615234375,1.0000406455993653,9.536743150739824e-8,1.0000407438278198,1.000040626525879,1.0000406744480133,84.66211646864915,12.550015472037401,95.82136070472683,81.86841525070317,88.57244575764079,281.534048998647,24.46382508088783,307.19582927618364,278.3377224457551,285.607938374398,,,,,,244.96023100550133,19.147193469084442,268.1742053964096,243.10153660495104,250.2858965739385,,
ecdsa_ml_dsa,blake3,50MB,sign_only,warm,100,100,0,1.0,0,0,,0.0,true,1.0,372.17051649999996,86.48861124999996,462.5409972,358.14181099999996,397.761232,208.3322105,13.530532249999993,231.53160294999998,205.697451,211.025856,372.17051649999996,86.48861124999996,462.5409972,358.14181099999996,397.761232,208.3322105,13.530532249999993,231.53160294999998,205.697451,211.025856,,,,,,585.5011415,82.80434349999985,678.3074901499999,564.951427,604.0337559999999,203.7593325,13.801046000000014,223.35085155000002,201.213308,206.489832,,,,,,176.624591,13.092693499999967,196.2124465,174.74605300000002,180.888893,,,,,,,,,,,0.5744275000000001,0.13204000000000005,0.7299043999999999,0.554059,0.615654,,,,,,0.6764935000000001,0.5330727500000001,2.13317935,0.576101,0.809719,,,,,,,,,,,,,,,,,,,,,,,,,,,,,,,,,,,,,,,,,,,,,,203.7593325,13.801046000000014,223.35085155000002,201.213308,206.489832,5670.0,2.0,5672.0,5670.0,5670.0,501.0,0.0,501.0,501.0,501.0,463.0,0.0,463.0,463.0,463.0,522.0,0.0,524.0,522.0,522.0,,,,,,,,,,,69.0,0.0,72.0,69.0,69.0,,,,,,3309.0,0.0,3309.0,3309.0,3309.0,,,,,,,,,,,3378.0,0.0,3381.0,3378.0,3378.0,0.010814666748046875,3.814697265625e-6,0.0108184814453125,0.010814666748046875,0.010814666748046875,0.006443023681640625,0.0,0.0064487457275390625,0.006443023681640625,0.006443023681640625,1.0001081466674804,3.814697269177714e-8,1.000108184814453,1.0001081466674804,1.0001081466674804,85.39722530854247,11.900159565448035,95.48595557856373,82.7768307703651,88.45226347043283,283.0864850210462,20.614869638996936,301.8699415388735,276.41277013066804,286.12949558294173,,,,,,245.38753340687458,16.432943693513522,263.13985627352446,242.1426736402207,248.44969467100873,,
eddsa_fn_dsa,blake3,50MB,sign_only,warm,100,100,0,1.0,0,0,,0.0,true,1.0,361.9956845,97.20615050000004,470.5632283,339.67407199999997,391.2167422625,206.68357,14.469989499999997,223.68002610000002,204.906801,208.658846,361.9956845,97.20615050000004,470.5632283,339.67407199999997,391.2167422625,206.68357,14.469989499999997,223.68002610000002,204.906801,208.658846,,,,,,564.4907975,99.48276425000006,685.0997760500001,553.813099,593.8125299999999,202.18013100000002,14.407094999999998,219.04856519999998,200.392489,204.234594,,,,,,177.537799,14.086757499999976,193.91950920000002,175.2854342125,178.874635,,,,,,0.2801805,0.05691850000000004,0.37539025,0.268885,0.288702,,,,,,,,,,,,,,,,,,,,,0.342232,0.09464275,0.46039884999999997,0.32411799999999996,0.360596,,,,,,,,,,,,,,,,,,,,,,,,,,,,,,,,,,,,202.18013100000002,14.407094999999998,219.04856519999998,200.392489,204.234594,2122.0,3.0,2128.0,2121.0,2123.0,501.0,0.0,501.0,501.0,501.0,463.0,0.0,463.0,463.0,463.0,522.0,0.0,524.0,522.0,522.0,,,,,,63.0,0.0,63.0,63.0,63.0,,,,,,,,,,,,,,,,,,,,,654.0,3.0,657.0,654.0,654.0,717.0,3.0,720.0,717.0,717.0,0.004047393798828125,5.7220458984375e-6,0.004058837890625,0.0040454864501953125,0.0040493011474609375,0.0013675689697265625,5.7220458984375e-6,0.001373291015625,0.0013675689697265625,0.0013675689697265625,1.0000404739379882,5.7220459037665705e-8,1.0000405883789063,1.0000404548645019,1.0000404930114746,88.57688966472992,14.745100336693454,97.46140477957744,84.19575635346793,90.28316609029864,281.63021611244517,22.62749312053927,307.59155587614026,279.5253782069213,285.24888178872726,,,,,,247.30423537064337,17.626280594559148,266.3412040823696,244.8116210592372,249.41655837776173,,
eddsa_ml_dsa,blake3,50MB,sign_only,warm,100,100,0,1.0,0,0,,0.0,true,1.0,374.3707425,94.34442375000003,467.3855413999999,349.49231,390.888318,210.6493115,12.379993750000011,224.2916197,208.39380784999997,212.615173025,374.3707425,94.34442375000003,467.3855413999999,349.49231,390.888318,210.6493115,12.379993750000011,224.2916197,208.39380784999997,212.615173025,,,,,,583.3279125,91.45483975000002,676.92324605,562.844028,598.2590299999999,205.799824,11.809977500000002,219.8559043,203.823042,208.2047278375,,,,,,179.11546249999998,10.919605000000018,191.8144892,177.339687,181.624433,,,,,,0.2939765,0.05600750000000004,0.36073910000000003,0.280897,0.29880100000000004,,,,,,,,,,,0.6915565,0.4311284999999999,1.34572545,0.621155,0.7468870125,,,,,,,,,,,,,,,,,,,,,,,,,,,,,,,,,,,,,,,,,,,,,,205.799824,11.809977500000002,219.8559043,203.823042,208.2047278375,5661.0,0.0,5663.0,5661.0,5661.0,501.0,0.0,501.0,501.0,501.0,463.0,0.0,463.0,463.0,463.0,522.0,0.0,524.0,522.0,522.0,,,,,,63.0,0.0,63.0,63.0,63.0,,,,,,,,,,,3309.0,0.0,3309.0,3309.0,3309.0,,,,,,,,,,,3372.0,0.0,3372.0,3372.0,3372.0,0.010797500610351562,0.0,0.010801315307617188,0.010797500610351562,0.010797500610351562,0.00643157958984375,0.0,0.00643157958984375,0.00643157958984375,0.00643157958984375,1.0001079750061035,0.0,1.0001080131530762,1.0001079750061035,1.0001079750061035,85.71534688836093,13.3336914353319,95.41533452794614,83.57458858015625,88.83455719992111,279.1496445941969,17.0195626584906,307.28945622642937,275.2898029723216,281.89804848831847,,,,,,242.95484301009532,14.060977026437854,264.6948253639445,239.86759117073305,245.31083193233866,,
ecdsa_fn_dsa,sha256,10KB,sign_only,warm,100,100,0,1.0,0,0,,0.0,true,1.0,1.3966975000000001,0.16013900000000003,1.6776455499999998,1.367136,1.425354,19.766698499999997,0.8020372500000015,21.020030399999996,19.596727,19.8779959375,1.3966975000000001,0.16013900000000003,1.6776455499999998,1.367136,1.425354,19.766698499999997,0.8020372500000015,21.020030399999996,19.596727,19.8779959375,,,,,,21.1917525,0.9469812500000039,22.41707785,21.027335,21.3141439625,15.4924085,0.6437450000000027,16.528577249999998,15.344847,15.590323125,,,,,,0.15849249999999998,0.03462475000000001,0.3634967499999999,0.15470712499999997,0.1633518625,,,,,,,,,,,0.49647600000000003,0.12566299999999986,0.6447805999999999,0.482935,0.5203571499999999,,,,,,,,,,,,,,,,0.31768549999999995,0.04801275000000005,0.4245523,0.31179500000000004,0.325921,,,,,,,,,,,,,,,,,,,,,,,,,,,,,,,,,,,,15.4924085,0.6437450000000027,16.528577249999998,15.344847,15.590323125,2130.0,5.0,2133.15,2128.0,2131.0,499.0,0.0,499.0,499.0,499.0,462.0,0.0,462.0,462.0,462.0,522.0,0.0,524.0,522.0,522.0,,,,,,,,,,,69.0,0.0,72.0,69.0,69.0,,,,,,,,,,,,,,,,654.0,3.0,657.0,654.0,654.0,723.0,3.0,726.15,723.0,723.0,20.80078125,0.048828125,20.83154296875,20.78125,20.810546875,7.060546875,0.029296874999999112,7.091308593749999,7.060546875,7.060546875,1.2080078125,0.00048828125,1.2083154296875,1.2078125,1.20810546875,0.4608223556856189,0.020730097320264873,0.6714926013995579,0.4580052911350718,0.4644252350571292,61.61580550617933,12.727685254277226,74.66245934456194,59.77758529926668,63.12213173033418,,,,,,0.6303490959127633,0.02654881897795036,1.1075080681759149,0.6263883973994967,0.636410711687122,,
ecdsa_ml_dsa,sha256,10KB,sign_only,warm,100,100,0,1.0,0,0,,0.0,true,1.0,1.3759655,0.18210974999999996,1.59909775,1.3439420000000002,1.4136789375,20.423309000000003,1.0072650000000003,21.871596949999997,20.197292062500004,20.509814000000002,1.3759655,0.18210974999999996,1.59909775,1.3439420000000002,1.4136789375,20.423309000000003,1.0072650000000003,21.871596949999997,20.197292062500004,20.509814000000002,,,,,,21.772582,0.9423617499999963,23.25953285,21.630643,21.900675975000002,16.009472000000002,0.8156539999999985,17.23531715,15.887173,16.173026187500003,,,,,,0.157971,0.03265850000000001,0.3110909999999998,0.15441000000000002,0.16373700000000002,,,,,,,,,,,0.49129100000000003,0.11000899999999991,0.6637995,0.483307,0.5268498625,,,,,,0.6566615,0.40900925000000005,1.31530565,0.588203,0.7256592874999999,,,,,,,,,,,,,,,,,,,,,,,,,,,,,,,,,,,,,,,,,,,,,,16.009472000000002,0.8156539999999985,17.23531715,15.887173,16.173026187500003,5668.0,2.0,5670.0,5668.0,5668.0,499.0,0.0,499.0,499.0,499.0,462.0,0.0,462.0,462.0,462.0,522.0,0.0,524.0,522.0,522.0,,,,,,,,,,,69.0,0.0,72.0,69.0,69.0,,,,,,3309.0,0.0,3309.0,3309.0,3309.0,,,,,,,,,,,3378.0,0.0,3381.0,3378.0,3378.0,55.35156249999999,0.019531249999992895,55.37109375,55.35156249999999,55.35156249999999,32.98828125,0.0,33.017578125,32.98828125,32.98828125,1.553515625,0.0001953125000000444,1.5537109375,1.553515625,1.553515625,0.4485291397124888,0.019495631183111817,0.6620265543255431,0.44588535566954995,0.4513531329737432,61.81912206526603,12.270420771263055,74.67847329059512,59.64213952863433,63.07013705307368,,,,,,0.6099904490725012,0.03119515568825304,1.04939886736464,0.6037756158519011,0.6146861370490521,,
eddsa_fn_dsa,sha256,10KB,sign_only,warm,100,100,0,1.0,0,0,,0.0,true,1.0,1.3756425,0.15478249999999982,1.5746697499999995,1.340105,1.407312,19.5449805,0.5509137500000065,20.7672842,19.444397,19.683852674999997,1.3756425,0.15478249999999982,1.5746697499999995,1.340105,1.407312,19.5449805,0.5509137500000065,20.7672842,19.444397,19.683852674999997,,,,,,20.9384085,0.6941740000000038,22.029036249999997,20.839724,21.0566646375,15.2484655,0.4732522500000016,16.154783000000002,15.198392,15.308839,,,,,,0.1633865,0.03622600000000001,0.34513305,0.15601199999999998,0.171178875,,,,,,0.24415800000000001,0.04364475000000001,0.3146361499999999,0.23483,0.249428,,,,,,,,,,,,,,,,,,,,,0.3054625,0.08577299999999999,0.4337645,0.294663,0.31558200000000003,,,,,,,,,,,,,,,,,,,,,,,,,,,,,,,,,,,,15.2484655,0.4732522500000016,16.154783000000002,15.198392,15.308839,2121.0,4.0,2127.0,2121.0,2122.0,499.0,0.0,499.0,499.0,499.0,462.0,0.0,462.0,462.0,462.0,522.0,0.0,524.0,522.0,522.0,,,,,,63.0,0.0,63.0,63.0,63.0,,,,,,,,,,,,,,,,,,,,,654.0,3.0,660.0,654.0,654.0,717.0,3.0,723.0,717.0,717.0,20.712890625,0.0390625,20.771484375,20.712890625,20.72265625,7.001953125,0.029296875,7.060546875,7.001953125,7.001953125,1.20712890625,0.0003906249999998668,1.20771484375,1.20712890625,1.2072265624999998,0.4663976878815993,0.015496811373222008,0.6594243162467014,0.4637515962552544,0.46858000221716395,59.77010765808102,12.633696964338228,74.03645995625848,57.01189788138314,62.32603626741187,,,,,,0.6404332948576632,0.019942626139660136,1.046103900551473,0.6379017132477101,0.6423191434876656,,
eddsa_ml_dsa,sha256,10KB,sign_only,warm,100,100,0,1.0,0,0,,0.0,true,1.0,1.4031495,0.19859800000000005,1.7113832499999997,1.366273,1.44370325,20.118190499999997,0.7369787499999987,21.5252035,19.914288,20.211695,1.4031495,0.19859800000000005,1.7113832499999997,1.366273,1.44370325,20.118190499999997,0.7369787499999987,21.5252035,19.914288,20.211695,,,,,,21.507769000000003,0.9040537499999957,22.834593650000002,21.387286000000003,21.616769849999994,15.718011,0.7301470000000023,16.74060955,15.631855,15.844363,,,,,,0.157891,0.0355665,0.22085315,0.151354,0.162214,,,,,,0.2465875,0.04690824999999996,0.3130896,0.238477,0.2531613125,,,,,,,,,,,0.6644209999999999,0.37265399999999993,1.5385627,0.622928,0.772028,,,,,,,,,,,,,,,,,,,,,,,,,,,,,,,,,,,,,,,,,,,,,,15.718011,0.7301470000000023,16.74060955,15.631855,15.844363,5659.0,0.0,5661.0,5659.0,5659.0,499.0,0.0,499.0,499.0,499.0,462.0,0.0,462.0,462.0,462.0,522.0,0.0,524.0,522.0,522.0,,,,,,63.0,0.0,63.0,63.0,63.0,,,,,,,,,,,3309.0,0.0,3309.0,3309.0,3309.0,,,,,,,,,,,3372.0,0.0,3372.0,3372.0,3372.0,55.263671875,0.0,55.283203125,55.263671875,55.263671875,32.9296875,0.0,32.9296875,32.9296875,32.9296875,1.55263671875,0.0,1.55283203125,1.55263671875,1.55263671875,0.45405108470459166,0.018925113091642465,0.5988232092401362,0.45098055786303665,0.4566088937137699,61.85042218868215,13.492187589299832,74.99602657962875,60.202109558977654,64.52175033365488,,,,,,0.6213020483911695,0.028620714311610174,0.9277042404960733,0.6163469620078762,0.6247259202442704,,
ecdsa_fn_dsa,sha256,1MB,sign_only,warm,100,100,0,1.0,0,0,,0.0,true,1.0,9.2060685,2.1604817500000024,12.138311949999999,8.658013,9.411242999999999,23.3996095,1.052487750000001,25.16235855,23.241410000000002,23.606245099999995,9.2060685,2.1604817500000024,12.138311949999999,8.658013,9.411242999999999,23.3996095,1.052487750000001,25.16235855,23.241410000000002,23.606245099999995,,,,,,32.323993,2.7866572499999975,36.139157000000004,31.844792999999996,32.89378792499999,19.1292235,0.9585327499999963,20.50444655,19.001675,19.2914914875,,,,,,3.8956455,0.3344072500000008,4.33781685,3.843057,3.942975,,,,,,,,,,,0.4778465,0.03867999999999999,0.63631965,0.472055,0.4816786250000001,,,,,,,,,,,,,,,,0.3047765,0.036767500000000064,0.4128590999999999,0.294853,0.31039348749999995,,,,,,,,,,,,,,,,,,,,,,,,,,,,,,,,,,,,19.1292235,0.9585327499999963,20.50444655,19.001675,19.2914914875,2130.0,4.0,2136.0,2129.0,2131.0,501.0,0.0,501.0,501.0,501.0,464.0,0.0,464.0,464.0,464.0,520.0,0.0,522.0,520.0,520.0,,,,,,,,,,,69.0,0.0,72.0,69.0,69.0,,,,,,,,,,,,,,,,654.0,3.0,657.0,654.0,654.0,723.0,3.0,729.0,723.0,724.5374999999999,0.20313262939453125,0.0003814697265625,0.203704833984375,0.20303726196289062,0.20322799682617188,0.06895065307617188,0.000286102294921875,0.06952285766601562,0.06895065307617188,0.06909728050231934,1.0020313262939453,3.814697265625e-6,1.0020370483398438,1.002030372619629,1.0020322799682617,30.936786230149984,2.6224818018545584,39.53297001623654,30.379916347685143,31.4023080633622,256.69686901668194,22.433263550698626,281.1731789866923,253.6156075044858,260.2095154976884,,,,,,52.27603832953838,2.5965328928146576,83.4279457810403,51.81547968802107,52.62693946717855,,
ecdsa_ml_dsa,sha256,1MB,sign_only,warm,100,100,0,1.0,0,0,,0.0,true,1.0,9.203129,2.010136750000001,11.426055899999998,8.933915,9.700752999999999,24.276792,1.15109,25.966744549999998,24.058991,24.4639066625,9.203129,2.010136750000001,11.426055899999998,8.933915,9.700752999999999,24.276792,1.15109,25.966744549999998,24.058991,24.4639066625,,,,,,33.5049875,2.547165000000007,36.764427850000004,33.19883306250001,33.926271,19.828881,1.1208214999999981,21.1778574,19.700906,19.975405912499998,,,,,,3.9073125,0.30581050000000065,4.430791999999999,3.856532,3.971117,,,,,,,,,,,0.4752465,0.04045324999999994,0.5968131999999999,0.465644,0.479018,,,,,,0.6406615,0.48063875,1.6395440999999997,0.569318,0.724389,,,,,,,,,,,,,,,,,,,,,,,,,,,,,,,,,,,,,,,,,,,,,,19.828881,1.1208214999999981,21.1778574,19.700906,19.975405912499998,5668.0,2.0,5670.0,5668.0,5668.0,501.0,0.0,501.0,501.0,501.0,464.0,0.0,464.0,464.0,464.0,520.0,0.0,522.0,520.0,520.0,,,,,,,,,,,69.0,0.75,72.0,69.0,69.0,,,,,,3309.0,0.0,3309.0,3309.0,3309.0,,,,,,,,,,,3378.0,0.75,3381.0,3378.0,3378.0,0.5405426025390625,0.00019073486328125,0.5407333374023438,0.5405426025390625,0.5405426025390625,0.32215118408203125,0.00007152557373046875,0.3224372863769531,0.32215118408203125,0.32215118408203125,1.0054054260253906,1.9073486328125e-6,1.0054073333740234,1.0054054260253906,1.0054054260253906,29.84630308623383,2.2724806447162607,37.104087124998074,29.474697941072197,30.120895636397893,255.9306858206234,20.014438410529408,280.0372286129438,251.81831711329585,259.2743434010636,,,,,,50.43149861381932,2.846764078363478,79.3447929993702,50.033094390284454,50.75908691711945,,
eddsa_fn_dsa,sha256,1MB,sign_only,warm,100,100,0,1.0,0,0,,0.0,true,1.0,9.317597,2.034689499999999,11.9516293,9.006721,9.653439,23.3403545,0.8072952499999957,24.701612,23.148076,23.434181662500002,9.317597,2.034689499999999,11.9516293,9.006721,9.653439,23.3403545,0.8072952499999957,24.701612,23.148076,23.434181662500002,,,,,,32.4463585,2.401210250000002,35.67593025,32.046852,32.822648,19.052725,0.726887000000005,20.208155549999997,18.925642,19.140209575000004,,,,,,3.9516355,0.32094699999999987,4.4415526,3.866231,3.9808749999999997,,,,,,0.23334749999999999,0.03492500000000004,0.28199715,0.22463100000000005,0.237075,,,,,,,,,,,,,,,,,,,,,0.2976035,0.04390149999999998,0.40464574999999997,0.290995,0.30480264999999995,,,,,,,,,,,,,,,,,,,,,,,,,,,,,,,,,,,,19.052725,0.726887000000005,20.208155549999997,18.925642,19.140209575000004,2121.0,5.0,2126.0499999999997,2120.0,2122.0,501.0,0.0,501.0,501.0,501.0,464.0,0.0,464.0,464.0,464.0,520.0,0.0,522.0,520.0,520.0,,,,,,63.0,0.0,63.0,63.0,63.0,,,,,,,,,,,,,,,,,,,,,654.0,6.0,657.0,654.0,654.0,717.0,6.0,720.0,717.0,717.0,0.20227432250976562,0.000476837158203125,0.20275592803955078,0.202178955078125,0.20236968994140625,0.06837844848632812,0.00057220458984375,0.06866455078125,0.06837844848632812,0.06837844848632812,1.0020227432250977,4.76837158203125e-6,1.0020275592803956,1.0020217895507812,1.002023696899414,30.8201037086012,2.2416539026046998,39.545374936745986,30.466232415138503,31.20431298525047,253.05977837775313,20.786947895774915,279.14575532846874,251.06577421152798,258.2695925144285,,,,,,52.485935688446105,2.01956107085757,83.47523930259696,52.242244991366185,52.838366064411446,,
eddsa_ml_dsa,sha256,1MB,sign_only,warm,100,100,0,1.0,0,0,,0.0,true,1.0,9.091002999999999,2.3081154999999995,11.938371449999998,8.75840525,9.648573,23.68289,1.3328302500000007,26.322553700000004,23.505914999999998,23.857143074999996,9.091002999999999,2.3081154999999995,11.938371449999998,8.75840525,9.648573,23.68289,1.3328302500000007,26.322553700000004,23.505914999999998,23.857143074999996,,,,,,32.795792,3.072396749999996,35.98865099999999,32.333469,33.505534,19.3372375,1.1381339999999973,21.1161825,19.2236428,19.546526,,,,,,3.8901505,0.29555500000000023,4.3691512,3.852793,3.954064999999999,,,,,,0.2292695,0.03430925000000001,0.29504435,0.222788,0.23706576249999997,,,,,,,,,,,0.5740015,0.445136,1.3079523499999997,0.48399265,0.6982347749999999,,,,,,,,,,,,,,,,,,,,,,,,,,,,,,,,,,,,,,,,,,,,,,19.3372375,1.1381339999999973,21.1161825,19.2236428,19.546526,5659.0,0.0,5661.0,5659.0,5659.0,501.0,0.0,501.0,501.0,501.0,464.0,0.0,464.0,464.0,464.0,520.0,0.0,522.0,520.0,520.0,,,,,,63.0,0.0,63.0,63.0,63.0,,,,,,,,,,,3309.0,0.0,3309.0,3309.0,3309.0,,,,,,,,,,,3372.0,0.0,3372.0,3372.0,3372.0,0.5396842956542969,0.0,0.5398750305175781,0.5396842956542969,0.5396842956542969,0.3215789794921875,0.0,0.3215789794921875,0.3215789794921875,0.3215789794921875,1.005396842956543,0.0,1.0053987503051758,1.005396842956543,1.005396842956543,30.491717725033112,2.7984046129569684,38.80604543963263,29.845656310791103,30.88444504935305,257.05957379131917,19.580253413852944,285.19745418188927,252.90428963610873,259.55183185194124,,,,,,51.713695399668396,3.0075989302698574,79.8262366807219,51.15904064960203,52.01879751266918,,
ecdsa_fn_dsa,sha256,50MB,sign_only,warm,100,100,0,1.0,0,0,,0.0,true,1.0,401.472082,105.46006775000001,469.18759159999996,375.386066,414.89910411249997,217.97504300000003,10.547646749999984,239.1815221,216.546275,220.5381355875,401.472082,105.46006775000001,469.18759159999996,375.386066,414.89910411249997,217.97504300000003,10.547646749999984,239.1815221,216.546275,220.5381355875,,,,,,621.0744995,103.3135172499999,692.4384989999999,595.8333619625,633.486091,213.5966955,11.08529649999997,234.4579606,212.154836,216.2886499625,,,,,,188.3072945,10.792155500000007,206.7952294,186.088774,191.15342299999998,,,,,,,,,,,0.5597795000000001,0.14436024999999986,0.7243773499999999,0.5404382375,0.59474565,,,,,,,,,,,,,,,,0.327013,0.05612050000000002,0.45713265,0.321203,0.33684763749999996,,,,,,,,,,,,,,,,,,,,,,,,,,,,,,,,,,,,213.5966955,11.08529649999997,234.4579606,212.154836,216.2886499625,2133.0,5.0,2138.05,2132.0,2134.0,502.0,0.0,502.0,502.0,502.0,464.0,0.0,464.0,464.0,464.0,522.0,0.0,524.0,522.0,522.0,,,,,,,,,,,69.0,3.0,72.0,69.0,69.0,,,,,,,,,,,,,,,,654.0,3.0,657.0,654.0,654.0,723.0,3.0,729.0,723.0,726.0,0.0040683746337890625,9.5367431640625e-6,0.004078006744384766,0.00406646728515625,0.004070281982421875,0.0013790130615234375,5.7220458984375e-6,0.0013904571533203125,0.0013790130615234375,0.001384735107421875,1.0000406837463378,9.536743150739824e-8,1.0000407800674438,1.0000406646728515,1.0000407028198242,80.50564508464252,13.997773282264731,94.29794561686472,78.92833119835618,83.91575707888069,265.52344943040197,15.12147637040681,282.904799674968,261.569995531809,268.6515075844934,,,,,,234.0860201679156,12.08808525391791,246.55636924999808,231.02581941785505,235.67692795840867,,
ecdsa_ml_dsa,sha256,50MB,sign_only,warm,100,100,0,1.0,0,0,,0.0,true,1.0,364.9708655,91.94817624999996,469.28008765000004,354.518167,388.693625,219.2456095,14.991014999999976,239.19248899999997,215.700512,221.41320837500004,364.9708655,91.94817624999996,469.28008765000004,354.518167,388.693625,219.2456095,14.991014999999976,239.19248899999997,215.700512,221.41320837500004,,,,,,585.2756915,87.82599749999986,691.0810223,572.0052288,609.188607325,214.955794,14.836690499999975,233.77587505,211.4401489375,217.043424,,,,,,188.339365,13.748147500000016,204.07128994999997,185.577035,190.5620333625,,,,,,,,,,,0.58694,0.14877874999999996,0.72051655,0.5523859999999999,0.6280373750000001,,,,,,0.7274940000000001,0.5053122499999998,1.7281593499999999,0.677711,0.8579395,,,,,,,,,,,,,,,,,,,,,,,,,,,,,,,,,,,,,,,,,,,,,,214.955794,14.836690499999975,233.77587505,211.4401489375,217.043424,5671.0,2.0,5673.0,5671.0,5671.0,502.0,0.0,502.0,502.0,502.0,464.0,0.0,464.0,464.0,464.0,522.0,0.0,524.0,522.0,522.0,,,,,,,,,,,69.0,3.0,72.0,69.0,69.0,,,,,,3309.0,0.0,3309.0,3309.0,3309.0,,,,,,,,,,,3378.0,3.0,3381.0,3378.0,3378.0,0.010816574096679688,3.814697265625e-6,0.010820388793945312,0.010816574096679688,0.010816574096679688,0.006443023681640625,5.7220458984375e-6,0.0064487457275390625,0.006443023681640625,0.006443023681640625,1.0001081657409667,3.814697269177714e-8,1.0001082038879394,1.0001081657409667,1.0001081657409667,85.43024751885903,12.39039812987673,94.36553248074188,81.97256726720923,87.40961670813145,265.4782568550221,19.635069343697694,288.2433902641696,262.1605463320921,269.35483514924636,,,,,,232.60608731613837,16.2631563573008,250.17620388284536,230.36864733575158,236.47022372618125,,
eddsa_fn_dsa,sha256,50MB,sign_only,warm,100,100,0,1.0,0,0,,0.0,true,1.0,393.77540250000004,92.36102550000004,483.3338638,379.494782,412.142601,217.930703,11.712186749999972,237.43806349999997,216.4575627375,220.70908599999999,393.77540250000004,92.36102550000004,483.3338638,379.494782,412.142601,217.930703,11.712186749999972,237.43806349999997,216.4575627375,220.70908599999999,,,,,,618.9487185,91.17833625000003,698.24748665,595.195717,635.4691300875,213.5895125,11.58592925000002,232.83796719999998,212.20080815,216.023671,,,,,,188.5985415,10.534412500000002,205.87818775,187.279267,191.400045,,,,,,0.281072,0.05328325000000006,0.3622164499999999,0.273162,0.288671,,,,,,,,,,,,,,,,,,,,,0.3337305,0.110124,0.4658445,0.317836,0.369884,,,,,,,,,,,,,,,,,,,,,,,,,,,,,,,,,,,,213.5895125,11.58592925000002,232.83796719999998,212.20080815,216.023671,2124.0,4.0,2129.0,2124.0,2125.0,502.0,0.0,502.0,502.0,502.0,464.0,0.0,464.0,464.0,464.0,522.0,0.0,524.0,522.0,522.0,,,,,,63.0,0.0,63.0,63.0,63.0,,,,,,,,,,,,,,,,,,,,,654.0,3.0,657.0,654.0,654.0,717.0,3.0,720.0,717.0,717.0,0.00405120849609375,7.62939453125e-6,0.0040607452392578125,0.00405120849609375,0.0040531158447265625,0.0013675689697265625,5.7220458984375e-6,0.001373291015625,0.0013675689697265625,0.0013675689697265625,1.000040512084961,7.629394538355427e-8,1.0000406074523926,1.000040512084961,1.0000405311584473,80.78313619960562,12.178306401858308,93.49830661733004,78.64866715786849,84.00598084276874,265.1134040176437,14.818561810323615,286.69834956493537,261.23295843530235,266.9316811278688,,,,,,234.0938982663559,12.712705213970622,249.1516667645597,231.4561166771395,235.6247851543756,,
eddsa_ml_dsa,sha256,50MB,sign_only,warm,100,100,0,1.0,0,0,,0.0,true,1.0,388.367586,93.49719375000001,478.0843897,361.40268599999996,403.07177,219.331754,11.559498999999988,236.63552034999998,217.226285,221.3322,388.367586,93.49719375000001,478.0843897,361.40268599999996,403.07177,219.331754,11.559498999999988,236.63552034999998,217.226285,221.3322,,,,,,601.3821485000001,97.82322925000005,707.79135485,581.0290689999999,619.0414271750001,214.9587745,11.728485250000006,232.33274315,212.809194,216.631131,,,,,,189.1826165,11.966759000000025,205.90564049999998,187.345962,191.4600064375,,,,,,0.27462450000000005,0.05966175000000007,0.35176135,0.262322,0.288551,,,,,,,,,,,0.7652255,0.5021517499999999,1.6332551,0.669065,0.8636464000000001,,,,,,,,,,,,,,,,,,,,,,,,,,,,,,,,,,,,,,,,,,,,,,214.9587745,11.728485250000006,232.33274315,212.809194,216.631131,5662.0,0.0,5664.0,5662.0,5662.0,502.0,0.0,502.0,502.0,502.0,464.0,0.0,464.0,464.0,464.0,522.0,0.0,524.0,522.0,522.0,,,,,,63.0,0.0,63.0,63.0,63.0,,,,,,,,,,,3309.0,0.0,3309.0,3309.0,3309.0,,,,,,,,,,,3372.0,0.0,3372.0,3372.0,3372.0,0.010799407958984375,0.0,0.01080322265625,0.010799407958984375,0.010799407958984375,0.00643157958984375,0.0,0.00643157958984375,0.00643157958984375,0.00643157958984375,1.0001079940795898,0.0,1.0001080322265625,1.0001079940795898,1.0001079940795898,83.14222251022964,13.203896100191457,94.18796547299596,80.51298027369505,86.05421426858078,264.2948962655455,16.75573796111314,286.59105662053776,260.9754545329894,266.8014306232181,,,,,,232.6027582050565,12.728271466190307,248.6257889025662,230.8070856168867,234.92844120590047,,
ecdsa_fn_dsa,blake3,10KB,verify_full,warm,100,100,0,1.0,100,100,1.0,1.0,true,1.0,1.4129770000000001,0.22282499999999983,1.6448625499999998,1.3674780000000002,1.434434,19.7102795,0.649124999999998,20.6732502,19.582522,19.896728999999997,,,,,,,,,,,11.6297895,0.5709204999999997,13.165031299999999,11.497897,11.689547999999998,11.6297895,0.5709204999999997,13.165031299999999,11.497897,11.689547999999998,15.4365485,0.46864925000000035,16.192368400000003,15.337363,15.535544,7.252696,0.3965852500000011,8.294896399999999,7.224388424999999,7.314678,0.157901,0.033515249999999996,0.23926434999999996,0.147567,0.162983675,,,,,,,,,,,0.5040450000000001,0.10144575,0.6664635,0.490109,0.515527,,,,,,,,,,,,,,,,0.309024,0.04787050000000004,0.42401619999999995,0.3048969875,0.315271,,,,,,0.4561505,0.0645757500000001,0.6031149499999999,0.448601,0.472534175,,,,,,,,,,,,,,,,0.152661,0.039657250000000005,0.21187004999999998,0.1461144875,0.15895977499999997,2.5278105,0.2685385,2.8952757,2.468369,2.5637046875,7.252696,0.3965852500000011,8.294896399999999,7.224388424999999,7.314678,2128.0,4.0,2135.0,2127.0,2129.0,498.0,0.0,498.0,498.0,498.0,461.0,0.0,461.0,461.0,461.0,522.0,0.0,524.0,522.0,522.0,,,,,,,,,,,69.0,0.0,72.0,69.0,69.0,,,,,,,,,,,,,,,,654.0,3.0,657.0,654.0,654.0,723.0,3.0,726.0,723.0,723.0,20.78125,0.0390625,20.849609375,20.771484375,20.791015625,7.060546875,0.029296874999999112,7.089843749999999,7.060546875,7.060546875,1.2078125,0.0003906250000000888,1.20849609375,1.20771484375,1.20791015625,0.8397078061853507,0.04089525962278251,0.8755879861530632,0.835406914029975,0.8487776120343837,61.84784881384543,13.177887194249507,78.0242413211493,59.72238360537436,66.17756680016535,3.863274197650263,0.40327337263600604,4.250097975836023,3.806741770128832,3.953041741434201,1.346482121698495,0.07318644925620266,1.436478657830637,1.3350724392789404,1.3517506161041402,,
ecdsa_ml_dsa,blake3,10KB,verify_full,warm,100,100,0,1.0,100,100,1.0,1.0,true,1.0,1.40332,0.17196999999999973,1.7503783499999999,1.374499,1.4248088374999999,20.493312,1.0074384999999992,22.69730125,20.31039,20.611545025,,,,,,,,,,,11.8929375,0.4960842499999991,13.059166750000001,11.783636,12.015449875,11.8929375,0.4960842499999991,13.059166750000001,11.783636,12.015449875,16.0862315,0.7523015000000015,17.736106850000002,15.88537,16.182978000000002,7.549713,0.4472389999999997,8.449563849999999,7.496237,7.62541,0.15686899999999998,0.03291625000000001,0.3353688499999999,0.14896,0.16125676249999998,,,,,,,,,,,0.49152700000000005,0.11219299999999999,0.65249765,0.481393,0.5075620000000001,,,,,,0.7136285,0.45895550000000007,1.74914335,0.641323,0.812984,,,,,,,,,,,,,,,,0.48915699999999995,0.13540400000000008,0.6227925000000001,0.460454,0.5070473124999998,,,,,,0.2711335,0.0383,0.3693376,0.264706,0.28259,,,,,,,,,,,2.8185504999999997,0.24865450000000022,3.1783274,2.755528,2.857839,7.549713,0.4472389999999997,8.449563849999999,7.496237,7.62541,5667.0,2.0,5669.05,5667.0,5667.0,498.0,0.0,498.0,498.0,498.0,461.0,0.0,461.0,461.0,461.0,522.0,0.0,524.0,522.0,522.0,,,,,,,,,,,69.0,3.0,72.0,69.0,69.0,,,,,,3309.0,0.0,3309.0,3309.0,3309.0,,,,,,,,,,,3378.0,3.0,3381.0,3378.0,3378.0,55.34179687500001,0.019531249999992895,55.36181640625,55.34179687500001,55.34179687500001,32.98828125,0.029296875,33.017578125,32.98828125,32.98828125,1.55341796875,0.0001953125000000444,1.5536181640625,1.55341796875,1.55341796875,0.8211281253671717,0.03416483001140369,0.8555123241364495,0.8122419020132162,0.8283994598147342,62.25339985317454,12.762025105468226,75.66655605448094,60.497110077250454,65.53358034016469,3.464789737900141,0.3056369394576057,3.7688591911288536,3.4171361647734533,3.5440122546386754,1.2935095715006222,0.07655718952505497,1.368023378439728,1.2806688427245223,1.3027369598906757,,
eddsa_fn_dsa,blake3,10KB,verify_full,warm,100,100,0,1.0,100,100,1.0,1.0,true,1.0,1.4104445,0.24672424999999998,1.7308397999999998,1.372447,1.44286,19.536851,0.6151144999999971,20.68777385,19.407777,19.641453,,,,,,,,,,,11.032232,0.6621385000000011,12.808895399999995,10.944079,11.210869,11.032232,0.6621385000000011,12.808895399999995,10.944079,11.210869,15.249763,0.5273389999999996,16.129405600000002,15.179346,15.3385202,6.6951355,0.5214457499999989,7.636525649999999,6.6356139999999995,6.8030810624999996,0.1565635,0.03723525,0.24598124999999993,0.14977100000000002,0.162775,,,,,,0.243627,0.040851999999999944,0.32061104999999995,0.23461,0.249517875,,,,,,,,,,,,,,,,,,,,,0.29482300000000006,0.08429799999999998,0.41873299999999997,0.288661,0.312556,0.2600675,0.041629499999999986,0.3306732,0.252503,0.2660425125,,,,,,,,,,,,,,,,,,,,,0.1488235,0.03697724999999996,0.2159913,0.141325,0.15565199999999998,2.0649875,0.2417627499999997,2.41220035,2.0242060000000004,2.0873850000000003,6.6951355,0.5214457499999989,7.636525649999999,6.6356139999999995,6.8030810624999996,2120.0,5.0,2126.0,2118.9874999999997,2121.0,498.0,0.0,498.0,498.0,498.0,461.0,0.0,461.0,461.0,461.0,522.0,0.0,524.0,522.0,522.0,,,,,,63.0,0.0,63.0,63.0,63.0,,,,,,,,,,,,,,,,,,,,,654.0,3.75,657.0,654.0,654.0,717.0,3.75,720.0,717.0,717.0,20.703125,0.048828125,20.76171875,20.6932373046875,20.712890625,7.001953125,0.03662109374999911,7.03125,7.001953125,7.001953125,1.20703125,0.00048828125,1.2076171875,1.206932373046875,1.20712890625,0.8851903242499604,0.05188744504769405,0.9224277295997938,0.8710854617960481,0.8920372128003413,62.376172107361256,14.137608379899405,72.54385107111877,59.99462448164644,65.0287942998965,4.729145387554729,0.5564082729093354,5.247748247831578,4.678187526819363,4.823228675389413,1.4586163151017106,0.11042817908554947,1.5583200204565444,1.4341262009028617,1.471698775727461,,
eddsa_ml_dsa,blake3,10KB,verify_full,warm,100,100,0,1.0,100,100,1.0,1.0,true,1.0,1.4105265,0.16544550000000013,1.6208992499999997,1.3756529999999998,1.447186,20.1480225,0.9797302499999994,21.86066215,20.045006,20.230663,,,,,,,,,,,11.419483,0.550575499999999,12.56825675,11.323682,11.5691508625,11.419483,0.550575499999999,12.56825675,11.323682,11.5691508625,15.791489,0.9964767499999994,17.5081712,15.623579,15.911128,7.053081499999999,0.41888224999999935,8.042009949999999,7.00132,7.112438449999999,0.157886,0.032561000000000034,0.21884174999999992,0.151915,0.163837,,,,,,0.2476845,0.05452725,0.3240924,0.239749,0.25849388749999996,,,,,,,,,,,0.685791,0.5167539999999999,1.568980649999999,0.6141220000000001,0.784741,,,,,,,,,,,0.2507855,0.036786750000000035,0.31867905,0.245441,0.258104,,,,,,,,,,,0.268158,0.07481225000000002,0.40244035,0.257392,0.2809581875,,,,,,,,,,,2.352101,0.24643425000000008,2.75316355,2.303099,2.384827575,7.053081499999999,0.41888224999999935,8.042009949999999,7.00132,7.112438449999999,5658.0,0.0,5660.0,5658.0,5658.0,498.0,0.0,498.0,498.0,498.0,461.0,0.0,461.0,461.0,461.0,522.0,0.0,524.0,522.0,522.0,,,,,,63.0,0.0,63.0,63.0,63.0,,,,,,,,,,,3309.0,0.0,3309.0,3309.0,3309.0,,,,,,,,,,,3372.0,0.0,3372.0,3372.0,3372.0,55.25390624999999,0.0,55.2734375,55.25390624999999,55.25390624999999,32.9296875,0.0,32.9296875,32.9296875,32.9296875,1.5525390625,0.0,1.552734375,1.5525390625,1.5525390625000002,0.8551736368526232,0.04084650394803935,0.9004500232281922,0.8441023323652205,0.862277732412853,61.852392989829035,12.53272247581991,76.63113601968574,59.60573618901713,64.18410348983424,4.151873408435583,0.43635765695772255,4.579075018615988,4.088173731030874,4.234940328353961,1.38459012554284,0.08110640125116131,1.4705553065397754,1.372767883813776,1.3948262613335771,,
ecdsa_fn_dsa,blake3,1MB,verify_full,warm,100,100,0,1.0,100,100,1.0,1.0,true,1.0,8.994332,2.1981015000000017,11.51952055,8.650219,9.466664325,23.450136999999998,0.9157682499999993,25.841563899999997,23.232589,23.5727441125,,,,,,,,,,,17.214568,0.8738284999999983,19.5160189,17.079959,17.40264285,17.214568,0.8738284999999983,19.5160189,17.079959,17.40264285,19.156089,0.8007742499999999,20.607187849999995,19.011072775,19.2674852625,12.8241245,0.7222639999999974,14.3825606,12.719183,12.967448,3.7933234999999996,0.34525775000000003,4.262982899999999,3.7635129875,3.8532918875,,,,,,,,,,,0.47841199999999995,0.03741800000000001,0.6295263999999999,0.474219,0.48589163750000003,,,,,,,,,,,,,,,,0.305573,0.03392175000000003,0.38023175,0.29873,0.312286,,,,,,0.45258400000000004,0.04338900000000001,0.5876917,0.445776,0.46212313749999995,,,,,,,,,,,,,,,,0.14800249999999998,0.029455250000000016,0.1961701,0.14432,0.15241075,4.210336,0.4095200000000001,4.759019099999999,4.113374,4.307331025,12.8241245,0.7222639999999974,14.3825606,12.719183,12.967448,2129.0,4.0,2134.05,2128.0,2130.0,500.0,0.0,500.0,500.0,500.0,463.0,0.0,463.0,463.0,463.0,520.0,0.0,522.0,520.0,520.0,,,,,,,,,,,69.0,3.0,72.0,69.0,69.0,,,,,,,,,,,,,,,,654.0,6.0,657.0,654.0,654.0,723.0,3.0,729.0,723.0,726.0,0.20303726196289062,0.0003814697265625,0.20351886749267578,0.20294189453125,0.20313262939453125,0.06895065307617188,0.000286102294921875,0.06952285766601562,0.06895065307617188,0.06923675537109375,1.002030372619629,3.814697265625e-6,1.0020351886749268,1.0020294189453125,1.0020313262939453,58.09033471790491,2.9028546903779784,60.72169623494361,57.400809822105145,58.51265648486829,263.62107167382703,24.170082060880247,295.4201865146753,258.977386353601,265.7082040330785,237.51135011418864,23.345426835455157,259.9318345561389,231.70283277566327,242.55796967656337,77.97803310304846,4.330992230079673,82.2330872793412,77.11417781836882,78.58723447126991,,
ecdsa_ml_dsa,blake3,1MB,verify_full,warm,100,100,0,1.0,100,100,1.0,1.0,true,1.0,9.709063,2.2837822500000016,12.091114800000001,9.168765,10.297594,23.9575095,1.3187270000000026,26.190100949999998,23.7981305625,24.2055486125,,,,,,,,,,,17.554018499999998,1.0774630000000016,19.563710800000003,17.467354,17.746003537500002,17.554018499999998,1.0774630000000016,19.563710800000003,17.467354,17.746003537500002,19.652855000000002,1.177510500000004,21.5296295,19.523623,19.787659,13.2298395,0.8600930000000009,14.8696832,13.060663,13.359573,3.7001945,0.28250499999999956,4.187527,3.649775,3.7534677625,,,,,,,,,,,0.4730925,0.04085175000000002,0.63124695,0.468499,0.480082525,,,,,,0.6722254999999999,0.5475844999999998,1.6643768499999996,0.601408,0.7626492624999999,,,,,,,,,,,,,,,,0.447619,0.0402035,0.5822046500000001,0.443081,0.45370738749999995,,,,,,0.267632,0.03130925000000001,0.35521060000000004,0.261551,0.273091375,,,,,,,,,,,4.5226665,0.41979900000000026,5.22293295,4.441278,4.561354,13.2298395,0.8600930000000009,14.8696832,13.060663,13.359573,5667.0,2.0,5670.0,5667.0,5667.0,500.0,0.0,500.0,500.0,500.0,463.0,0.0,463.0,463.0,463.0,520.0,0.0,522.0,520.0,520.0,,,,,,,,,,,69.0,3.0,72.0,69.0,69.0,,,,,,3309.0,0.0,3309.0,3309.0,3309.0,,,,,,,,,,,3378.0,3.0,3381.0,3378.0,3378.0,0.5404472351074219,0.00019073486328125,0.5407333374023438,0.5404472351074219,0.5404472351074219,0.32215118408203125,0.000286102294921875,0.3224372863769531,0.32215118408203125,0.32215118408203125,1.0054044723510742,1.9073486328125e-6,1.0054073333740234,1.0054044723510742,1.0054044723510742,56.967064835010916,3.416703390746406,59.41885977467702,56.300105686558396,57.24965555744733,270.2560767258685,20.702183816923593,301.4868920130784,266.24252457551626,273.9894925029625,221.10887188418081,20.622818963773284,243.55219371531751,219.2251738181117,225.0041160663966,75.58684419726703,4.852052972746989,79.74848574207196,74.85269177390624,76.54986149477399,,
eddsa_fn_dsa,blake3,1MB,verify_full,warm,100,100,0,1.0,100,100,1.0,1.0,true,1.0,9.174342,2.1531017499999994,11.805911899999998,8.631183,9.665815175,23.083989,0.8676690000000029,24.38200165,22.900083000000002,23.189416,,,,,,,,,,,16.8109525,0.8602167499999958,19.1568141,16.660884,16.986744,16.8109525,0.8602167499999958,19.1568141,16.660884,16.986744,18.729043,0.6873305000000016,19.8753544,18.665294,18.862367825,12.474052499999999,0.7063839999999963,14.0220427,12.304414,12.5869000125,3.7256215,0.23170999999999964,4.15101025,3.676344,3.7673505375,,,,,,0.2253475,0.03688950000000002,0.2890618,0.219281,0.23316326250000002,,,,,,,,,,,,,,,,,,,,,0.29608999999999996,0.0389235,0.39182714999999996,0.288762,0.301024,0.242815,0.03253599999999998,0.2986282,0.236633,0.25111374999999997,,,,,,,,,,,,,,,,,,,,,0.13875500000000002,0.02973500000000001,0.21255854999999999,0.13306,0.14159976249999998,3.6683595,0.4327585000000007,4.3203123,3.6041803125,3.7640267125,12.474052499999999,0.7063839999999963,14.0220427,12.304414,12.5869000125,2119.0,4.0,2126.0,2118.0,2120.0,500.0,0.0,500.0,500.0,500.0,463.0,0.0,463.0,463.0,463.0,520.0,0.0,522.0,520.0,520.0,,,,,,63.0,0.0,63.0,63.0,63.0,,,,,,,,,,,,,,,,,,,,,654.0,6.0,657.0,654.0,654.0,717.0,6.0,720.0,717.0,717.0,0.20208358764648438,0.0003814697265625,0.20275115966796875,0.20198822021484375,0.202178955078125,0.06837844848632812,0.00057220458984375,0.06866455078125,0.06837844848632812,0.06837844848632812,1.0020208358764648,3.814697265625e-6,1.0020275115966797,1.0020198822021484,1.0020217895507812,59.485033365600685,3.0170068599389523,62.5519684778496,58.86943371843362,60.016633229153804,268.411858916587,16.724302174121135,298.89247952307016,265.36700522189193,272.00936582648416,272.6015142784538,31.163301857178396,297.4094522612158,265.5540306852993,277.4526187226692,80.16641325979936,4.539811623260405,85.41820831418859,79.44632268792331,81.24738906432125,,
eddsa_ml_dsa,blake3,1MB,verify_full,warm,100,100,0,1.0,100,100,1.0,1.0,true,1.0,9.1547525,2.039133249999999,11.5229576,8.68237,9.416112,23.775492,1.5915799999999969,25.622662799999997,23.55069,23.91628,,,,,,,,,,,17.290924,0.9429882499999991,19.627513699999994,17.209189,17.44203665,17.290924,0.9429882499999991,19.627513699999994,17.209189,17.44203665,19.4051205,1.1582297500000003,21.1395476,19.12783,19.589186,12.825617000000001,0.8590657499999992,14.4959188,12.758466,12.916653,3.6957405000000003,0.38381275000000015,4.31660855,3.659442,3.7666508875,,,,,,0.222933,0.034069249999999995,0.3032685,0.216887,0.229801,,,,,,,,,,,0.679239,0.517225,1.71096465,0.612689,0.745108,,,,,,,,,,,0.2408165,0.02667024999999995,0.30180455000000006,0.237095,0.243857,,,,,,,,,,,0.2623825,0.0402305,0.34539655,0.257493,0.26730200000000004,,,,,,,,,,,4.045822,0.3879250000000001,4.7099806,3.981637,4.112162,12.825617000000001,0.8590657499999992,14.4959188,12.758466,12.916653,5658.0,0.0,5660.0,5658.0,5658.0,500.0,0.0,500.0,500.0,500.0,463.0,0.0,463.0,463.0,463.0,520.0,0.0,522.0,520.0,520.0,,,,,,63.0,0.0,63.0,63.0,63.0,,,,,,,,,,,3309.0,0.0,3309.0,3309.0,3309.0,,,,,,,,,,,3372.0,0.0,3372.0,3372.0,3372.0,0.5395889282226562,0.0,0.5397796630859375,0.5395889282226562,0.5395889282226562,0.3215789794921875,0.0,0.3215789794921875,0.3215789794921875,0.3215789794921875,1.0053958892822266,0.0,1.0053977966308594,1.0053958892822266,1.0053958892822266,57.83380923149404,3.12070217194362,61.51173227373932,57.32715904543171,58.10849076037226,270.58186292642336,27.54893578600877,297.9037220657649,264.76578950643153,273.26570553652715,247.16859398835683,23.714381596247648,271.76656134950633,243.18108090099562,251.152980545439,77.9689606990527,5.188607413210221,83.50248903819623,77.41886845937033,78.36403924037809,,
ecdsa_fn_dsa,blake3,50MB,verify_full,warm,100,100,0,1.0,100,100,1.0,1.0,true,1.0,384.1129235,100.40994899999993,483.3898564,369.307348,395.07116399999995,208.7216975,14.77479575000001,225.6847536,206.71451299999998,211.0878120375,,,,,,,,,,,271.9500105,13.292039750000015,287.73893975,269.231541,275.054523,271.9500105,13.292039750000015,287.73893975,269.231541,275.054523,204.243916,14.987108500000005,221.26351755,202.194227,206.5622170375,260.319074,13.828302500000007,276.77917515,257.73934199999997,263.62574132500004,178.527104,13.052667500000013,194.8507456,176.741335,181.270589,,,,,,,,,,,0.571712,0.12252524999999992,0.70259935,0.553318,0.6093067874999998,,,,,,,,,,,,,,,,0.3283855,0.05452724999999997,0.45720774999999997,0.320801,0.333327025,,,,,,0.5210014999999999,0.12367125000000001,0.6613047999999999,0.504336,0.5477855749999998,,,,,,,,,,,,,,,,0.15254600000000001,0.04290000000000002,0.21831330000000002,0.148619,0.163687,68.90201300000001,3.7199487500000004,74.00291865,67.905524,69.60040483750001,260.319074,13.828302500000007,276.77917515,257.73934199999997,263.62574132500004,2131.0,4.0,2136.0,2130.0,2132.0,501.0,0.0,501.0,501.0,501.0,463.0,0.0,463.0,463.0,463.0,522.0,0.0,524.0,522.0,522.0,,,,,,,,,,,69.0,0.0,72.0,69.0,69.0,,,,,,,,,,,,,,,,654.0,6.0,657.0,654.0,654.0,723.0,6.0,729.0,723.0,723.0,0.0040645599365234375,7.62939453125e-6,0.0040740966796875,0.004062652587890625,0.00406646728515625,0.0013790130615234375,0.000011444091796875,0.0013904571533203125,0.0013790130615234375,0.0013790130615234375,1.0000406455993653,7.629394516150967e-8,1.0000407409667968,1.000040626525879,1.0000406646728515,183.8573451457874,8.991017982686571,197.44557277312455,181.7821406994278,185.61498897175062,280.06954782484,20.601539849449182,308.0852979868372,275.8307361157192,282.6507851323472,725.6683016835254,39.599955273839896,768.7974616247016,718.2605166807027,735.9692123046898,192.07199355301458,10.117681725177107,204.61003015619124,189.61150063528385,193.97226362017452,,
ecdsa_ml_dsa,blake3,50MB,verify_full,warm,100,100,0,1.0,100,100,1.0,1.0,true,1.0,355.72925999999995,83.78547799999996,453.57760030000003,344.157329,368.091992,209.79901949999999,16.63791500000002,223.38109839999998,205.697844,213.0409,,,,,,,,,,,273.7924135,14.433781249999981,292.46366415,272.06511975,276.2942464375,273.7924135,14.433781249999981,292.46366415,272.06511975,276.2942464375,205.2673205,16.339724500000017,219.0276915,201.193401,208.460299,262.35939099999996,14.36609575,282.75814330000003,260.83135000000004,265.0750237375,178.997576,15.649337499999973,192.4373628,174.838326,182.1922598625,,,,,,,,,,,0.5974305,0.14147299999999996,0.71695645,0.57043,0.6336780000000001,,,,,,0.6868075,0.44700000000000006,1.6350420499999998,0.624481,0.785713,,,,,,,,,,,,,,,,0.5108685,0.12086149999999996,0.6701063,0.50132,0.5448960125,,,,,,0.2923985,0.04422250000000005,0.37779215,0.284594,0.30159141249999993,,,,,,,,,,,68.738,4.267165250000019,74.49230455,68.36413399999999,69.240427,262.35939099999996,14.36609575,282.75814330000003,260.83135000000004,265.0750237375,5670.0,2.0,5673.0,5669.0,5670.0,501.0,0.0,501.0,501.0,501.0,463.0,0.0,463.0,463.0,463.0,522.0,0.0,524.0,522.0,522.0,,,,,,,,,,,69.0,0.0,72.0,69.0,69.0,,,,,,3309.0,0.0,3309.0,3309.0,3309.0,,,,,,,,,,,3378.0,0.0,3381.0,3378.0,3378.0,0.010814666748046875,3.814697265625e-6,0.010820388793945312,0.010812759399414062,0.010814666748046875,0.006443023681640625,0.0,0.0064487457275390625,0.006443023681640625,0.006443023681640625,1.0001081466674804,3.814697269177714e-8,1.0001082038879394,1.000108127593994,1.0001081466674804,182.6201219531264,9.620849983736377,195.79035828383684,180.81417266037926,183.7762671556478,279.3335730529375,25.15893330570276,309.8176697093233,274.3643424028582,285.9784873483632,727.3996920108539,44.90329607743422,766.9958694074353,722.1214854726417,731.37765483872,190.57827481980064,10.432844322144291,204.7978184637036,188.59831098670293,191.69474834984368,,
eddsa_fn_dsa,blake3,50MB,verify_full,warm,100,100,0,1.0,100,100,1.0,1.0,true,1.0,384.3511325,87.77924199999995,473.86089574999994,366.865579,400.01789113750004,208.75239649999997,16.686192249999976,223.75230179999997,203.829972,211.421473,,,,,,,,,,,272.369137,16.840873999999985,288.38077459999994,270.00885091249995,274.536367,272.369137,16.840873999999985,288.38077459999994,270.00885091249995,274.536367,204.3749065,16.71387199999998,219.42166715,199.522747,206.892528,261.1286875,17.092543750000004,281.7579355,258.24523,264.291259,179.0163665,16.617793250000005,193.01235419999998,174.516483,181.43349145,,,,,,0.284694,0.05273125000000001,0.36460535000000005,0.277891,0.29408100000000004,,,,,,,,,,,,,,,,,,,,,0.3416255,0.10844549999999997,0.47343114999999997,0.315842,0.364614,0.282966,0.06295100000000003,0.39662849999999994,0.27506600000000003,0.293421,,,,,,,,,,,,,,,,,,,,,0.15415399999999999,0.04638499999999998,0.21418509999999996,0.148048,0.1597,67.500685,3.813831999999991,73.31852149999999,66.95959,68.455806,261.1286875,17.092543750000004,281.7579355,258.24523,264.291259,2122.5,4.0,2127.0,2121.9875,2123.0,501.0,0.0,501.0,501.0,501.0,463.0,0.0,463.0,463.0,463.0,522.0,0.0,524.0,522.0,522.0,,,,,,63.0,0.0,63.0,63.0,63.0,,,,,,,,,,,,,,,,,,,,,654.0,0.75,657.0,654.0,654.0,717.0,0.75,720.0,717.0,717.0,0.004048347473144531,7.62939453125e-6,0.0040569305419921875,0.004047369956970215,0.0040493011474609375,0.0013675689697265625,1.430511474609375e-6,0.001373291015625,0.0013675689697265625,0.0013675689697265625,1.0000404834747314,7.629394538355427e-8,1.00004056930542,1.0000404736995696,1.0000404930114746,183.5744069853446,11.464260580571988,197.67598616605392,182.1252337035552,185.1776155357679,279.30407309807777,26.670789390743266,313.7352984399358,275.34399689235755,286.50588838648554,740.7332537616611,41.179301904009435,778.8817993334072,730.3982367835973,746.7190285962026,191.47647946333998,12.677304042549395,207.31444493255194,189.18522008327184,193.614418357311,,
eddsa_ml_dsa,blake3,50MB,verify_full,warm,100,100,0,1.0,100,100,1.0,1.0,true,1.0,381.89207300000004,102.27292325000008,470.72959445,352.240075,409.129396,208.867068,16.036072999999988,225.96466145000002,205.54748,212.1756079125,,,,,,,,,,,274.35461,13.65094775,296.6482961,269.96253399999995,276.040857,274.35461,13.65094775,296.6482961,269.96253399999995,276.040857,204.2946065,16.64700849999997,221.538261,200.641736,206.592826,263.14099150000004,13.966293749999977,290.03728165,258.78923,265.6152934125,177.797105,15.79763575000004,194.70397515,174.929587,180.560637,,,,,,0.27832199999999996,0.04831024999999989,0.37921165,0.269505,0.28770577499999994,,,,,,,,,,,0.687354,0.57915125,1.6899753999999998,0.619862,0.8030108374999999,,,,,,,,,,,0.28285550000000004,0.06308549999999996,0.39991455000000004,0.2752604625000001,0.294272,,,,,,,,,,,0.28237,0.05560375000000001,0.38332605,0.273383,0.29568565,,,,,,,,,,,67.716875,3.608087999999981,71.81389574999999,67.35405999999999,68.561615,263.14099150000004,13.966293749999977,290.03728165,258.78923,265.6152934125,5661.0,0.0,5663.0,5661.0,5661.0,501.0,0.0,501.0,501.0,501.0,463.0,0.0,463.0,463.0,463.0,522.0,0.0,524.0,522.0,522.0,,,,,,63.0,0.0,63.0,63.0,63.0,,,,,,,,,,,3309.0,0.0,3309.0,3309.0,3309.0,,,,,,,,,,,3372.0,0.0,3372.0,3372.0,3372.0,0.010797500610351562,0.0,0.010801315307617188,0.010797500610351562,0.010797500610351562,0.00643157958984375,0.0,0.00643157958984375,0.00643157958984375,0.00643157958984375,1.0001079750061035,0.0,1.0001080131530762,1.0001079750061035,1.0001079750061035,182.24589117941633,9.143041257344777,193.63379685006936,180.85087886166497,185.2108855964436,281.21946404211366,25.377275431013913,311.62459780219444,276.91528358974494,285.49519712722736,738.3684062084462,38.638878800691714,773.9391454532288,729.2710359871189,742.2760615198482,190.01225208883636,10.165844118560102,202.49011697132784,188.1070881162335,193.1833696775779,,
ecdsa_fn_dsa,sha256,10KB,verify_full,warm,100,100,0,1.0,100,100,1.0,1.0,true,1.0,1.406662,0.16828599999999994,1.7214340999999997,1.378909,1.4248899,19.84414,0.6367484999999959,20.95200585,19.730425,19.933117,,,,,,,,,,,11.555744,0.5220847499999959,13.0314821,11.4779021625,11.6019945625,11.555744,0.5220847499999959,13.0314821,11.4779021625,11.6019945625,15.5279345,0.602254750000002,16.599835900000002,15.422111,15.58648,7.209545499999999,0.4330799999999986,8.22779535,7.127726,7.269182,0.158818,0.03955375,0.2116046,0.152275,0.16577223749999997,,,,,,,,,,,0.48845099999999997,0.09271175000000004,0.64172675,0.477996,0.5020410000000001,,,,,,,,,,,,,,,,0.312651,0.051380999999999954,0.41622194999999995,0.30417999999999995,0.32028916249999995,,,,,,0.4678975000000001,0.07769799999999999,0.6020676500000001,0.459692,0.473458,,,,,,,,,,,,,,,,0.1517695,0.031897250000000016,0.20421055,0.145883,0.15618300000000002,2.505383,0.23663200000000018,2.8572194499999997,2.460935,2.546386,7.209545499999999,0.4330799999999986,8.22779535,7.127726,7.269182,2130.0,4.0,2136.0,2129.0,2131.0,499.0,0.0,499.0,499.0,499.0,462.0,0.0,462.0,462.0,462.0,522.0,0.0,524.0,522.0,522.0,,,,,,,,,,,69.0,0.0,72.0,69.0,69.0,,,,,,,,,,,,,,,,654.0,3.0,657.0,654.0,654.0,723.0,3.0,729.0,723.0,723.0,20.80078125,0.0390625,20.859375,20.791015625,20.810546875,7.060546875,0.029296874999999112,7.119140625000001,7.060546875,7.060546875,1.2080078125,0.0003906250000000888,1.20859375,1.20791015625,1.20810546875,0.8450883822009823,0.037910071837341075,0.8840488911566999,0.8415693846569615,0.8508167971938521,61.490260755423066,15.635552704391756,78.6136112812009,58.89967491149028,64.1315054999179,3.897905793323476,0.36650066563553363,4.33797639632975,3.835092165916715,3.96825799950019,1.3545410067675006,0.08142866404056703,1.4450774295419808,1.343428325222838,1.3700109099947162,,
ecdsa_ml_dsa,sha256,10KB,verify_full,warm,100,100,0,1.0,100,100,1.0,1.0,true,1.0,1.389064,0.1722539999999999,1.62960375,1.3609449999999998,1.412103,20.250208999999998,0.907660749999998,21.782656449999998,20.074683999999998,20.432489812500002,,,,,,,,,,,11.9088525,0.6741117500000033,13.742665950000001,11.838,12.01700545,11.9088525,0.6741117500000033,13.742665950000001,11.838,12.01700545,15.9500515,0.8000772500000011,17.22045005,15.828919825000002,16.0643399,7.5520475000000005,0.5239624999999997,8.57000615,7.504729162499999,7.650354774999999,0.15829749999999998,0.030061499999999963,0.21440060000000002,0.1550417,0.1647244875,,,,,,,,,,,0.49282950000000003,0.13234075000000006,0.639357,0.478348,0.515817,,,,,,0.651667,0.5378385000000001,1.4960597999999996,0.5729339999999999,0.731973,,,,,,,,,,,,,,,,0.46652499999999997,0.11421949999999992,0.6122475,0.452969,0.481102,,,,,,0.27293100000000003,0.046650250000000004,0.35726015,0.268584,0.278121,,,,,,,,,,,2.8114175,0.21585174999999968,3.2615975500000003,2.7496259999999997,2.8593174374999997,7.5520475000000005,0.5239624999999997,8.57000615,7.504729162499999,7.650354774999999,5668.0,2.0,5671.0,5668.0,5668.0,499.0,0.0,499.0,499.0,499.0,462.0,0.0,462.0,462.0,462.0,522.0,0.0,524.0,522.0,522.0,,,,,,,,,,,69.0,3.0,72.0,69.0,69.0,,,,,,3309.0,0.0,3309.0,3309.0,3309.0,,,,,,,,,,,3378.0,3.0,3381.0,3378.0,3378.0,55.35156249999999,0.019531249999992895,55.380859375,55.35156249999999,55.35156249999999,32.98828125,0.029296875,33.017578125,32.98828125,32.98828125,1.553515625,0.0001953125000000444,1.55380859375,1.553515625,1.553515625,0.8200307373126905,0.04613855774266551,0.8572165645073314,0.8116509377978564,0.8243377160825861,61.69177350206427,11.749560458435546,76.07181623225866,59.21467508291949,62.979246877035486,3.473559369736206,0.26980996495577747,3.840972735489724,3.4139752524484486,3.5462665138050493,1.2931096491898182,0.08890383787780065,1.3663211410217806,1.2758896588738946,1.301232500775493,,
eddsa_fn_dsa,sha256,10KB,verify_full,warm,100,100,0,1.0,100,100,1.0,1.0,true,1.0,1.3856875,0.1486194999999999,1.6469532999999998,1.366593,1.4108802249999999,19.491881499999998,0.8838924999999946,20.7904064,19.433225,19.5662789875,,,,,,,,,,,11.091838,0.439467500000001,11.608463650000001,10.936938999999999,11.164104225,11.091838,0.439467500000001,11.608463650000001,10.936938999999999,11.164104225,15.1880325,2.125268,16.1044983,15.095148,15.245200225000001,6.7124179999999996,0.4331769999999988,7.2732545,6.607371,6.804378625,0.156273,0.028292500000000026,0.20666824999999991,0.151073,0.160421,,,,,,0.248185,0.03040724999999994,0.2866881,0.242796,0.2528248875,,,,,,,,,,,,,,,,,,,,,0.3118095,0.08651500000000001,0.41868455,0.298049,0.320902,0.2520425,0.042600250000000006,0.3088257,0.24527,0.2597189875,,,,,,,,,,,,,,,,,,,,,0.1473265,0.041075500000000015,0.20755559999999995,0.13556500000000002,0.152767,2.0478555,0.1639324999999996,2.3330382,2.019637,2.088827,6.7124179999999996,0.4331769999999988,7.2732545,6.607371,6.804378625,2121.0,5.0,2126.0,2119.0,2121.0,499.0,0.0,499.0,499.0,499.0,462.0,0.0,462.0,462.0,462.0,522.0,0.0,524.0,522.0,522.0,,,,,,63.0,0.0,63.0,63.0,63.0,,,,,,,,,,,,,,,,,,,,,654.0,3.0,657.0,654.0,654.0,717.0,3.0,720.0,717.0,717.0,20.712890625,0.048828125,20.76171875,20.693359375,20.712890625,7.001953125,0.029296874999999112,7.03125,7.001953125,7.001953125,1.20712890625,0.00048828125,1.2076171875,1.20693359375,1.20712890625,0.8804334381100012,0.035130026424761596,0.9261807632243763,0.874324344529251,0.8929029411245688,62.490884261533395,11.650950501300521,78.789902931797,60.87497896160727,64.6124046559907,4.768710911745307,0.38189389668095153,5.256838375841512,4.6751717590781805,4.835336746157849,1.4548600016663502,0.09394143592124027,1.5483442665778375,1.4346328919040614,1.477330836780984,,
eddsa_ml_dsa,sha256,10KB,verify_full,warm,100,100,0,1.0,100,100,1.0,1.0,true,1.0,1.4129269999999998,0.1974125,1.6440323,1.364322,1.4359389,20.0781615,0.9538505000000015,21.985620349999998,19.931289,20.233957,,,,,,,,,,,11.458804,0.6939780000000013,13.26294645,11.331724675,11.5586096125,11.458804,0.6939780000000013,13.26294645,11.331724675,11.5586096125,15.6988805,0.8193217499999967,17.15112045,15.590878,15.869681837499998,7.071415999999999,0.43664399999999937,8.07366095,7.024183,7.121069025,0.1562835,0.02878675,0.24575879999999992,0.15157500000000002,0.161343,,,,,,0.243015,0.04332149999999996,0.30803605,0.235432,0.25176613750000004,,,,,,,,,,,0.706555,0.4348305,1.5530224,0.622908,0.77851,,,,,,,,,,,0.25826899999999997,0.03677875,0.32606115,0.249838,0.26688999999999996,,,,,,,,,,,0.264116,0.08195350000000001,0.3683199,0.25560900000000003,0.27025699999999997,,,,,,,,,,,2.3174465,0.3057832500000002,2.7619784000000003,2.2741240000000005,2.4106984375000002,7.071415999999999,0.43664399999999937,8.07366095,7.024183,7.121069025,5659.0,0.0,5661.0,5659.0,5659.0,499.0,0.0,499.0,499.0,499.0,462.0,0.0,462.0,462.0,462.0,522.0,0.0,524.0,522.0,522.0,,,,,,63.0,0.0,63.0,63.0,63.0,,,,,,,,,,,3309.0,0.0,3309.0,3309.0,3309.0,,,,,,,,,,,3372.0,0.0,3372.0,3372.0,3372.0,55.263671875,0.0,55.283203125,55.263671875,55.263671875,32.9296875,0.0,32.9296875,32.9296875,32.9296875,1.55263671875,0.0,1.55283203125,1.55263671875,1.55263671875,0.8522377303137447,0.05092416686301671,0.8964816721452237,0.8438250990836983,0.8617948648255589,62.48695406022671,11.512664744892419,74.05901843022305,60.527106846903806,64.42767606795316,4.213959326209215,0.5422663619053125,4.633405670678628,4.049449886444354,4.294235934364177,1.3810002474263356,0.08393572734157662,1.4772047689423196,1.3692332714308448,1.390269852659756,,
ecdsa_fn_dsa,sha256,1MB,verify_full,warm,100,100,0,1.0,100,100,1.0,1.0,true,1.0,9.340229999999998,2.4887707499999987,11.87311725,8.686408,9.781106,23.7093275,1.0071665000000003,26.0130503,23.507566,23.800542999999998,,,,,,,,,,,17.802981000000003,0.9949837499999994,20.9542687,17.674540999999998,17.9397,17.802981000000003,0.9949837499999994,20.9542687,17.674540999999998,17.9397,19.373176,0.7562595000000023,21.232730300000004,19.199886,19.493026,13.360575,0.781790749999999,15.287450849999997,13.250272675,13.576981,3.9256664999999997,0.37824725000000026,4.534354899999999,3.895695,4.0436630000000005,,,,,,,,,,,0.4838875,0.042780000000000096,0.6163699499999999,0.476614,0.493545,,,,,,,,,,,,,,,,0.31599750000000004,0.04452624999999999,0.4029566,0.30810800000000005,0.31964014999999996,,,,,,0.4575325,0.043973249999999964,0.56943855,0.448942,0.462768,,,,,,,,,,,,,,,,0.14769700000000002,0.030192250000000004,0.2071206,0.13942100000000002,0.152837,4.4631745,0.4064420000000011,5.0588244499999995,4.3742284625,4.5292140000000005,13.360575,0.781790749999999,15.287450849999997,13.250272675,13.576981,2129.0,3.25,2135.0,2129.0,2130.0,501.0,0.0,501.0,501.0,501.0,464.0,0.0,464.0,464.0,464.0,520.0,0.0,522.0,520.0,520.0,,,,,,,,,,,69.0,0.0,72.0,69.0,69.0,,,,,,,,,,,,,,,,654.0,0.0,657.0,654.0,654.0,723.0,3.0,726.15,723.0,723.0,0.20303726196289062,0.00030994415283203125,0.20360946655273438,0.20303726196289062,0.20313262939453125,0.06895065307617188,0.000286102294921875,0.06925106048583984,0.06895065307617188,0.06895065307617188,1.002030372619629,3.0994415283203125e-6,1.0020360946655273,1.002030372619629,1.0020313262939453,56.17037207697112,3.126340739716703,58.98833262048563,55.741185510148384,56.560604154733234,254.73382447708656,24.201384461271573,281.27089723614125,247.3005292478626,256.6936066606857,224.0557879561157,20.8716702225191,248.38637990579616,220.78886093701908,228.60314562500443,74.84714799089295,4.345253993159531,79.7020187741172,73.65407670527048,75.46869075707777,,
ecdsa_ml_dsa,sha256,1MB,verify_full,warm,100,100,0,1.0,100,100,1.0,1.0,true,1.0,8.947839,2.03197475,11.489747099999999,8.738356,9.275052125,24.1979385,1.3610942499999972,26.3656452,23.916649000000003,24.4619684125,,,,,,,,,,,18.079417499999998,0.7919382499999976,21.194310899999998,17.902815,18.174110487500002,18.079417499999998,0.7919382499999976,21.194310899999998,17.902815,18.174110487500002,19.875843500000002,1.1884712499999956,21.884355550000002,19.627057,20.198770587499997,13.710186,0.7027430000000017,14.9845983,13.614692,13.8120571875,3.9538599999999997,0.34535275000000043,4.5007360499999995,3.911185,4.003352175,,,,,,,,,,,0.4760575,0.044698499999999974,0.6436048,0.469029,0.48363578749999997,,,,,,0.7214785,0.5051194999999999,1.91223345,0.64496,0.815099,,,,,,,,,,,,,,,,0.4508355,0.03636749999999994,0.56722825,0.444494,0.461355,,,,,,0.2695955,0.03017675000000003,0.34785605,0.262553,0.275576,,,,,,,,,,,4.691027,0.43217399999999984,5.31402505,4.629782,4.797010475,13.710186,0.7027430000000017,14.9845983,13.614692,13.8120571875,5668.0,2.0,5670.0,5668.0,5668.0,501.0,0.0,501.0,501.0,501.0,464.0,0.0,464.0,464.0,464.0,520.0,0.0,522.0,520.0,520.0,,,,,,,,,,,69.0,0.0,72.0,69.0,69.0,,,,,,3309.0,0.0,3309.0,3309.0,3309.0,,,,,,,,,,,3378.0,0.0,3381.0,3378.0,3378.0,0.5405426025390625,0.00019073486328125,0.5407333374023438,0.5405426025390625,0.5405426025390625,0.32215118408203125,0.0,0.3224372863769531,0.32215118408203125,0.32215118408203125,1.0054054260253906,1.9073486328125e-6,1.0054073333740234,1.0054054260253906,1.0054054260253906,55.31151663602939,2.419836874426103,58.135401022976936,55.00715560583698,55.81285371449883,252.9174361561431,22.077744322740443,280.513057320992,249.74157990019825,255.616133447449,213.1753822893373,19.427492454281662,231.4842276664685,208.267642247841,215.87645065268657,72.93847085325487,3.7799630280867973,77.76120206212087,72.35440286309266,73.45006409252593,,
eddsa_fn_dsa,sha256,1MB,verify_full,warm,100,100,0,1.0,100,100,1.0,1.0,true,1.0,8.9534945,2.2386774999999997,12.2330036,8.699833,9.401866,23.138937499999997,0.9715029999999985,24.78733755,22.975047000000004,23.3016107875,,,,,,,,,,,17.1480685,0.8465332500000038,19.62588965,17.024541,17.285829,17.1480685,0.8465332500000038,19.62588965,17.024541,17.285829,18.8701175,0.8299712499999963,20.076262149999998,18.755823000000003,19.0010861375,12.831793999999999,0.7589534999999987,14.59453215,12.685699,12.923134,3.8737994999999996,0.29319200000000034,4.43466395,3.827468,3.922025,,,,,,0.226034,0.039744749999999995,0.28775599999999996,0.219762,0.233518,,,,,,,,,,,,,,,,,,,,,0.29176749999999996,0.038882499999999987,0.4031540999999999,0.286788,0.2987953875,0.243873,0.030222999999999944,0.29475774999999993,0.235913,0.24822499999999997,,,,,,,,,,,,,,,,,,,,,0.13887549999999999,0.026594499999999993,0.17429260000000002,0.1360446,0.14260852499999999,3.931718,0.3983195000000004,4.567615899999998,3.863275,4.0038005375,12.831793999999999,0.7589534999999987,14.59453215,12.685699,12.923134,2120.0,4.25,2126.0,2119.0,2121.0,501.0,0.0,501.0,501.0,501.0,464.0,0.0,464.0,464.0,464.0,520.0,0.0,522.0,520.0,520.0,,,,,,63.0,0.0,63.0,63.0,63.0,,,,,,,,,,,,,,,,,,,,,654.0,3.0,657.0,654.0,654.0,717.0,3.0,720.0,717.0,717.0,0.202178955078125,0.00040531158447265625,0.20275115966796875,0.20208358764648438,0.20227432250976562,0.06837844848632812,0.000286102294921875,0.06866455078125,0.06837844848632812,0.06837844848632812,1.0020217895507812,4.0531158447265625e-6,1.0020275115966797,1.0020208358764648,1.0020227432250977,58.31561734602731,2.848970678581132,60.68588851619592,57.850478472116855,58.734779369944256,258.14487152512453,19.64334647084999,279.27594674985596,254.959795079203,261.2693300113809,254.34178868297016,25.730977703204758,276.81188795095846,249.70908891141818,258.847739288557,77.93142895599868,4.632063161265435,82.48392878817083,77.38034495744682,78.8233617148307,,
eddsa_ml_dsa,sha256,1MB,verify_full,warm,100,100,0,1.0,100,100,1.0,1.0,true,1.0,9.4818315,2.5169869999999985,11.8573224,8.994482,10.293508025000001,23.9670385,1.3584244999999981,26.1338628,23.783329,24.229088,,,,,,,,,,,17.7156705,0.9886780000000002,20.309739899999997,17.521181112499995,17.9333556125,17.7156705,0.9886780000000002,20.309739899999997,17.521181112499995,17.9333556125,19.6861125,1.1969742500000002,21.4487948,19.445747,19.864491212500003,13.359408,0.8356650000000023,15.325792999999999,13.18707,13.436010162499999,3.9747345000000003,0.3057764999999999,4.3642908,3.918188,4.010491,,,,,,0.22573900000000002,0.030963249999999998,0.28361719999999996,0.22176875000000001,0.233107,,,,,,,,,,,0.724248,0.42194624999999997,1.67661255,0.631354,0.764798475,,,,,,,,,,,0.237751,0.0353735,0.3048091,0.23113861249999998,0.244846375,,,,,,,,,,,0.2559395,0.03470250000000005,0.32612979999999997,0.251451,0.264807,,,,,,,,,,,4.292054,0.43732725000000006,5.0844368,4.241354,4.334839,13.359408,0.8356650000000023,15.325792999999999,13.18707,13.436010162499999,5659.0,0.0,5661.0,5659.0,5659.0,501.0,0.0,501.0,501.0,501.0,464.0,0.0,464.0,464.0,464.0,520.0,0.0,522.0,520.0,520.0,,,,,,63.0,0.0,63.0,63.0,63.0,,,,,,,,,,,3309.0,0.0,3309.0,3309.0,3309.0,,,,,,,,,,,3372.0,0.0,3372.0,3372.0,3372.0,0.5396842956542969,0.0,0.5398750305175781,0.5396842956542969,0.5396842956542969,0.3215789794921875,0.0,0.3215789794921875,0.3215789794921875,0.3215789794921875,1.005396842956543,0.0,1.0053987503051758,1.005396842956543,1.005396842956543,56.447200576662766,3.1238332320803437,59.378109571285,55.74938999017473,57.07357634387013,251.5892602408024,19.52288750081334,275.47249959353843,249.34602770583453,255.20764217913293,232.98897893587656,23.88840324563276,256.74081845330556,230.68907518825958,235.56961649366397,74.85361854495906,4.67980775317541,79.93068916713936,74.39259561568726,75.83185650792784,,
ecdsa_fn_dsa,sha256,50MB,verify_full,warm,100,100,0,1.0,100,100,1.0,1.0,true,1.0,364.53711350000003,92.92290125000005,463.11243675,348.578084,387.5404230625,221.6923125,15.661713249999963,239.3042643,217.634868,223.631912,,,,,,,,,,,291.5410545,14.95232825000005,308.6699709,288.673611,294.1256595375,291.5410545,14.95232825000005,308.6699709,288.673611,294.1256595375,216.74645700000002,15.390269249999989,232.35673204999998,213.306857,219.459405,280.49185950000003,15.543182249999973,297.14956335,277.884981975,283.106182,190.41372,13.162030250000015,206.34910265,187.865817,193.0720314875,,,,,,,,,,,0.5765465,0.16540350000000004,0.73390015,0.547467,0.6258477374999999,,,,,,,,,,,,,,,,0.32829600000000003,0.0540465,0.41783945,0.323056,0.3388924125,,,,,,0.515717,0.08996850000000012,0.6650702999999999,0.497934,0.52628205,,,,,,,,,,,,,,,,0.164759,0.03810149999999998,0.24360025,0.157024,0.17289815,75.554118,3.733406500000015,81.06592855,74.806545,76.18918013749999,280.49185950000003,15.543182249999973,297.14956335,277.884981975,283.106182,2133.0,4.0,2138.0,2132.0,2134.0,502.0,0.0,502.0,502.0,502.0,464.0,0.0,464.0,464.0,464.0,522.0,0.0,524.0,522.0,522.0,,,,,,,,,,,69.0,0.0,72.0,69.0,69.0,,,,,,,,,,,,,,,,654.0,3.0,657.0,654.0,654.0,723.0,3.0,729.0,723.0,723.0,0.0040683746337890625,7.62939453125e-6,0.004077911376953125,0.00406646728515625,0.004070281982421875,0.0013790130615234375,5.7220458984375e-6,0.0013904571533203125,0.0013790130615234375,0.0013790130615234375,1.0000406837463378,7.629394516150967e-8,1.0000407791137695,1.0000406646728515,1.0000407028198242,171.50249560441657,8.783632361475952,181.64472301972387,169.97787822903788,173.2059949186003,262.58630107933675,18.21276097415233,285.16871279805895,258.73739761935826,266.1474066886793,661.7773697814393,32.76369374227124,704.3981316493761,656.2589337348974,668.0709169848395,178.2584255822352,9.842641944336549,186.97163000547422,176.61178360734564,179.92942405087965,,
ecdsa_ml_dsa,sha256,50MB,verify_full,warm,100,100,0,1.0,100,100,1.0,1.0,true,1.0,394.1667205,101.88669124999996,470.55533755000005,380.58135100000004,415.072355325,218.00126600000002,11.096473000000003,238.76147265,217.2072083,219.661419,,,,,,,,,,,289.8265195,14.98301650000002,305.4214066,286.9348452374999,292.79391999999996,289.8265195,14.98301650000002,305.4214066,286.9348452374999,292.79391999999996,213.666316,10.852796250000011,234.30685384999998,212.522617,215.186081,279.8239075,15.223263499999973,295.21908634999994,275.870493,281.308411875,187.8161385,9.42980325000002,206.86983225,186.720173675,188.328705,,,,,,,,,,,0.6100034999999999,0.14960799999999996,0.7450452,0.569809,0.6430130374999999,,,,,,0.7493755,0.4872464999999999,1.6863337999999997,0.668714,0.833813,,,,,,,,,,,,,,,,0.5065045,0.07223550000000012,0.6239217999999999,0.49495328750000006,0.5214176375,,,,,,0.288531,0.03376924999999997,0.36106869999999996,0.283772,0.294562,,,,,,,,,,,75.324712,3.875242499999999,81.81498309999999,74.746122,76.005595725,279.8239075,15.223263499999973,295.21908634999994,275.870493,281.308411875,5671.0,2.0,5673.0,5671.0,5671.0,502.0,0.0,502.0,502.0,502.0,464.0,0.0,464.0,464.0,464.0,522.0,0.0,524.0,522.0,522.0,,,,,,,,,,,69.0,0.0,72.0,69.0,69.0,,,,,,3309.0,0.0,3309.0,3309.0,3309.0,,,,,,,,,,,3378.0,0.0,3381.0,3378.0,3378.0,0.010816574096679688,3.814697265625e-6,0.010820388793945312,0.010816574096679688,0.010816574096679688,0.006443023681640625,0.0,0.0064487457275390625,0.006443023681640625,0.006443023681640625,1.0001081657409667,3.814697269177714e-8,1.0001082038879394,1.0001081657409667,1.0001081657409667,172.51821760373332,8.883063247736715,180.6627137011099,170.76857333649556,174.25548368763748,266.2178054655608,13.320884185370119,285.6870516960815,265.4932502190784,267.76740491479035,663.7928289517322,33.98536815239095,697.8445958857584,657.6041190848987,668.9310249433408,178.68394432137103,9.76242367957181,187.89872229494253,177.70171954632696,181.10586152344305,,
eddsa_fn_dsa,sha256,50MB,verify_full,warm,100,100,0,1.0,100,100,1.0,1.0,true,1.0,383.06777850000003,96.86309749999998,467.52020275,366.9034092375,410.27387386249995,219.01586099999997,12.579470749999956,238.17161565,216.52174,220.761675,,,,,,,,,,,290.12397799999997,9.724219750000032,309.45939050000004,287.689685,292.1030833749999,290.12397799999997,9.724219750000032,309.45939050000004,287.689685,292.1030833749999,214.282737,12.515613500000029,233.7108007,211.971172,216.38411699999995,280.18875649999995,10.024434499999984,297.8094206,276.96896300000003,281.56687761250004,189.0045475,11.82250400000001,206.68744264999998,186.829353,191.193588,,,,,,0.282154,0.05926074999999997,0.34143859999999987,0.26514699999999997,0.2921044,,,,,,,,,,,,,,,,,,,,,0.334723,0.10067424999999997,0.46760055,0.313358,0.353593,0.2838325,0.052417999999999965,0.3538046,0.273022,0.29440751249999997,,,,,,,,,,,,,,,,,,,,,0.153974,0.03182500000000002,0.2208283,0.146345,0.15936974999999998,75.0353,2.8200640000000163,80.16455779999998,74.666242,75.30589094999999,280.18875649999995,10.024434499999984,297.8094206,276.96896300000003,281.56687761250004,2124.0,4.0,2128.05,2124.0,2125.0,502.0,0.0,502.0,502.0,502.0,464.0,0.0,464.0,464.0,464.0,522.0,0.0,524.0,522.0,522.0,,,,,,63.0,0.0,63.0,63.0,63.0,,,,,,,,,,,,,,,,,,,,,654.0,3.0,657.0,654.0,654.0,717.0,3.0,720.0,717.0,717.0,0.00405120849609375,7.62939453125e-6,0.004058933258056641,0.00405120849609375,0.0040531158447265625,0.0013675689697265625,5.7220458984375e-6,0.001373291015625,0.0013675689697265625,0.0013675689697265625,1.000040512084961,7.629394538355427e-8,1.0000405893325806,1.000040512084961,1.0000405311584473,172.34149695067998,5.770326084905122,181.1296520831611,171.14872077627038,173.706957527138,264.54446406703835,16.547799143503198,287.04626338448435,261.5150462054198,267.4925938629278,666.3530498649077,25.128062207669245,702.7538166904586,663.9212196392147,669.4809472300392,178.4511300912672,6.442991623973967,188.58707097910852,177.51866616763093,180.5256425067382,,
eddsa_ml_dsa,sha256,50MB,verify_full,warm,100,100,0,1.0,100,100,1.0,1.0,true,1.0,400.3136335,104.54514775000001,486.47408095000003,381.1045518625,425.420483,219.59076900000002,11.955309999999997,237.07513105,217.102084,221.471807125,,,,,,,,,,,289.054115,11.45118199999996,314.5194027,287.154794,290.92999376250003,289.054115,11.45118199999996,314.5194027,287.154794,290.92999376250003,215.1676965,12.08421125000001,232.55910565,212.576136,216.77574632500003,277.909181,11.896595250000075,303.04102955,276.42833222499996,279.79007299999995,188.7764705,11.290838250000007,205.3728476,186.717835,190.8849385,,,,,,0.2794685,0.05721025000000002,0.3626543,0.272972,0.291536,,,,,,,,,,,0.80768,0.5324140000000002,1.7057974,0.6596069999999999,0.8933657749999998,,,,,,,,,,,0.2809215,0.060651500000000025,0.35322915,0.26714099999999996,0.292221275,,,,,,,,,,,0.2875795,0.06196125000000002,0.38495624999999994,0.273734,0.29952199999999995,,,,,,,,,,,74.7100945,4.268732749999984,79.53433105,73.921285,75.55298682499999,277.909181,11.896595250000075,303.04102955,276.42833222499996,279.79007299999995,5662.0,0.0,5664.0,5662.0,5662.0,502.0,0.0,502.0,502.0,502.0,464.0,0.0,464.0,464.0,464.0,522.0,0.0,524.0,522.0,522.0,,,,,,63.0,0.0,63.0,63.0,63.0,,,,,,,,,,,3309.0,0.0,3309.0,3309.0,3309.0,,,,,,,,,,,3372.0,0.0,3372.0,3372.0,3372.0,0.010799407958984375,0.0,0.01080322265625,0.010799407958984375,0.010799407958984375,0.00643157958984375,0.0,0.00643157958984375,0.00643157958984375,0.00643157958984375,1.0001079940795898,0.0,1.0001080322265625,1.0001079940795898,1.0001079940795898,172.97804298948813,6.831969718962341,182.59235354615842,171.59627060078435,174.12211477827532,264.86365742193505,16.005773903154534,282.6489373488209,261.8736155298429,267.7146193110042,669.2568343614704,38.145426988590884,699.7933301976569,661.3148134147868,676.3951681846439,179.91491912447475,7.653454293908226,190.7311475675366,178.70541103865398,180.87534180329874,,
ecdsa_fn_dsa,blake3,10KB,verify_manifest,warm,100,100,0,1.0,100,100,1.0,1.0,true,1.0,1.418103,0.18400024999999998,1.6466724000000001,1.365081,1.460502,19.811212,0.8306940000000047,21.33089545,19.663059999999998,19.9747195375,,,,,,,,,,,6.0537335,0.31926324999999967,6.8114710999999994,6.012699,6.093007999999999,6.0537335,0.31926324999999967,6.8114710999999994,6.012699,6.093007999999999,15.471679,0.6116799999999998,16.67750575,15.359033,15.6096295125,1.923658,0.1537412499999995,2.2495187999999997,1.894634,1.965146,0.1614025,0.03999024999999998,0.3187268,0.157606,0.165511,,,,,,,,,,,0.48563049999999996,0.10162549999999992,0.6453592,0.477255,0.5027744999999999,,,,,,,,,,,,,,,,0.31762100000000004,0.05200450000000001,0.42530534999999997,0.30683499999999997,0.32175299999999996,,,,,,0.45795899999999995,0.07921875,0.5904361,0.445846,0.4749412625,,,,,,,,,,,,,,,,0.143389,0.03692874999999998,0.18887949999999998,0.134251,0.1501795125,0.9779340000000001,0.14044374999999998,1.1461153999999998,0.953428,1.007961,1.923658,0.1537412499999995,2.2495187999999997,1.894634,1.965146,2129.0,4.0,2134.0,2128.0,2130.0,498.0,0.0,498.0,498.0,498.0,461.0,0.0,461.0,461.0,461.0,522.0,0.0,524.0,522.0,522.0,,,,,,,,,,,69.0,3.0,72.0,69.0,69.0,,,,,,,,,,,,,,,,654.0,0.0,657.0,654.0,654.0,723.0,3.0,729.0,723.0,723.0,20.791015625,0.0390625,20.83984375,20.78125,20.80078125,7.060546875,0.029296874999999112,7.119140625000001,7.060546875,7.060546875,1.20791015625,0.0003906249999998668,1.2083984375,1.2078125,1.2080078125,1.6131583404657068,0.08459599571495935,1.6969529100331968,1.6027515739917961,1.6241666180196281,60.50488728396901,13.841828372575762,74.59697177381058,58.99703548635901,61.962266664974685,9.986046394353266,1.4163153838567553,11.245208639781955,9.688494892163485,10.234041083507543,5.076593006503275,0.39973544469899647,5.517818367537607,4.969414486251912,5.154359628297603,,
ecdsa_ml_dsa,blake3,10KB,verify_manifest,warm,100,100,0,1.0,100,100,1.0,1.0,true,1.0,1.414631,0.20174174999999983,1.6431090999999998,1.375373,1.4399716875,20.295957,1.1761690000000051,21.559772099999996,20.145588999999998,20.45324,,,,,,,,,,,6.2293825,0.41811874999999965,6.9585513500000005,6.17464,6.300538824999999,6.2293825,0.41811874999999965,6.9585513500000005,6.17464,6.300538824999999,15.984842,1.0641512499999983,17.274968399999995,15.825097,16.117103425000003,2.1020769999999995,0.21796624999999992,2.4664325000000002,2.066736,2.1482250375,0.158357,0.029201999999999978,0.259687,0.153368,0.16305191249999995,,,,,,,,,,,0.49598,0.14445124999999998,0.66150055,0.480792,0.519694,,,,,,0.6949635000000001,0.5392515,1.4778696499999988,0.614642,0.791955,,,,,,,,,,,,,,,,0.4643565,0.1106955,0.6037021,0.452549,0.4899960124999999,,,,,,0.26781699999999997,0.03224650000000004,0.35612255,0.260629,0.27280862499999997,,,,,,,,,,,1.150042,0.1359697499999999,1.3371845000000002,1.126753,1.1739069624999998,2.1020769999999995,0.21796624999999992,2.4664325000000002,2.066736,2.1482250375,5667.0,2.0,5670.0,5667.0,5667.0,498.0,0.0,498.0,498.0,498.0,461.0,0.0,461.0,461.0,461.0,522.0,0.0,524.0,522.0,522.0,,,,,,,,,,,69.0,3.0,72.0,69.0,69.0,,,,,,3309.0,0.0,3309.0,3309.0,3309.0,,,,,,,,,,,3378.0,3.0,3381.0,3378.0,3378.0,55.34179687500001,0.019531249999992895,55.37109375,55.34179687500001,55.34179687500001,32.98828125,0.029296875,33.017578125,32.98828125,32.98828125,1.55341796875,0.0001953125000000444,1.5537109375,1.55341796875,1.55341796875,1.5676751355878369,0.10380904609957464,1.6648849893656632,1.548817866869504,1.5815699376805772,61.66884964246498,11.520240335771845,77.88156667888958,59.587551178555955,63.54591001142189,8.49156387212146,1.0101857507777137,9.634700411402422,8.302232065053369,8.667050365075577,4.645704279100135,0.4696164379446639,5.077681501562337,4.539184858267039,4.718023550003416,,
eddsa_fn_dsa,blake3,10KB,verify_manifest,warm,100,100,0,1.0,100,100,1.0,1.0,true,1.0,1.4127525,0.16979949999999988,1.71570345,1.395068,1.4411960000000001,19.515981,0.6558487500000005,20.881608449999998,19.410177,19.63673245,,,,,,,,,,,5.769551,0.2932764999999993,6.55024925,5.728315,5.8243166125000005,5.769551,0.2932764999999993,6.55024925,5.728315,5.8243166125000005,15.188538000000001,0.49277399999999894,16.2189195,15.101751,15.30959,1.7069109999999998,0.1461159999999999,2.02618675,1.687535,1.736907,0.1589975,0.03557175000000001,0.23069524999999996,0.15051299999999998,0.16311599999999998,,,,,,0.2407665,0.03850724999999999,0.32391675000000003,0.233128,0.252414,,,,,,,,,,,,,,,,,,,,,0.3021915,0.08245950000000002,0.4145199,0.29291,0.3146,0.2494875,0.045688249999999986,0.31763664999999996,0.243347,0.25753865,,,,,,,,,,,,,,,,,,,,,0.1339965,0.03251625000000001,0.17054644999999996,0.129072,0.14116399999999998,0.770024,0.08141249999999989,0.93991395,0.756349,0.7833289999999999,1.7069109999999998,0.1461159999999999,2.02618675,1.687535,1.736907,2120.0,4.0,2126.0,2118.0,2120.0,498.0,0.0,498.0,498.0,498.0,461.0,0.0,461.0,461.0,461.0,522.0,0.0,524.0,522.0,522.0,,,,,,63.0,0.0,63.0,63.0,63.0,,,,,,,,,,,,,,,,,,,,,654.0,3.0,657.0,654.0,654.0,717.0,3.0,720.0,717.0,717.0,20.703125,0.0390625,20.76171875,20.68359375,20.703125,7.001953125,0.029296874999999112,7.03125,7.001953125,7.001953125,1.20703125,0.0003906250000000888,1.2076171875,1.2068359375,1.20703125,1.6926178983962648,0.08549411024833664,1.7896327210945477,1.6766414582773916,1.7047988806481487,61.421255648071494,14.187680854575845,81.58277196802084,59.869203511611374,64.88070550380596,12.682241799744197,1.346776600992893,14.96713780391223,12.466824284559872,12.89926503103563,5.721227487219657,0.48466398649533105,6.30755314749785,5.622422501607743,5.786917012091601,,
eddsa_ml_dsa,blake3,10KB,verify_manifest,warm,100,100,0,1.0,100,100,1.0,1.0,true,1.0,1.3796135,0.15833949999999986,1.62131545,1.3535220000000001,1.4295975999999997,20.0551375,1.2901762500000018,22.385332249999998,19.815946000000004,20.2932135875,,,,,,,,,,,5.9795375,0.32583275,6.928576500000001,5.9335830000000005,6.036389949999999,5.9795375,0.32583275,6.928576500000001,5.9335830000000005,6.036389949999999,15.7499205,1.0971177499999971,17.042202749999998,15.569387,15.942853637499999,1.889919,0.19664800000000016,2.1460766000000002,1.859537,1.9115047625,0.15883799999999998,0.037382499999999985,0.40133425,0.153227,0.16540715,,,,,,0.24706300000000003,0.03377100000000005,0.32043099999999997,0.243025,0.2517557749999999,,,,,,,,,,,0.77877,0.48539975,1.8308561999999997,0.6836519999999999,0.847239,,,,,,,,,,,0.25134100000000004,0.03540574999999996,0.3069287,0.242034,0.25861812500000003,,,,,,,,,,,0.259732,0.048515750000000024,0.3575856499999999,0.254141125,0.26502699999999996,,,,,,,,,,,0.9224600000000001,0.10934275000000016,1.0735634,0.895699,0.9416628499999999,1.889919,0.19664800000000016,2.1460766000000002,1.859537,1.9115047625,5658.0,0.0,5660.0,5658.0,5658.0,498.0,0.0,498.0,498.0,498.0,461.0,0.0,461.0,461.0,461.0,522.0,0.0,524.0,522.0,522.0,,,,,,63.0,0.0,63.0,63.0,63.0,,,,,,,,,,,3309.0,0.0,3309.0,3309.0,3309.0,,,,,,,,,,,3372.0,0.0,3372.0,3372.0,3372.0,55.25390624999999,0.0,55.2734375,55.25390624999999,55.25390624999999,32.9296875,0.0,32.9296875,32.9296875,32.9296875,1.5525390625,0.0,1.552734375,1.5525390625,1.5525390625000002,1.633174143458623,0.08729793025254073,1.7115925811599808,1.6166229855998155,1.6456285533303583,61.48932826016757,14.260997640770022,76.47316053095801,59.0100065864609,63.73305618461498,10.586505903662953,1.2451724324345292,12.054381528524429,10.346256939441455,10.899822872179213,5.1672192380084265,0.5302009352469765,5.63275149454568,5.1088403700729526,5.248719591401452,,
ecdsa_fn_dsa,blake3,1MB,verify_manifest,warm,100,100,0,1.0,100,100,1.0,1.0,true,1.0,9.2494485,1.9845725000000005,11.81134475,8.887927,9.5857971,23.3621045,1.006947499999999,24.76057425,23.063084,23.580272737499996,,,,,,,,,,,6.0698715,0.35414300000000054,6.699784699999999,6.00171,6.153499175,6.0698715,0.35414300000000054,6.699784699999999,6.00171,6.153499175,19.0851855,0.9270962499999982,20.14683285,18.873674,19.196199,1.9673395,0.1778435000000005,2.2768836500000003,1.947192,2.0077503,3.7382755000000003,0.32228199999999996,4.228673549999999,3.668239,3.7881205,,,,,,,,,,,0.4753765,0.04588575000000006,0.6157176,0.469471,0.481894,,,,,,,,,,,,,,,,0.3020615,0.030652249999999992,0.39892004999999997,0.29610500000000006,0.307617,,,,,,0.48797499999999994,0.11672450000000001,0.60946715,0.460383,0.512561,,,,,,,,,,,,,,,,0.140519,0.03657049999999998,0.19888454999999997,0.135554,0.14945999999999998,1.0302625,0.15238350000000023,1.1985610500000001,0.982192,1.0504247999999998,1.9673395,0.1778435000000005,2.2768836500000003,1.947192,2.0077503,2129.0,3.25,2134.05,2128.0,2130.0,500.0,0.0,500.0,500.0,500.0,463.0,0.0,463.0,463.0,463.0,520.0,0.0,522.0,520.0,520.0,,,,,,,,,,,69.0,3.0,72.0,69.0,69.0,,,,,,,,,,,,,,,,654.0,0.75,657.0,654.0,654.0,723.0,3.0,726.15,723.0,723.0,0.20303726196289062,0.00030994415283203125,0.20351886749267578,0.20294189453125,0.20313262939453125,0.06895065307617188,0.000286102294921875,0.06925106048583984,0.06895065307617188,0.06895065307617188,1.002030372619629,3.0994415283203125e-6,1.0020351886749268,1.0020294189453125,1.0020313262939453,164.748136065236,9.600497584477012,172.73268599903847,162.27859925007814,166.5793632844348,267.5039693991861,23.35775456332499,297.5121138351263,263.78897515081474,272.5512116556105,970.628347278793,146.05649568183856,1138.270069988368,951.1200389578767,1018.1308746151466,508.3008088564967,45.290877641809175,559.473250661273,497.92192285496475,513.4547930400166,,
ecdsa_ml_dsa,blake3,1MB,verify_manifest,warm,100,100,0,1.0,100,100,1.0,1.0,true,1.0,9.275388,2.1931865000000013,12.0922551,8.993921,10.025581474999997,23.950573499999997,1.4021507500000006,26.4059003,23.79305,24.224198712499998,,,,,,,,,,,6.227282499999999,0.4404225000000004,6.98798445,6.165357,6.2941,6.227282499999999,0.4404225000000004,6.98798445,6.165357,6.2941,19.627638500000003,1.2326085000000013,21.9788108,19.473979999999997,19.838489349999996,2.1096265,0.2514512499999997,2.44845415,2.061506,2.166794,3.718859,0.34028300000000034,4.341579349999999,3.651869,3.79209915,,,,,,,,,,,0.476083,0.03244049999999998,0.55206375,0.471454,0.483627,,,,,,0.598082,0.4451894999999999,1.5660456999999994,0.5497110000000001,0.7048764374999998,,,,,,,,,,,,,,,,0.46032300000000004,0.09177950000000001,0.61722665,0.445626,0.4779387625,,,,,,0.2679525,0.03238825000000001,0.35414870000000004,0.26257810000000004,0.272680775,,,,,,,,,,,1.14918,0.16564824999999983,1.3996881499999998,1.117074,1.1822240499999999,2.1096265,0.2514512499999997,2.44845415,2.061506,2.166794,5667.0,2.0,5669.0,5667.0,5667.0,500.0,0.0,500.0,500.0,500.0,463.0,0.0,463.0,463.0,463.0,520.0,0.0,522.0,520.0,520.0,,,,,,,,,,,69.0,0.0,72.0,69.0,69.0,,,,,,3309.0,0.0,3309.0,3309.0,3309.0,,,,,,,,,,,3378.0,0.0,3381.0,3378.0,3378.0,0.5404472351074219,0.00019073486328125,0.5406379699707031,0.5404472351074219,0.5404472351074219,0.32215118408203125,0.0,0.3224372863769531,0.32215118408203125,0.32215118408203125,1.0054044723510742,1.9073486328125e-6,1.005406379699707,1.0054044723510742,1.0054044723510742,160.58416126455364,11.098116934419437,169.9932166591289,158.86911896016179,162.09211694220156,268.89968469177427,24.593724935907233,297.3579215129264,263.5214850384359,272.9645512714118,870.1879236421635,125.33378782141574,1001.7144344881901,845.3878597231015,895.1958419943533,474.0227664104581,55.225756126198974,529.9792870023375,461.5113388720847,484.9658315469615,,
eddsa_fn_dsa,blake3,1MB,verify_manifest,warm,100,100,0,1.0,100,100,1.0,1.0,true,1.0,9.107943,2.007193000000001,11.86520175,8.671498,9.8361780375,23.2744575,1.1559704999999951,24.556476149999998,23.07713,23.4221560375,,,,,,,,,,,5.799606499999999,0.32779574999999905,6.357870849999999,5.7610719999999995,5.886702,5.799606499999999,0.32779574999999905,6.357870849999999,5.7610719999999995,5.886702,18.980138500000002,0.9739372500000023,20.130340099999998,18.829702,19.126599624999997,1.7211725,0.1591665000000002,2.0143494,1.680822,1.744201,3.729128,0.361078,4.398456049999999,3.665253,3.801239,,,,,,0.2280525,0.026927000000000006,0.2777112,0.22516437500000003,0.238437,,,,,,,,,,,,,,,,,,,,,0.296952,0.03914924999999997,0.39829329999999996,0.290895,0.304591,0.24923199999999998,0.04548324999999995,0.31887495,0.238266,0.254677,,,,,,,,,,,,,,,,,,,,,0.1383345,0.03570224999999999,0.20409239999999998,0.131126,0.147005,0.7690275,0.11920849999999983,0.92764625,0.7351080000000001,0.7821469999999999,1.7211725,0.1591665000000002,2.0143494,1.680822,1.744201,2120.0,3.25,2124.0,2119.9875,2120.0,500.0,0.0,500.0,500.0,500.0,463.0,0.0,463.0,463.0,463.0,520.0,0.0,522.0,520.0,520.0,,,,,,63.0,0.0,63.0,63.0,63.0,,,,,,,,,,,,,,,,,,,,,654.0,3.0,657.0,654.0,654.0,717.0,3.0,720.0,717.0,717.0,0.202178955078125,0.00030994415283203125,0.2025604248046875,0.2021777629852295,0.202178955078125,0.06837844848632812,0.000286102294921875,0.06866455078125,0.06837844848632812,0.06837844848632812,1.0020217895507812,3.0994415283203125e-6,1.0020256042480469,1.0020217776298523,1.0020217895507812,172.425497188741,9.602650532146981,182.94263384414242,169.8744050573649,173.55836365891733,268.15921987863555,25.73056394178556,305.06688912276616,263.0721193800232,272.3708926493386,1300.3436185714406,205.92495381926415,1512.5086373313206,1278.5130964506814,1358.7651040420403,581.0004001784816,53.90375982589842,633.300671313851,573.3284179976964,594.8519044281396,,
eddsa_ml_dsa,blake3,1MB,verify_manifest,warm,100,100,0,1.0,100,100,1.0,1.0,true,1.0,9.078407,2.3437577500000035,11.845522149999999,8.772376,9.583399,23.7911895,1.0111035000000044,25.919833499999996,23.588721,24.045857,,,,,,,,,,,6.017935,0.3567437499999997,6.9362873,5.9647156875,6.0522960375,6.017935,0.3567437499999997,6.9362873,5.9647156875,6.0522960375,19.4379475,0.9929994999999998,21.497266099999997,19.309627787500002,19.673673524999998,1.8654785,0.19408849999999989,2.1728681999999995,1.838348,1.8985139625,3.7585930000000003,0.28729350000000053,4.3606184,3.693146,3.8144211374999997,,,,,,0.231344,0.03214000000000003,0.29026805,0.22658709999999999,0.240872,,,,,,,,,,,0.6374504999999999,0.5133172500000001,1.9689233999999995,0.553638,0.7217140000000001,,,,,,,,,,,0.25054,0.04108950000000003,0.29701170000000005,0.241062,0.25954013749999993,,,,,,,,,,,0.261841,0.04980875000000001,0.34769724999999996,0.254838,0.267672,,,,,,,,,,,0.9154115,0.1200277500000001,1.0454315500000002,0.899227,0.93532065,1.8654785,0.19408849999999989,2.1728681999999995,1.838348,1.8985139625,5658.0,0.0,5660.0,5658.0,5658.0,500.0,0.0,500.0,500.0,500.0,463.0,0.0,463.0,463.0,463.0,520.0,0.0,522.0,520.0,520.0,,,,,,63.0,0.0,63.0,63.0,63.0,,,,,,,,,,,3309.0,0.0,3309.0,3309.0,3309.0,,,,,,,,,,,3372.0,0.0,3372.0,3372.0,3372.0,0.5395889282226562,0.0,0.5397796630859375,0.5395889282226562,0.5395889282226562,0.3215789794921875,0.0,0.3215789794921875,0.3215789794921875,0.3215789794921875,1.0053958892822266,0.0,1.0053977966308594,1.0053958892822266,1.0053958892822266,166.16995891484137,9.881614674734976,175.09511868163014,165.06855544710552,167.65173236211567,266.05868527785503,20.267090750872853,298.0180708021113,262.1559072639207,270.77185683967,1092.4052242480238,142.85148453682257,1290.8551479465764,1068.1877660455154,1111.7600435090492,536.0554948616855,55.75431943453037,592.7443553955956,526.3119113859161,543.9666483168584,,
ecdsa_fn_dsa,blake3,50MB,verify_manifest,warm,100,100,0,1.0,100,100,1.0,1.0,true,1.0,380.3045155,86.25799100000006,467.32345630000003,367.134886,392.37731825000003,208.03973249999999,14.771535999999998,222.45052655,205.679599,210.5031326125,,,,,,,,,,,6.1193175,0.29391824999999905,6.63653225,6.034444,6.211674,6.1193175,0.29391824999999905,6.63653225,6.034444,6.211674,203.4128425,14.925163999999995,218.19291474999997,201.074297,205.474469,2.0212105,0.15334749999999975,2.24845865,1.9908254374999999,2.0545759875,177.07704999999999,14.007322750000014,191.6910676,175.135324,179.92631955,,,,,,,,,,,0.6080605,0.13971699999999987,0.75097355,0.580338,0.639058,,,,,,,,,,,,,,,,0.33071550000000005,0.059083,0.45648955,0.32535196250000004,0.343144,,,,,,0.5017315,0.1149457499999999,0.62941905,0.480572,0.528742,,,,,,,,,,,,,,,,0.1513795,0.02873175,0.18872309999999998,0.142267,0.15659865,1.0352014999999999,0.130104,1.19885705,1.012498,1.056892,2.0212105,0.15334749999999975,2.24845865,1.9908254374999999,2.0545759875,2132.0,5.0,2137.0,2131.0,2133.0,501.0,0.0,501.0,501.0,501.0,463.0,0.0,463.0,463.0,463.0,522.0,0.0,524.0,522.0,522.0,,,,,,,,,,,69.0,0.0,72.0,69.0,69.0,,,,,,,,,,,,,,,,654.0,0.0,657.0,654.0,654.0,723.0,3.0,729.0,723.0,723.0,0.00406646728515625,9.5367431640625e-6,0.0040760040283203125,0.0040645599365234375,0.0040683746337890625,0.0013790130615234375,5.7220458984375e-6,0.0013904571533203125,0.0013790130615234375,0.0013790130615234375,1.0000406646728515,9.536743150739824e-8,1.0000407600402832,1.0000406455993653,1.0000406837463378,8170.877916220945,390.63422435342727,8523.827532629204,8049.359963191886,8275.735539553636,282.363141990562,22.230701711233507,306.2005502777477,277.86156230086357,285.49351928569246,48299.777645697875,5936.894810963662,54581.165611504664,47306.312388510094,49326.48388424245,24737.65491638802,1883.8749679375323,26956.209480021647,24279.010504071102,25114.85021001038,,
ecdsa_ml_dsa,blake3,50MB,verify_manifest,warm,100,100,0,1.0,100,100,1.0,1.0,true,1.0,388.37194650000004,93.15092425,474.45034914999997,376.825704,403.5786882,208.9661145,17.75089699999998,229.95259165,206.60922200000002,212.131674,,,,,,,,,,,6.3327995,0.4273877500000003,7.039064099999999,6.2837559999999995,6.428416,6.3327995,0.4273877500000003,7.039064099999999,6.2837559999999995,6.428416,204.6223055,17.54085225000003,224.76222305000002,201.686415,207.9704264875,2.163843,0.2419509999999998,2.4946418,2.125436,2.209894,178.806307,17.156405999999976,198.26794805,175.261891,181.1593531625,,,,,,,,,,,0.6073390000000001,0.1482880000000002,0.7280392499999999,0.561974,0.635692,,,,,,0.70373,0.5924187500000001,1.93466715,0.583213,0.792076,,,,,,,,,,,,,,,,0.4728065,0.06948524999999994,0.6195668999999999,0.460353,0.482734425,,,,,,0.2743995,0.03166874999999991,0.37755825,0.268013,0.280586,,,,,,,,,,,1.1663275,0.15473950000000025,1.4010988,1.14125,1.196434,2.163843,0.2419509999999998,2.4946418,2.125436,2.209894,5670.0,2.0,5672.0,5670.0,5670.0,501.0,0.0,501.0,501.0,501.0,463.0,0.0,463.0,463.0,463.0,522.0,0.0,524.0,522.0,522.0,,,,,,,,,,,69.0,0.75,72.0,69.0,69.0,,,,,,3309.0,0.0,3309.0,3309.0,3309.0,,,,,,,,,,,3378.0,0.75,3381.0,3378.0,3378.0,0.010814666748046875,3.814697265625e-6,0.0108184814453125,0.010814666748046875,0.010814666748046875,0.006443023681640625,1.430511474609375e-6,0.0064487457275390625,0.006443023681640625,0.006443023681640625,1.0001081466674804,3.814697269177714e-8,1.000108184814453,1.0001081466674804,1.0001081466674804,7895.408828991096,526.6646611568585,8384.842428894382,7777.96583170722,7955.4096725335185,279.63219521147784,27.54743959684521,308.82818224469895,275.88448524587153,285.2873474930155,42869.80333928937,5502.72250127131,47400.64918825796,41790.855157910926,43811.61007667032,23107.037282037196,2547.144476883135,25200.472385732974,22625.5195950575,23520.91068356462,,
eddsa_fn_dsa,blake3,50MB,verify_manifest,warm,100,100,0,1.0,100,100,1.0,1.0,true,1.0,389.761368,90.92966074999998,475.72302725,367.191553,401.578772225,208.4043425,16.214597499999996,226.4928937,204.15676963750002,211.90804483749997,,,,,,,,,,,5.932615,0.2845305000000007,6.644676799999998,5.894013,5.976905200000001,5.932615,0.2845305000000007,6.644676799999998,5.894013,5.976905200000001,203.9265655,16.122296750000004,221.91306344999998,199.688308,207.541936,1.7466755,0.16146049999999978,2.0220159499999997,1.729513,1.7769939125,178.2954945,15.111684499999996,195.7023976,174.76470799999998,182.13942174999997,,,,,,0.2882905,0.04972549999999998,0.35616699999999996,0.282029,0.29425255,,,,,,,,,,,,,,,,,,,,,0.348909,0.1173805,0.46618465,0.3222523875,0.38928,0.254973,0.05249825000000005,0.32338400000000006,0.243687,0.259787,,,,,,,,,,,,,,,,,,,,,0.1459135,0.03613549999999999,0.2057018,0.136556,0.153698,0.7871465,0.11202749999999995,0.9160760499999998,0.7707283125,0.804048,1.7466755,0.16146049999999978,2.0220159499999997,1.729513,1.7769939125,2123.0,4.0,2127.0,2122.0,2123.0,501.0,0.0,501.0,501.0,501.0,463.0,0.0,463.0,463.0,463.0,522.0,0.0,524.0,522.0,522.0,,,,,,63.0,0.0,63.0,63.0,63.0,,,,,,,,,,,,,,,,,,,,,654.0,6.0,657.0,654.0,654.0,717.0,6.0,720.0,717.0,717.0,0.0040493011474609375,7.62939453125e-6,0.0040569305419921875,0.004047393798828125,0.0040493011474609375,0.0013675689697265625,0.000011444091796875,0.001373291015625,0.0013675689697265625,0.0013675689697265625,1.0000404930114746,7.629394538355427e-8,1.00004056930542,1.0000404739379882,1.0000404930114746,8427.986650744817,404.92724731201633,8848.11886160141,8362.521320248105,8482.54283117401,280.4335279575191,24.21440229558425,312.11985003961905,274.3691240045223,285.43468357723106,63520.64139858875,9141.668930629181,76212.91679936368,62185.34216862675,64870.61555727103,28625.81576265536,2598.993531503431,31491.659308269427,28127.27479334891,28904.74372397601,,
eddsa_ml_dsa,blake3,50MB,verify_manifest,warm,100,100,0,1.0,100,100,1.0,1.0,true,1.0,395.43692550000003,83.94489525,471.2920082,372.66551999999996,409.1600583375,208.191512,14.115922250000011,227.06237725,205.750913,210.61877872500003,,,,,,,,,,,6.09466,0.3450860000000002,6.62912855,6.040699,6.160454274999999,6.09466,0.3450860000000002,6.62912855,6.040699,6.160454274999999,204.02604250000002,14.288354499999997,222.81452225,201.556361,206.1210153875,1.9191285,0.17006649999999968,2.19041955,1.883993,1.95673985,178.37062099999997,13.809549499999974,196.12049969999998,175.29857900000002,180.388157175,,,,,,0.2892325,0.048763500000000015,0.38209269999999995,0.281898,0.2951715125,,,,,,,,,,,0.7576705,0.5714819999999998,2.1152189999999997,0.673663,0.865753,,,,,,,,,,,0.24538,0.05404149999999999,0.32162019999999997,0.235943,0.2589271375,,,,,,,,,,,0.26684549999999996,0.04429225000000003,0.408141,0.260296,0.27670026249999996,,,,,,,,,,,0.9433945,0.13291975000000011,1.1611008999999999,0.917761,0.9732065625,1.9191285,0.17006649999999968,2.19041955,1.883993,1.95673985,5661.0,0.0,5663.0,5661.0,5661.0,501.0,0.0,501.0,501.0,501.0,463.0,0.0,463.0,463.0,463.0,522.0,0.0,524.0,522.0,522.0,,,,,,63.0,0.0,63.0,63.0,63.0,,,,,,,,,,,3309.0,0.0,3309.0,3309.0,3309.0,,,,,,,,,,,3372.0,0.0,3372.0,3372.0,3372.0,0.010797500610351562,0.0,0.010801315307617188,0.010797500610351562,0.010797500610351562,0.00643157958984375,0.0,0.00643157958984375,0.00643157958984375,0.00643157958984375,1.0001079750061035,0.0,1.0001080131530762,1.0001079750061035,1.0001079750061035,8203.90837237823,461.28559114130076,8685.166848264309,8115.191573704442,8273.948901097536,280.3152240490917,22.04189946681214,312.1390083568212,277.0739591247085,285.2276400939907,53000.31389843741,7565.864889342309,61723.148289659846,51312.68100548225,54480.41483567072,26053.49619214786,2309.917637155697,29074.037532662125,25493.841197843423,26515.57886728801,,
ecdsa_fn_dsa,sha256,10KB,verify_manifest,warm,100,100,0,1.0,100,100,1.0,1.0,true,1.0,1.408455,0.13759049999999973,1.6106582,1.392454,1.430575,19.790138,0.7147474999999979,21.30997175,19.711974,19.909869325,,,,,,,,,,,6.057084,0.33646624999999997,6.7497206,6.016339,6.108125,6.057084,0.33646624999999997,6.7497206,6.016339,6.108125,15.50681,0.45153024999999936,16.47720465,15.436077,15.5774461625,1.9655710000000002,0.18516175000000024,2.2649117999999997,1.922264,1.9974560000000001,0.1602555,0.03399674999999999,0.2707949,0.15570347499999998,0.16776603749999996,,,,,,,,,,,0.5038845,0.13467275,0.6559825499999999,0.4849361375,0.5166279374999999,,,,,,,,,,,,,,,,0.3202255,0.06744925000000002,0.421837,0.30958,0.329658,,,,,,0.4788585,0.11426674999999997,0.59454355,0.459282,0.5180121750000001,,,,,,,,,,,,,,,,0.147883,0.030194500000000013,0.19563404999999998,0.143028,0.15563299999999997,1.0179645000000002,0.11823449999999991,1.1936487,0.985007,1.03807725,1.9655710000000002,0.18516175000000024,2.2649117999999997,1.922264,1.9974560000000001,2130.0,4.0,2135.0,2129.0,2131.0,499.0,0.0,499.0,499.0,499.0,462.0,0.0,462.0,462.0,462.0,522.0,0.0,524.0,522.0,522.0,,,,,,,,,,,69.0,0.75,72.0,69.0,69.0,,,,,,,,,,,,,,,,654.0,0.0,657.0,654.0,654.0,723.0,3.0,729.0,723.0,723.0,20.80078125,0.0390625,20.849609375,20.791015625,20.810546875,7.060546875,0.029296874999999112,7.119140625000001,7.060546875,7.060546875,1.2080078125,0.0003906250000000888,1.20849609375,1.20791015625,1.20810546875,1.6122679713636967,0.08769946365546044,1.6980909815930936,1.5987476731055974,1.6231601638975168,60.93927684591556,12.71812688711438,74.87447420553752,57.78613103268716,62.715943536785865,9.593314709498266,1.1556955334089096,11.082095865277513,9.407328094851394,9.91426964478425,4.96834319093359,0.4707375452929172,5.409191357291855,4.8890313478744964,5.077090817427933,,
ecdsa_ml_dsa,sha256,10KB,verify_manifest,warm,100,100,0,1.0,100,100,1.0,1.0,true,1.0,1.4344035000000002,0.17590550000000027,1.6594225999999999,1.393788,1.4610442625000002,20.305273999999997,1.1182112500000017,21.9306543,20.205796000000003,20.554718,,,,,,,,,,,6.21983,0.3171254999999995,6.79906845,6.137199000000001,6.264150825000001,6.21983,0.3171254999999995,6.79906845,6.137199000000001,6.264150825000001,15.9740015,1.076375999999998,17.4074763,15.824025,16.179480462499995,2.092073,0.1627357500000004,2.3808831500000003,2.050455,2.1204684124999997,0.1570495,0.026271749999999983,0.24846744999999998,0.15418911250000003,0.160271,,,,,,,,,,,0.5035540000000001,0.1440172500000001,0.6622541000000001,0.480891,0.529283,,,,,,0.6730674999999999,0.54172625,1.7811907999999999,0.615965,0.788779,,,,,,,,,,,,,,,,0.47748999999999997,0.09781550000000006,0.60133795,0.453831,0.499136,,,,,,0.2565365,0.03271824999999995,0.3407286,0.252994,0.260228,,,,,,,,,,,1.1533275,0.1268704999999999,1.33836365,1.12029,1.1725076250000002,2.092073,0.1627357500000004,2.3808831500000003,2.050455,2.1204684124999997,5668.0,2.0,5670.0,5668.0,5668.0,499.0,0.0,499.0,499.0,499.0,462.0,0.0,462.0,462.0,462.0,522.0,0.0,524.0,522.0,522.0,,,,,,,,,,,69.0,0.0,72.0,69.0,69.0,,,,,,3309.0,0.0,3309.0,3309.0,3309.0,,,,,,,,,,,3378.0,0.0,3381.0,3378.0,3378.0,55.35156249999999,0.019531249999992895,55.37109375,55.35156249999999,55.35156249999999,32.98828125,0.0,33.017578125,32.98828125,32.98828125,1.553515625,0.0001953125000000444,1.5537109375,1.553515625,1.553515625,1.5700791224678208,0.0799249233099173,1.6686070149603163,1.5584286363560924,1.5897520290925864,62.18183324168639,10.035750042841393,78.45576555464918,60.931952755021186,63.3350087554316,8.467348946784682,0.9573138803078525,9.736288431150255,8.327832966215807,8.717050942166761,4.667918884708383,0.36337096402457725,5.097557844764868,4.604823886779037,4.762640086703687,,
eddsa_fn_dsa,sha256,10KB,verify_manifest,warm,100,100,0,1.0,100,100,1.0,1.0,true,1.0,1.422842,0.22192849999999997,1.7299215000000001,1.373597,1.444001875,19.476226999999998,0.692692000000001,20.88722735,19.406475,19.605409249999997,,,,,,,,,,,5.8672895,0.3017575000000008,6.3580334,5.828616,5.922520487500001,5.8672895,0.3017575000000008,6.3580334,5.828616,5.922520487500001,15.208119499999999,0.5402782500000036,16.192429150000002,15.080421,15.247985,1.7374684999999999,0.15139425000000006,2.0115069,1.709025,1.758288,0.1571995,0.03040650000000003,0.29888554999999983,0.15444999999999998,0.1611439875,,,,,,0.25055499999999997,0.04520375000000004,0.30986765000000005,0.239068,0.255319,,,,,,,,,,,,,,,,,,,,,0.297738,0.07299750000000005,0.43318654999999995,0.294532,0.30821800000000005,0.257137,0.04223650000000001,0.34183105,0.25117555,0.263885,,,,,,,,,,,,,,,,,,,,,0.14031349999999998,0.032223500000000016,0.18353389999999997,0.134222,0.1481530375,0.779672,0.10536674999999995,0.9453357499999999,0.7636019999999999,0.7877379999999999,1.7374684999999999,0.15139425000000006,2.0115069,1.709025,1.758288,2121.0,4.0,2126.0499999999997,2120.0,2122.0,499.0,0.0,499.0,499.0,499.0,462.0,0.0,462.0,462.0,462.0,522.0,0.0,524.0,522.0,522.0,,,,,,63.0,0.0,63.0,63.0,63.0,,,,,,,,,,,,,,,,,,,,,654.0,3.0,657.1500000000001,654.0,654.0,717.0,3.0,720.15,717.0,717.0,20.712890625,0.0390625,20.76220703125,20.703125,20.72265625,7.001953125,0.029296875,7.032714843749999,7.001953125,7.001953125,1.20712890625,0.0003906249999998668,1.2076220703124998,1.20703125,1.2072265624999998,1.664418478686138,0.084957117004266,1.7739633644677555,1.6479528133470742,1.675462065094012,62.12259011000634,11.191708094628623,73.63589052718179,60.58004863463233,63.14762044033419,12.52530193617308,1.7154269178688555,14.612821312055917,12.396648892685894,12.785892106301327,5.620607009015314,0.4867804402337583,6.2344518384473995,5.55405314715223,5.700675895776949,,
eddsa_ml_dsa,sha256,10KB,verify_manifest,warm,100,100,0,1.0,100,100,1.0,1.0,true,1.0,1.3738035000000002,0.14568175000000005,1.5948984,1.339596,1.406069,20.1795805,1.01223375,21.273183749999998,19.972803000000003,20.376292,,,,,,,,,,,5.982424,0.29941375000000026,6.361202249999999,5.937208999999999,6.0440476625,5.982424,0.29941375000000026,6.361202249999999,5.937208999999999,6.0440476625,15.739060499999999,0.9387862499999997,16.93794085,15.614692,15.995055,1.8863825,0.20204200000000005,2.1097809,1.856431,1.920742,0.154109,0.03223574999999998,0.20242734999999998,0.147446,0.159050525,,,,,,0.24247000000000002,0.039994749999999996,0.3333175,0.238597,0.25251901250000003,,,,,,,,,,,0.7426429999999999,0.4693027499999999,1.72738875,0.643777,0.8225414875,,,,,,,,,,,0.257398,0.04933800000000002,0.32778019999999997,0.24546,0.2663173,,,,,,,,,,,0.2694105,0.08382499999999998,0.36391209999999996,0.26058800000000004,0.28086700000000003,,,,,,,,,,,0.9491345,0.15186149999999998,1.0998884,0.91227,0.9798260375,1.8863825,0.20204200000000005,2.1097809,1.856431,1.920742,5659.0,0.0,5661.0,5659.0,5659.0,499.0,0.0,499.0,499.0,499.0,462.0,0.0,462.0,462.0,462.0,522.0,0.0,524.0,522.0,522.0,,,,,,63.0,0.0,63.0,63.0,63.0,,,,,,,,,,,3309.0,0.0,3309.0,3309.0,3309.0,,,,,,,,,,,3372.0,0.0,3372.0,3372.0,3372.0,55.263671875,0.0,55.283203125,55.263671875,55.263671875,32.9296875,0.0,32.9296875,32.9296875,32.9296875,1.55263671875,0.0,1.55283203125,1.55263671875,1.55263671875,1.6323859693010432,0.08179470270495193,1.7243191758620098,1.6152301576340584,1.6434302460909307,63.36841543047498,12.95796730419189,76.59682822867586,61.21152194761156,66.23187472023656,10.28898013056687,1.6726404217344584,12.166796279511853,9.959344204114226,10.704752978833021,5.176911305899148,0.5549146185216429,5.694196999100506,5.084298151443557,5.260429824755134,,
ecdsa_fn_dsa,sha256,1MB,verify_manifest,warm,100,100,0,1.0,100,100,1.0,1.0,true,1.0,8.84141,2.57294675,12.321423000000001,8.564527,9.469953,23.5287455,0.9223759999999999,24.8242962,23.468984,23.735711,,,,,,,,,,,6.1726905,0.39251549999999913,6.784247850000001,6.109428,6.222052725,6.1726905,0.39251549999999913,6.784247850000001,6.109428,6.222052725,19.278142000000003,0.7680360000000022,20.534943249999998,19.181681,19.445905525,2.009779,0.24507475000000012,2.3061663,1.964965,2.045003275,3.9156684999999998,0.34152550000000037,4.5827663,3.869867,3.969083,,,,,,,,,,,0.47664850000000003,0.0377055,0.57959255,0.46915,0.482034,,,,,,,,,,,,,,,,0.301816,0.031168499999999988,0.3570325,0.297368,0.3080066125,,,,,,0.478237,0.11303524999999998,0.6170435000000001,0.460264,0.498495,,,,,,,,,,,,,,,,0.1478875,0.03715425,0.20230854999999998,0.140403,0.15485100000000002,1.0156845,0.13567174999999998,1.20386725,1.0030709999999998,1.0584920624999998,2.009779,0.24507475000000012,2.3061663,1.964965,2.045003275,2130.0,4.0,2135.0,2130.0,2131.0,501.0,0.0,501.0,501.0,501.0,464.0,0.0,464.0,464.0,464.0,520.0,0.0,522.0,520.0,520.0,,,,,,,,,,,69.0,0.0,72.0,69.0,69.0,,,,,,,,,,,,,,,,654.0,3.0,657.0,654.0,654.0,723.0,3.0,729.0,723.0,723.0,0.20313262939453125,0.0003814697265625,0.20360946655273438,0.20313262939453125,0.20322799682617188,0.06895065307617188,0.000286102294921875,0.06952285766601562,0.06895065307617188,0.06895065307617188,1.0020313262939453,3.814697265625e-6,1.0020360946655273,1.0020313262939453,1.0020322799682617,162.00420292227386,10.329829437637358,172.99362448061655,160.39922726068275,163.6613575268908,255.38423414220298,22.259354674088343,278.76083935311385,251.9473641644682,258.406813464132,984.5582875644122,126.71415244463014,1119.6826020961719,943.4692117692124,996.8415392157583,497.57523767182926,61.067851913664924,555.8444184512557,488.3143924319082,508.8045338873144,,
ecdsa_ml_dsa,sha256,1MB,verify_manifest,warm,100,100,0,1.0,100,100,1.0,1.0,true,1.0,9.4576815,2.2193144999999976,11.700011250000001,8.839075787499999,10.0877937625,24.433684500000002,1.2523224999999982,26.385074249999995,24.253062,24.56002445,,,,,,,,,,,6.318785,0.3757269999999986,7.0817200499999995,6.215589,6.371856725000001,6.318785,0.3757269999999986,7.0817200499999995,6.215589,6.371856725000001,20.0959965,1.0357172500000011,21.73237935,19.897494,20.250218224999998,2.12241,0.21374350000000053,2.4230783999999996,2.0794352000000003,2.1732560000000003,3.8861325,0.34958550000000077,4.2660167499999995,3.831235,3.9643366124999995,,,,,,,,,,,0.47269150000000004,0.05091475000000012,0.6326854999999999,0.464712,0.483527,,,,,,0.6469535,0.5694082499999998,1.5891942,0.569739,0.8096634124999996,,,,,,,,,,,,,,,,0.4558695,0.09370100000000003,0.6087316,0.444955,0.477145,,,,,,0.265087,0.03164924999999996,0.34407219999999994,0.258755,0.27168,,,,,,,,,,,1.1606415,0.13351274999999996,1.3750264,1.141891,1.188675675,2.12241,0.21374350000000053,2.4230783999999996,2.0794352000000003,2.1732560000000003,5668.0,2.0,5670.0,5668.0,5668.0,501.0,0.0,501.0,501.0,501.0,464.0,0.0,464.0,464.0,464.0,520.0,0.0,522.0,520.0,520.0,,,,,,,,,,,69.0,0.0,72.0,69.0,69.0,,,,,,3309.0,0.0,3309.0,3309.0,3309.0,,,,,,,,,,,3378.0,0.0,3381.0,3378.0,3378.0,0.5405426025390625,0.00019073486328125,0.5407333374023438,0.5405426025390625,0.5405426025390625,0.32215118408203125,0.0,0.3224372863769531,0.32215118408203125,0.32215118408203125,1.0054054260253906,1.9073486328125e-6,1.0054073333740234,1.0054054260253906,1.0054054260253906,158.2582781145446,9.544338506873828,169.8004835887504,156.919260646658,160.88203996815193,257.32594516187754,23.130393257315745,281.97219067962703,252.0701894483923,260.56953253372126,861.600242526757,100.66201478219546,982.2830777321523,840.6745236107644,874.7196463063996,471.1625551260141,46.86195183021812,523.6499246964249,460.1390724332522,480.8640164647839,,
eddsa_fn_dsa,sha256,1MB,verify_manifest,warm,100,100,0,1.0,100,100,1.0,1.0,true,1.0,9.0906425,2.3962087499999996,12.0813553,8.69283,9.911075,23.384573500000002,0.7581717500000025,24.82791235,23.261474,23.518929000000004,,,,,,,,,,,5.8086825,0.3570662500000008,6.5392235,5.769591,5.878546,5.8086825,0.3570662500000008,6.5392235,5.769591,5.878546,19.107122,0.7251227500000006,20.478337749999998,18.955888,19.1862687625,1.7381595,0.15159674999999995,2.0185214999999994,1.704346,1.7671348,3.9429645,0.3769545000000001,4.504081599999999,3.863976,4.0269010000000005,,,,,,0.231474,0.03157525,0.2898151,0.222197,0.236002,,,,,,,,,,,,,,,,,,,,,0.29955149999999997,0.04408775000000004,0.39780449999999995,0.290545,0.307687,0.255374,0.04849524999999999,0.3156865499999999,0.246012,0.2610099875,,,,,,,,,,,,,,,,,,,,,0.1410245,0.034264499999999976,0.1984696,0.132579,0.14956,0.7716375,0.10524825000000004,0.93316835,0.754044,0.790262,1.7381595,0.15159674999999995,2.0185214999999994,1.704346,1.7671348,2121.0,4.0,2127.0,2120.0,2121.5125,501.0,0.0,501.0,501.0,501.0,464.0,0.0,464.0,464.0,464.0,520.0,0.0,522.0,520.0,520.0,,,,,,63.0,0.0,63.0,63.0,63.0,,,,,,,,,,,,,,,,,,,,,654.0,3.0,657.0,654.0,654.0,717.0,3.0,720.0,717.0,717.0,0.20227432250976562,0.0003814697265625,0.20284652709960938,0.202178955078125,0.20232319831848145,0.06837844848632812,0.000286102294921875,0.06866455078125,0.06837844848632812,0.06837844848632812,1.0020227432250977,3.814697265625e-6,1.002028465270996,1.0020217895507812,1.0020232319831848,172.15607903132278,10.44524039932216,181.61514633898486,170.110091849243,173.30222084365786,253.61771128757385,24.655364242706185,283.1880693687887,248.32991921082737,258.6892543925332,1295.9464129267317,177.18596805208472,1530.8454174484964,1265.4031194717702,1326.1825569860644,575.3215481436505,51.08912817862404,641.95073330507,565.503388496304,586.7353225225395,,
eddsa_ml_dsa,sha256,1MB,verify_manifest,warm,100,100,0,1.0,100,100,1.0,1.0,true,1.0,9.4498265,2.1894884999999995,11.76812345,9.107472,9.905925,23.851414499999997,1.105565999999996,25.89184005,23.706823500000002,24.070539,,,,,,,,,,,5.9842235,0.30575449999999993,6.55462595,5.9452382125000005,6.033859287499999,5.9842235,0.30575449999999993,6.55462595,5.9452382125000005,6.033859287499999,19.545994999999998,0.9817332499999978,21.33277405,19.360397000000003,19.7513348,1.8686995,0.2002060000000001,2.1446337499999997,1.83422,1.9100893875,3.923057,0.3434172500000008,4.61339895,3.86611,3.9932942374999993,,,,,,0.2331675,0.034893499999999994,0.2920342,0.227777,0.23625990000000002,,,,,,,,,,,0.6461865,0.45408875000000004,1.8451610999999999,0.562044,0.7176618374999995,,,,,,,,,,,0.24581599999999998,0.0508275,0.31338779999999994,0.239089,0.258117675,,,,,,,,,,,0.26052849999999994,0.03627074999999999,0.35851279999999996,0.257292,0.265708,,,,,,,,,,,0.910192,0.1294034999999999,1.10393645,0.881613,0.924253,1.8686995,0.2002060000000001,2.1446337499999997,1.83422,1.9100893875,5659.0,0.0,5661.0,5659.0,5659.0,501.0,0.0,501.0,501.0,501.0,464.0,0.0,464.0,464.0,464.0,520.0,0.0,522.0,520.0,520.0,,,,,,63.0,0.0,63.0,63.0,63.0,,,,,,,,,,,3309.0,0.0,3309.0,3309.0,3309.0,,,,,,,,,,,3372.0,0.0,3372.0,3372.0,3372.0,0.5396842956542969,0.0,0.5398750305175781,0.5396842956542969,0.5396842956542969,0.3215789794921875,0.0,0.3215789794921875,0.3215789794921875,0.3215789794921875,1.005396842956543,0.0,1.0053987503051758,1.005396842956543,1.005396842956543,167.10615171369278,8.512108681472682,175.94221283886915,165.39275652499234,168.1971202971034,254.9033198317527,22.52386123203783,279.1294068772127,250.27135671852207,257.9941748695842,1098.6705063315571,153.25396850779998,1249.3142470396601,1081.9548327135535,1133.855958760812,535.1321927741997,56.66941543780473,582.1174141592942,522.9176504054965,545.1908713240506,,
ecdsa_fn_dsa,sha256,50MB,verify_manifest,warm,100,100,0,1.0,100,100,1.0,1.0,true,1.0,390.2917335,83.95464199999998,482.98661424999995,362.26293,402.24215200000003,219.2415165,12.679291249999977,234.20334874999998,215.858047,221.007768,,,,,,,,,,,6.1642215,0.41138849999999927,6.8713330500000005,6.080232,6.239745462499999,6.1642215,0.41138849999999927,6.8713330500000005,6.080232,6.239745462499999,214.7681975,13.083033,229.9583907,211.542117,216.40869400000005,2.0148785,0.2126104999999996,2.37065865,1.98372,2.0697337,189.340497,13.409817250000003,202.9903941,186.278951,191.5010221875,,,,,,,,,,,0.5643585,0.1466105000000001,0.70884745,0.5475369999999999,0.5957278624999999,,,,,,,,,,,,,,,,0.32003000000000004,0.04506775000000002,0.42283955,0.312336,0.3286251375,,,,,,0.4950835,0.09732799999999997,0.6265181,0.484148,0.505879,,,,,,,,,,,,,,,,0.15450950000000002,0.030431999999999987,0.19452109999999997,0.14770699999999998,0.1592890125,1.0404309999999999,0.16018275000000004,1.2615010000000002,1.021105,1.059647,2.0148785,0.2126104999999996,2.37065865,1.98372,2.0697337,2133.0,3.0,2138.05,2132.0,2133.0,502.0,0.0,502.0,502.0,502.0,464.0,0.0,464.0,464.0,464.0,522.0,0.0,524.0,522.0,522.0,,,,,,,,,,,69.0,0.0,72.0,69.0,69.0,,,,,,,,,,,,,,,,654.0,0.0,657.0,654.0,654.0,723.0,3.0,729.0,723.0,723.0,0.0040683746337890625,5.7220458984375e-6,0.004078006744384766,0.00406646728515625,0.0040683746337890625,0.0013790130615234375,5.7220458984375e-6,0.0013904571533203125,0.0013790130615234375,0.0013790130615234375,1.0000406837463378,5.72204588156211e-8,1.0000407800674438,1.0000406646728515,1.0000406837463378,8111.324403293637,532.2592749785472,8501.561201126895,8011.747144132613,8223.370424023295,264.0748521451603,18.83700800576375,283.509415675824,260.9874911670741,268.414653032913,48057.01577806256,7155.738175656974,54534.50622056888,47185.524990869606,48958.324285930496,24815.402947567898,2565.0391357687367,27071.96098494166,24145.094634283912,25199.38530278617,,
ecdsa_ml_dsa,sha256,50MB,verify_manifest,warm,100,100,0,1.0,100,100,1.0,1.0,true,1.0,386.50853800000004,91.28409149999999,479.9268954,364.491108,400.40605400000004,220.05567100000002,11.860589499999946,235.13524819999998,216.887791,223.65485095,,,,,,,,,,,6.3880645,0.42340150000000065,7.155270400000001,6.336640050000001,6.436962,6.3880645,0.42340150000000065,7.155270400000001,6.336640050000001,6.436962,215.664759,11.79537725000003,230.79012914999998,212.452285,218.43663961249996,2.1656709999999997,0.21174700000000035,2.5237203,2.1393689875,2.20008775,189.312976,10.674054749999982,202.43424079999997,186.75284,192.28662861249998,,,,,,,,,,,0.569979,0.16171400000000002,0.74019455,0.5357339999999999,0.628178,,,,,,0.7439555,0.5219987500000001,2.0125960999999997,0.683061,0.817302,,,,,,,,,,,,,,,,0.476283,0.07907325000000015,0.6332877499999999,0.470322,0.49777758749999995,,,,,,0.274254,0.03652449999999996,0.3687749999999999,0.267702,0.279334,,,,,,,,,,,1.1723335000000001,0.14725375000000018,1.39923885,1.139987,1.2119368374999997,2.1656709999999997,0.21174700000000035,2.5237203,2.1393689875,2.20008775,5671.0,2.0,5673.0,5671.0,5671.0,502.0,0.0,502.0,502.0,502.0,464.0,0.0,464.0,464.0,464.0,522.0,0.0,524.0,522.0,522.0,,,,,,,,,,,69.0,3.0,72.0,69.0,69.0,,,,,,3309.0,0.0,3309.0,3309.0,3309.0,,,,,,,,,,,3378.0,3.0,3381.0,3378.0,3378.0,0.010816574096679688,3.814697265625e-6,0.010820388793945312,0.010816574096679688,0.010816574096679688,0.006443023681640625,5.7220458984375e-6,0.0064487457275390625,0.006443023681640625,0.006443023681640625,1.0001081657409667,3.814697269177714e-8,1.0001082038879394,1.0001081657409667,1.0001081657409667,7827.097555079949,518.8719796826863,8356.393649795342,7767.639454761423,7890.414141010853,264.11290766656464,14.867601308911617,281.9315812987341,259.976642658517,267.7204680637984,42650.06101098098,5299.782893471085,48064.66449221528,41012.987993037634,43778.516740243635,23087.572529708414,2211.005134687417,25509.675796153657,22646.97889301567,23371.344488008628,,
eddsa_fn_dsa,sha256,50MB,verify_manifest,warm,100,100,0,1.0,100,100,1.0,1.0,true,1.0,378.5561185,92.8090345,476.16480244999997,364.781434,394.9894818625,218.577317,10.019951499999962,231.34497745,216.36703799999998,220.065912,,,,,,,,,,,5.933381000000001,0.32590750000000135,6.5619464999999995,5.86827535,5.9896970000000005,5.933381000000001,0.32590750000000135,6.5619464999999995,5.86827535,5.9896970000000005,214.124149,10.043519750000002,226.6551485,212.057845,215.67769674999997,1.7729755,0.14403074999999999,2.0299930499999994,1.748719,1.801408,188.72868499999998,9.591444499999994,201.20594390000002,187.37185,190.1042606875,,,,,,0.297638,0.04638724999999999,0.35755125,0.286678,0.30594027499999993,,,,,,,,,,,,,,,,,,,,,0.352381,0.08685025000000002,0.4618421,0.336501,0.3748249624999999,0.25083049999999996,0.04814300000000002,0.3130877,0.242225,0.26142,,,,,,,,,,,,,,,,,,,,,0.14810250000000003,0.03566024999999995,0.21561750000000002,0.135674,0.154229,0.7982525,0.10772475000000015,0.93164315,0.764834,0.8070539999999999,1.7729755,0.14403074999999999,2.0299930499999994,1.748719,1.801408,2124.0,4.0,2129.05,2123.0,2125.0,502.0,0.0,502.0,502.0,502.0,464.0,0.0,464.0,464.0,464.0,522.0,0.0,524.0,522.0,522.0,,,,,,63.0,0.0,63.0,63.0,63.0,,,,,,,,,,,,,,,,,,,,,654.0,3.0,657.0,654.0,654.0,717.0,3.0,720.0,717.0,717.0,0.00405120849609375,7.62939453125e-6,0.0040608406066894535,0.0040493011474609375,0.0040531158447265625,0.0013675689697265625,5.7220458984375e-6,0.001373291015625,0.0013675689697265625,0.0013675689697265625,1.000040512084961,7.629394538355427e-8,1.0000406084060671,1.0000404930114746,1.0000405311584473,8426.901147721492,458.63615405141263,8795.56525374402,8347.667670000668,8520.16202621722,264.9306136624781,13.496129801466907,282.6241886112575,262.9762252241157,266.8415267600909,62636.82320524219,8468.603239699369,73386.14793090754,61948.31597266147,65142.044444384024,28201.196963791823,2269.5406605673234,30613.857712163946,27755.56518724728,28592.358177614587,,
eddsa_ml_dsa,sha256,50MB,verify_manifest,warm,100,100,0,1.0,100,100,1.0,1.0,true,1.0,383.611393,99.76026424999998,487.51505034999997,367.383375,403.65637377499996,221.9096815,13.363962249999986,237.99906915,219.48732,223.5938875875,,,,,,,,,,,6.127886499999999,0.3983830000000008,6.99719815,6.087067,6.224546,6.127886499999999,0.3983830000000008,6.99719815,6.087067,6.224546,217.58486950000002,13.47670524999998,233.32915549999998,215.086765,219.122253,1.962215,0.19098100000000007,2.19782645,1.93012145,1.982718,191.074209,12.760687749999988,206.51268505,188.220402,192.71541099999996,,,,,,0.28997850000000003,0.05963975000000005,0.37607715,0.277681,0.30009299999999994,,,,,,,,,,,0.762525,0.41389375000000006,1.9229907999999996,0.685585,0.8493236749999998,,,,,,,,,,,0.25592000000000004,0.055013250000000014,0.31847224999999996,0.2478647375,0.26481699999999997,,,,,,,,,,,0.2666045,0.06847925000000005,0.37584525,0.259176,0.283017775,,,,,,,,,,,0.9632715000000001,0.1201152499999999,1.1043090500000001,0.943109,0.983845,1.962215,0.19098100000000007,2.19782645,1.93012145,1.982718,5662.0,0.0,5664.0,5662.0,5662.0,502.0,0.0,502.0,502.0,502.0,464.0,0.0,464.0,464.0,464.0,522.0,0.0,524.0,522.0,522.0,,,,,,63.0,0.0,63.0,63.0,63.0,,,,,,,,,,,3309.0,0.0,3309.0,3309.0,3309.0,,,,,,,,,,,3372.0,0.0,3372.0,3372.0,3372.0,0.010799407958984375,0.0,0.01080322265625,0.010799407958984375,0.010799407958984375,0.00643157958984375,0.0,0.00643157958984375,0.00643157958984375,0.00643157958984375,1.0001079940795898,0.0,1.0001080322265625,1.0001079940795898,1.0001079940795898,8159.421486914643,526.7555550769202,8732.980045781045,8032.714353785802,8211.78871917867,261.67846948161383,17.35228407011988,281.4554387644722,259.44993055070205,265.6393269955648,51906.7546982148,6446.271814684078,60277.82503159632,50818.3587040901,52883.01461876451,25481.407671200664,2508.5845880644956,28556.263707634793,25217.907942531412,25904.601641626417,,
ecdsa_fn_dsa,blake3,10KB,verify_stored,warm,100,100,0,1.0,100,100,1.0,1.0,true,1.0,1.397252,0.1769354999999999,1.63287265,1.363428,1.431837,19.8047865,0.6413949999999993,20.805744699999998,19.694362,19.8743323625,,,,,,,,,,,7.4907255,0.4423542499999993,8.248840149999998,7.379472,7.558157,7.4907255,0.4423542499999993,8.248840149999998,7.379472,7.558157,15.465122000000001,0.4998762499999998,16.2935781,15.408977,15.550292,3.212429,0.26722350000000006,3.6119936,3.173,3.246138,0.1573705,0.028957499999999997,0.3223731999999998,0.152587,0.16204578749999998,,,,,,,,,,,0.49403600000000003,0.11224299999999998,0.6579084999999999,0.477476,0.5040493500000001,,,,,,,,,,,,,,,,0.30687,0.03861049999999994,0.40262290000000006,0.29928099999999996,0.31438538749999995,,,,,,0.465162,0.11691674999999996,0.5941863,0.449553,0.489028,,,,,,,,,,,,,,,,0.1410245,0.032922250000000014,0.19960994999999998,0.136005,0.15114366249999997,2.128552,0.1718894999999998,2.45561285,2.116158,2.175941,3.212429,0.26722350000000006,3.6119936,3.173,3.246138,2129.0,4.0,2133.0,2128.0,2130.0,498.0,0.0,498.0,498.0,498.0,461.0,0.0,461.0,461.0,461.0,522.0,0.0,524.0,522.0,522.0,,,,,,,,,,,69.0,0.0,72.0,69.0,69.0,,,,,,,,,,,,,,,,654.0,0.75,657.0,654.0,654.0,723.0,3.0,729.0,723.0,723.0,20.791015625,0.0390625,20.830078125,20.78125,20.80078125,7.060546875,0.029296874999999112,7.119140625000001,7.060546875,7.060546875,1.20791015625,0.0003906249999998668,1.20830078125,1.2078125,1.2080078125,1.3036954887122567,0.07646904173052316,1.3890544847840793,1.2911449256756657,1.3208862132162158,62.05503071228822,11.560369179683683,73.9560627622496,60.086909706199044,64.00037355738037,4.587919689464927,0.3610553343506222,4.928685687831018,4.487577071982571,4.614576503872998,3.039950524514131,0.24708070598381315,3.3229955163907214,3.00838257646471,3.076954027300082,,
ecdsa_ml_dsa,blake3,10KB,verify_stored,warm,100,100,0,1.0,100,100,1.0,1.0,true,1.0,1.377526,0.16483649999999983,1.69207385,1.3489710000000001,1.4207673625,20.218341499999998,0.9126634999999972,21.71996475,20.066514,20.41466925,,,,,,,,,,,7.705613,0.42517599999999955,8.300562750000001,7.62792,7.796482,7.705613,0.42517599999999955,8.300562750000001,7.62792,7.796482,15.8891725,0.7596672500000015,16.95751975,15.770805937499999,16.044278,3.3820574999999997,0.24175574999999982,3.7909232999999998,3.3527679999999997,3.4265493749999996,0.15515600000000002,0.03235650000000001,0.20356110000000002,0.150292,0.16326878749999998,,,,,,,,,,,0.49231800000000003,0.13671325,0.6556141999999998,0.482054,0.5149459999999999,,,,,,0.6765935000000001,0.45397050000000005,1.3528441499999997,0.584166,0.7421409999999999,,,,,,,,,,,,,,,,0.4587099999999999,0.09453699999999998,0.5871797000000001,0.444634,0.47345077500000005,,,,,,0.264451,0.0367835,0.3645615,0.25869251249999997,0.270150025,,,,,,,,,,,2.3047820000000003,0.17534850000000013,2.6192028,2.280507,2.3326140000000004,3.3820574999999997,0.24175574999999982,3.7909232999999998,3.3527679999999997,3.4265493749999996,5667.0,2.0,5669.0,5667.0,5667.0,498.0,0.0,498.0,498.0,498.0,461.0,0.0,461.0,461.0,461.0,522.0,0.0,524.0,522.0,522.0,,,,,,,,,,,69.0,0.0,72.0,69.0,69.0,,,,,,3309.0,0.0,3309.0,3309.0,3309.0,,,,,,,,,,,3378.0,0.0,3381.0,3378.0,3378.0,55.34179687500001,0.019531249999992895,55.361328125,55.34179687500001,55.34179687500001,32.98828125,0.0,33.017578125,32.98828125,32.98828125,1.55341796875,0.0001953125000000444,1.55361328125,1.55341796875,1.55341796875,1.2673393447060946,0.07033199626410225,1.336154840110932,1.252568145478948,1.2802474331141387,62.94098067545406,12.827634737477368,74.84934184111601,59.63813298483035,64.97767678918372,4.237114924168681,0.32306976591763714,4.649716178375258,4.1865585133245355,4.2744992701804465,2.8874805984734477,0.20595051056301195,3.121592425352294,2.847933856339754,2.912705263233245,,
eddsa_fn_dsa,blake3,10KB,verify_stored,warm,100,100,0,1.0,100,100,1.0,1.0,true,1.0,1.38816,0.2144499999999998,1.7980881,1.371495,1.4158199999999999,19.383389,0.8518812500000017,20.696062650000002,19.267625,19.529038,,,,,,,,,,,7.269601,0.38130800000000153,7.9023034999999995,7.190237000000001,7.343600937500001,7.269601,0.38130800000000153,7.9023034999999995,7.190237000000001,7.343600937500001,15.142211,0.6737929999999999,15.948897449999999,15.015889,15.227386,2.964054,0.23683875,3.3188950999999998,2.9285520000000003,3.0102070874999995,0.1588425,0.030337000000000003,0.1972547,0.15464999999999995,0.16162587499999997,,,,,,0.24399749999999998,0.044337499999999974,0.3126185,0.236403,0.25257300000000005,,,,,,,,,,,,,,,,,,,,,0.2996215,0.10162525,0.41060315,0.288121,0.31631299999999996,0.25458800000000004,0.045129749999999996,0.318877,0.246663,0.2628777625,,,,,,,,,,,,,,,,,,,,,0.1484885,0.033790249999999994,0.2037241,0.141992125,0.1546609875,1.9043815,0.1605985000000001,2.14690665,1.8716127,1.93037,2.964054,0.23683875,3.3188950999999998,2.9285520000000003,3.0102070874999995,2119.0,5.0,2125.0,2118.0,2120.0,498.0,0.0,498.0,498.0,498.0,461.0,0.0,461.0,461.0,461.0,522.0,0.0,524.0,522.0,522.0,,,,,,63.0,0.0,63.0,63.0,63.0,,,,,,,,,,,,,,,,,,,,,654.0,3.0,657.0,654.0,654.0,717.0,3.0,720.0,717.0,717.0,20.693359375,0.048828125,20.751953125,20.68359375,20.703125,7.001953125,0.029296874999999112,7.03125,7.001953125,7.001953125,1.20693359375,0.00048828125,1.20751953125,1.2068359375,1.20703125,1.343351095676865,0.07070728735029208,1.4311262722314912,1.3297475792721893,1.3581784578171763,61.48006022263822,11.715717978327746,75.31636372163275,60.306577411645556,63.146621403168446,5.128002755959503,0.4271739152804708,5.576334105570096,5.058939477923921,5.217683422025603,3.294685574279228,0.2622700327915295,3.5870575943212435,3.2315020344089094,3.333868298337287,,
eddsa_ml_dsa,blake3,10KB,verify_stored,warm,100,100,0,1.0,100,100,1.0,1.0,true,1.0,1.3984515,0.16129799999999994,1.701107,1.372738,1.434044,19.997453500000002,0.8375044999999979,21.916766850000002,19.873425,20.115714687500002,,,,,,,,,,,7.392727,0.34378000000000064,8.0601217,7.330715,7.445513,7.392727,0.34378000000000064,8.0601217,7.330715,7.445513,15.6530645,0.6801307500000018,17.65795895,15.544762,15.773188424999999,3.119615,0.2764260000000007,3.5904352499999996,3.0878609999999997,3.184252,0.1566885,0.03387849999999998,0.40105749999999996,0.15174500000000002,0.1622338875,,,,,,0.24791999999999997,0.04546049999999996,0.32570035,0.237536,0.255048,,,,,,,,,,,0.6040475000000001,0.42256999999999995,1.39996765,0.543018,0.7005150124999999,,,,,,,,,,,0.24634250000000002,0.05300750000000001,0.30297725,0.236443,0.25761300000000004,,,,,,,,,,,0.257513,0.04104249999999998,0.35840894999999995,0.250801,0.26844162499999996,,,,,,,,,,,2.0519885,0.22188849999999993,2.3641423500000003,2.021521,2.1008899999999997,3.119615,0.2764260000000007,3.5904352499999996,3.0878609999999997,3.184252,5658.0,0.0,5660.0,5658.0,5658.0,498.0,0.0,498.0,498.0,498.0,461.0,0.0,461.0,461.0,461.0,522.0,0.0,524.0,522.0,522.0,,,,,,63.0,0.0,63.0,63.0,63.0,,,,,,,,,,,3309.0,0.0,3309.0,3309.0,3309.0,,,,,,,,,,,3372.0,0.0,3372.0,3372.0,3372.0,55.25390624999999,0.0,55.2734375,55.25390624999999,55.25390624999999,32.9296875,0.0,32.9296875,32.9296875,32.9296875,1.5525390625,0.0,1.552734375,1.5525390625,1.5525390625000002,1.3209773702107255,0.061516314092086466,1.3849994937160532,1.3116121078561007,1.3321517750997005,62.32519806951082,12.82472428270848,77.20870364489569,60.13130753363505,64.35549770997396,4.759115764369263,0.5004987795371827,5.193398014623709,4.6483276135352165,4.8308303500186245,3.130397489151205,0.2747205934780963,3.4100721463118187,3.0668505507729917,3.162585686337565,,
ecdsa_fn_dsa,blake3,1MB,verify_stored,warm,100,100,0,1.0,100,100,1.0,1.0,true,1.0,9.386883999999998,2.3501224999999977,11.971843250000001,8.78088,9.971488,23.2604425,1.0084232499999999,24.8719064,23.136303,23.444368,,,,,,,,,,,9.394057,0.49629949999999745,10.682067249999994,9.32555,9.474703275,9.394057,0.49629949999999745,10.682067249999994,9.32555,9.474703275,18.9485095,0.7984205000000024,20.26746385,18.832928,19.1516411375,5.078629,0.4990250000000005,5.619805600000001,5.0304340000000005,5.15310905,3.704412,0.29919600000000024,4.3116343,3.639235,3.7777069625,,,,,,,,,,,0.46718099999999996,0.038529500000000105,0.5719484999999997,0.4594619999999999,0.472164525,,,,,,,,,,,,,,,,0.300889,0.031061000000000005,0.3566969,0.2984613,0.3075850625,,,,,,0.47779099999999997,0.10513124999999995,0.6019865499999999,0.467487,0.5030129999999998,,,,,,,,,,,,,,,,0.1447815,0.027942250000000002,0.20408454999999998,0.140734,0.1492976125,3.9215090000000004,0.39229775,4.38370485,3.862873025,3.9727025875000006,5.078629,0.4990250000000005,5.619805600000001,5.0304340000000005,5.15310905,2130.0,4.0,2134.0,2128.9874999999997,2130.0,500.0,0.0,500.0,500.0,500.0,463.0,0.0,463.0,463.0,463.0,520.0,0.0,522.0,520.0,520.0,,,,,,,,,,,69.0,0.0,72.0,69.0,69.0,,,,,,,,,,,,,,,,654.0,3.0,660.0,654.0,654.0,723.0,3.0,729.0,723.0,726.0,0.20313262939453125,0.0003814697265625,0.20351409912109375,0.20303606986999512,0.20313262939453125,0.06895065307617188,0.000286102294921875,0.06952285766601562,0.06895065307617188,0.06923675537109375,1.0020313262939453,3.814697265625e-6,1.002035140991211,1.0020303606987,1.0020313262939453,106.4503137793055,5.62782542195437,114.45802757011349,105.50716820976174,107.20242617244404,269.94838093720324,21.917886553589824,297.40849523679395,264.55390391613855,274.78302445431524,255.00619290849838,25.655837275949665,287.6449628254384,251.6360748496537,258.8705890393157,196.9035508505241,19.499589602790564,220.5731210660755,194.0208215384842,198.79000499758072,,
ecdsa_ml_dsa,blake3,1MB,verify_stored,warm,100,100,0,1.0,100,100,1.0,1.0,true,1.0,9.350102499999998,2.3693709999999992,11.481039200000001,8.691797,10.034823912499998,23.921217999999996,1.3660727500000007,25.4256346,23.675649,24.174756475,,,,,,,,,,,9.431151499999999,0.4952582499999991,10.469120349999999,9.31997745,9.527631,9.431151499999999,0.4952582499999991,10.469120349999999,9.31997745,9.527631,19.525982,1.2314577500000006,20.84646825,19.346771,19.734780025,5.1101775,0.4312457500000004,5.86366655,5.046043,5.167721,3.6848605,0.2595390000000002,4.05869795,3.627904,3.739055075,,,,,,,,,,,0.471499,0.04064400000000001,0.6114968000000001,0.465673,0.4788278999999999,,,,,,0.6476445,0.7302905,1.6834122999999999,0.559098,0.724429,,,,,,,,,,,,,,,,0.454457,0.07091475000000014,0.5887305499999999,0.443772,0.466097525,,,,,,0.261741,0.03389475000000003,0.33811135,0.25705200000000006,0.26789091249999997,,,,,,,,,,,3.9618495,0.4018612500000005,4.50075405,3.918038000000001,4.036229,5.1101775,0.4312457500000004,5.86366655,5.046043,5.167721,5667.0,2.0,5669.0,5667.0,5667.0,500.0,0.0,500.0,500.0,500.0,463.0,0.0,463.0,463.0,463.0,520.0,0.0,522.0,520.0,520.0,,,,,,,,,,,69.0,0.0,72.0,69.0,69.0,,,,,,3309.0,0.0,3309.0,3309.0,3309.0,,,,,,,,,,,3378.0,0.0,3381.0,3378.0,3378.0,0.5404472351074219,0.00019073486328125,0.5406379699707031,0.5404472351074219,0.5404472351074219,0.32215118408203125,0.0,0.3224372863769531,0.32215118408203125,0.32215118408203125,1.0054044723510742,1.9073486328125e-6,1.005406379699707,1.0054044723510742,1.0054044723510742,106.03160806979034,5.504924038707998,111.51330178947053,104.95788512380464,107.2960107021333,271.38077752035394,19.146295691634577,304.3305352962788,267.3271429277936,275.5711910963483,252.40737168516216,25.0384959264926,275.5532121366419,247.75601186156683,255.22978592856927,195.68792385966805,16.05222539278745,212.04590069554462,193.50889879697456,197.9578500986355,,
eddsa_fn_dsa,blake3,1MB,verify_stored,warm,100,100,0,1.0,100,100,1.0,1.0,true,1.0,9.1913415,2.2997460000000007,12.07567565,8.668324,9.748126737500002,23.01301,1.1055939999999964,26.054040299999997,22.851495,23.219096,,,,,,,,,,,9.0606145,0.48908775000000126,11.278218599999997,9.004141,9.1809594875,9.0606145,0.48908775000000126,11.278218599999997,9.004141,9.1809594875,18.750142500000003,0.890069000000004,20.562986449999997,18.568812,18.856962962500003,4.725076,0.33051975000000056,5.25768895,4.684855,4.775786,3.67409,0.4540822499999999,4.40732475,3.613266,3.7339915874999994,,,,,,0.2275115,0.03418924999999998,0.2750315,0.220554,0.23453,,,,,,,,,,,,,,,,,,,,,0.29205749999999997,0.03442225000000004,0.39375804999999997,0.286718,0.30377525,0.2510155,0.046272499999999994,0.31384219999999996,0.243177,0.25880623750000004,,,,,,,,,,,,,,,,,,,,,0.1441705,0.036631249999999976,0.19415905,0.136096,0.151595,3.5928430000000002,0.32240424999999995,4.04711805,3.550057,3.6250539500000003,4.725076,0.33051975000000056,5.25768895,4.684855,4.775786,2119.0,4.0,2125.0,2118.0,2120.0,500.0,0.0,500.0,500.0,500.0,463.0,0.0,463.0,463.0,463.0,520.0,0.0,522.0,520.0,520.0,,,,,,63.0,0.0,63.0,63.0,63.0,,,,,,,,,,,,,,,,,,,,,654.0,0.75,657.0,654.0,654.0,717.0,0.75,720.0,717.0,717.0,0.20208358764648438,0.0003814697265625,0.20265579223632812,0.20198822021484375,0.202178955078125,0.06837844848632812,0.00007152557373046875,0.06866455078125,0.06837844848632812,0.06837844848632812,1.0020208358764648,3.814697265625e-6,1.0020265579223633,1.0020198822021484,1.0020217895507812,110.36781056644585,5.904256142659506,117.40231488568764,108.81846327219077,111.05858546452984,272.1766295560292,32.90935480705264,304.614949729615,267.12890652652015,276.7579248247984,278.3311160162506,25.011926148124076,313.79064780972686,275.7364852587139,281.68561800557006,211.63691082651457,14.753186818507373,231.87325341836768,209.38961670393104,213.40842167185127,,
eddsa_ml_dsa,blake3,1MB,verify_stored,warm,100,100,0,1.0,100,100,1.0,1.0,true,1.0,9.346438000000001,2.3990909999999968,11.99332425,8.807364999999999,10.01172,23.7591695,1.570442749999998,26.18314945,23.500481999999998,23.952464412500003,,,,,,,,,,,9.207157500000001,0.6676305000000013,11.61162465,9.039924,9.327924687500001,9.207157500000001,0.6676305000000013,11.61162465,9.039924,9.327924687500001,19.3907435,1.157612750000002,21.29572655,19.161765,19.573096000000003,4.905488999999999,0.5588884999999992,5.631221049999999,4.826701,4.971363,3.71969,0.33175924999999973,4.425603099999999,3.659202,3.7769518875,,,,,,0.2311835,0.03049999999999997,0.2898383,0.225583,0.236244,,,,,,,,,,,0.6339239999999999,0.64434075,1.9830787499999998,0.5550309999999999,0.739556,,,,,,,,,,,0.25054449999999995,0.04681274999999996,0.3049936,0.238878,0.258024,,,,,,,,,,,0.266014,0.0665725,0.36884335,0.26151847500000003,0.273283,,,,,,,,,,,3.793825,0.49022775000000074,4.32596345,3.678639,3.831826,4.905488999999999,0.5588884999999992,5.631221049999999,4.826701,4.971363,5658.0,0.0,5660.0,5658.0,5658.0,500.0,0.0,500.0,500.0,500.0,463.0,0.0,463.0,463.0,463.0,520.0,0.0,522.0,520.0,520.0,,,,,,63.0,0.0,63.0,63.0,63.0,,,,,,,,,,,3309.0,0.0,3309.0,3309.0,3309.0,,,,,,,,,,,3372.0,0.0,3372.0,3372.0,3372.0,0.5395889282226562,0.0,0.5397796630859375,0.5395889282226562,0.5395889282226562,0.3215789794921875,0.0,0.3215789794921875,0.3215789794921875,0.3215789794921875,1.0053958892822266,0.0,1.0053977966308594,1.0053958892822266,1.0053958892822266,108.61115876609176,7.821596720853066,115.54542659715999,107.20176068171745,110.24731672289903,268.83961146670856,24.20222038149791,297.2730031071738,264.39687239651704,272.9467584542925,263.5864808424358,34.55238804826851,300.9387959848612,260.97136236099266,271.83966678981005,203.85329376247893,23.098888981286507,223.93261865563994,201.1520784139078,207.18084671082795,,
ecdsa_fn_dsa,blake3,50MB,verify_stored,warm,100,100,0,1.0,100,100,1.0,1.0,true,1.0,382.177593,106.62873274999998,477.8655982,364.76702700000004,408.44670214999996,208.28594800000002,11.899554999999964,219.59964419999997,207.1732608375,210.947259,,,,,,,,,,,72.76363549999999,3.486242500000003,82.3299534,72.45945171250001,73.39258899999999,72.76363549999999,3.486242500000003,82.3299534,72.45945171250001,73.39258899999999,203.9557105,11.74228500000001,215.26055200000002,202.625085,206.612433,68.3676605,3.5299677499999973,77.8203324,68.033684,68.844525,177.7715725,12.129774749999996,190.79466735,176.181215,180.579222,,,,,,,,,,,0.568391,0.13348300000000002,0.69478345,0.544401,0.600967,,,,,,,,,,,,,,,,0.3252855,0.04644975000000001,0.4557434999999999,0.317736,0.333455,,,,,,0.46879899999999997,0.08061425,0.6179382499999999,0.445335,0.477175,,,,,,,,,,,,,,,,0.1414455,0.02774399999999999,0.2078245,0.13642600000000002,0.146395,66.9934085,3.532908000000006,76.28689325,66.67295299999999,67.655395,68.3676605,3.5299677499999973,77.8203324,68.033684,68.844525,2132.0,5.0,2138.0,2131.0,2133.0,501.0,0.0,501.0,501.0,501.0,463.0,0.0,463.0,463.0,463.0,522.0,0.0,524.0,522.0,522.0,,,,,,,,,,,69.0,3.0,72.0,69.0,69.0,,,,,,,,,,,,,,,,654.0,3.0,657.0,654.0,654.0,723.0,3.0,729.0,723.0,726.0,0.00406646728515625,9.5367431640625e-6,0.004077911376953125,0.0040645599365234375,0.0040683746337890625,0.0013790130615234375,5.7220458984375e-6,0.0013904571533203125,0.0013790130615234375,0.001384735107421875,1.0000406646728515,9.536743150739824e-8,1.0000407791137695,1.0000406455993653,1.0000406837463378,687.1565816366403,32.568769697496805,718.9000166026349,681.1098925449703,690.0399482067055,281.2599275614966,19.22381593919488,308.17143929350254,276.8867837962,283.78466933552306,746.3420840433449,39.06017743381915,783.5807414445579,739.0393626406291,749.6442162590138,731.3407061965925,37.52641164870761,768.3575463246107,726.2504394568202,734.9300678763773,,
ecdsa_ml_dsa,blake3,50MB,verify_stored,warm,100,100,0,1.0,100,100,1.0,1.0,true,1.0,385.273279,107.11167725000007,468.1196743,351.636589,407.95584299999996,209.2868665,16.69051474999995,230.88375255,206.151857,212.06180999999998,,,,,,,,,,,73.205757,3.3908562499999846,78.42716100000001,72.629943,74.1348,73.205757,3.3908562499999846,78.42716100000001,72.629943,74.1348,204.8226415,16.54036375000001,226.3281945,201.912439,207.556483,68.7213435,3.32505350000001,73.8398354,68.188254,69.53584252499999,178.792036,16.676397999999978,197.8137468,175.91078800000005,181.04163013749996,,,,,,,,,,,0.5726495,0.15535875,0.72970255,0.539522,0.6247322124999999,,,,,,0.676704,0.54632125,1.9336060999999996,0.616115,0.7468859625,,,,,,,,,,,,,,,,0.4694555,0.0909850000000001,0.6055343,0.4640722875,0.48726176250000003,,,,,,0.27913849999999996,0.04143250000000004,0.35113115,0.272551,0.2881414875,,,,,,,,,,,67.437496,3.243270249999995,72.44564505,66.968627,68.18704096249999,68.7213435,3.32505350000001,73.8398354,68.188254,69.53584252499999,5670.0,2.0,5672.0,5670.0,5670.0,501.0,0.0,501.0,501.0,501.0,463.0,0.0,463.0,463.0,463.0,522.0,0.0,524.0,522.0,522.0,,,,,,,,,,,69.0,0.0,72.0,69.0,69.0,,,,,,3309.0,0.0,3309.0,3309.0,3309.0,,,,,,,,,,,3378.0,0.0,3381.0,3378.0,3378.0,0.010814666748046875,3.814697265625e-6,0.0108184814453125,0.010814666748046875,0.010814666748046875,0.006443023681640625,0.0,0.0064487457275390625,0.006443023681640625,0.006443023681640625,1.0001081466674804,3.814697269177714e-8,1.000108184814453,1.0001081466674804,1.0001081466674804,683.0066699438504,31.31271754535078,717.0862120064459,674.4470882770305,688.4213030430162,279.65475755396045,26.51865296043559,308.2775443969987,276.09941849707513,284.2349839283307,741.4272954053871,35.328556142147704,783.495411382507,733.1453011141389,746.6007953052449,727.5781358275806,34.84885442985308,767.6796012087414,718.7825100836919,733.1183461597371,,
eddsa_fn_dsa,blake3,50MB,verify_stored,warm,100,100,0,1.0,100,100,1.0,1.0,true,1.0,367.95828800000004,99.33797900000002,474.2412057,348.79925099999997,385.875977,210.116558,15.107012999999995,223.82274519999999,207.50151151249997,212.15332,,,,,,,,,,,73.406666,4.7633677500000005,80.63982834999999,72.70962,73.901207,73.406666,4.7633677500000005,80.63982834999999,72.70962,73.901207,205.4605535,14.585633000000001,219.46235645000002,203.1262280625,207.84818,68.848683,4.336537000000007,75.91610925,68.008076,69.3237037875,179.827713,13.785430500000018,193.95025465,177.62746700000002,181.76081509999997,,,,,,0.2898635,0.053423,0.36911969999999994,0.280185,0.29498399999999997,,,,,,,,,,,,,,,,,,,,,0.35627299999999995,0.10678699999999997,0.47209324999999996,0.329888,0.3724523125,0.25776850000000007,0.051584250000000054,0.34059814999999993,0.251752,0.267452,,,,,,,,,,,,,,,,,,,,,0.1538685,0.03686500000000004,0.21101039999999993,0.148288,0.159219,67.44193949999999,4.270884249999995,74.0814785,66.70934100000001,67.8895240625,68.848683,4.336537000000007,75.91610925,68.008076,69.3237037875,2123.0,5.0,2129.05,2121.0,2124.0,501.0,0.0,501.0,501.0,501.0,463.0,0.0,463.0,463.0,463.0,522.0,0.0,524.0,522.0,522.0,,,,,,63.0,0.0,63.0,63.0,63.0,,,,,,,,,,,,,,,,,,,,,654.0,3.75,660.0,654.0,654.0,717.0,3.75,723.0,717.0,717.0,0.0040493011474609375,9.5367431640625e-6,0.0040608406066894535,0.0040454864501953125,0.00405120849609375,0.0013675689697265625,7.152557373046875e-6,0.0013790130615234375,0.0013675689697265625,0.0013675689697265625,1.0000404930114746,9.536743172944284e-8,1.0000406084060671,1.0000404548645019,1.000040512084961,681.1370983615818,43.97574447682973,721.8831588092802,676.5789359840902,687.6669139516889,278.044155838744,21.608507376413684,307.6062773929298,274.7577067022697,281.3625276291132,741.3785450562135,46.734908344002065,787.8013011659381,735.9146235419912,749.4381739952448,726.230385927744,45.69536541951834,771.901857149162,721.0303974302246,735.1886614260368,,
eddsa_ml_dsa,blake3,50MB,verify_stored,warm,100,100,0,1.0,100,100,1.0,1.0,true,1.0,367.64480649999996,85.37734124999997,482.84558475,353.12752005,381.72065684999995,207.888926,14.496536499999962,223.35998075,205.7445231875,210.16538400000002,,,,,,,,,,,72.8107575,3.349603500000015,78.6463924,72.071567,73.464754,72.8107575,3.349603500000015,78.6463924,72.071567,73.464754,203.52895,14.527810500000015,218.96466425,201.407375175,206.04025,68.1064255,3.382883750000005,73.77098665,67.665695,68.925525375,177.4039675,14.911341749999991,193.0133631,175.033212,179.78735215,,,,,,0.28221949999999996,0.05363550000000006,0.3481988,0.271299,0.287429,,,,,,,,,,,0.735614,0.46924450000000006,1.7224743999999999,0.674244,0.7809967500000001,,,,,,,,,,,0.2560755,0.052731,0.31929965,0.247023,0.267372,,,,,,,,,,,0.277034,0.06710525000000006,0.36721514999999993,0.27006600000000003,0.284974,,,,,,,,,,,66.7548515,3.431521250000003,72.4919488,66.395473,67.480166,68.1064255,3.382883750000005,73.77098665,67.665695,68.925525375,5661.0,0.0,5663.0,5661.0,5661.0,501.0,0.0,501.0,501.0,501.0,463.0,0.0,463.0,463.0,463.0,522.0,0.0,524.0,522.0,522.0,,,,,,63.0,0.0,63.0,63.0,63.0,,,,,,,,,,,3309.0,0.0,3309.0,3309.0,3309.0,,,,,,,,,,,3372.0,0.0,3372.0,3372.0,3372.0,0.010797500610351562,0.0,0.010801315307617188,0.010797500610351562,0.010797500610351562,0.00643157958984375,0.0,0.00643157958984375,0.00643157958984375,0.00643157958984375,1.0001079750061035,0.0,1.0001080131530762,1.0001079750061035,1.0001079750061035,686.7117139585118,31.33325188226911,724.5800432799327,680.5886147433574,693.2700525797369,281.842935794148,23.721821621796835,309.62413553001863,278.0332192533378,285.66007232958736,749.0093558745998,37.89832529884848,791.7952090563026,740.9584617797177,753.0120990500074,734.1452535224025,35.95549102988707,776.1225874285134,725.2854872361287,738.8685707121781,,
ecdsa_fn_dsa,sha256,10KB,verify_stored,warm,100,100,0,1.0,100,100,1.0,1.0,true,1.0,1.413183,0.1787344999999998,1.7216711,1.367448,1.436999,19.8374625,0.6885274999999957,20.927737650000005,19.714807,19.9441540125,,,,,,,,,,,7.5499925,0.47107725000000045,8.4546578,7.4944429999999995,7.597327,7.5499925,0.47107725000000045,8.4546578,7.4944429999999995,7.597327,15.5016405,0.5567042499999992,16.4544406,15.398837,15.569687,3.239605,0.3268002499999998,3.8093140500000002,3.178451,3.3264334499999997,0.1561325,0.030894999999999978,0.39001769999999997,0.152035,0.16189501250000002,,,,,,,,,,,0.486277,0.12817850000000003,0.64598715,0.472226,0.51665215,,,,,,,,,,,,,,,,0.3120155,0.05835699999999999,0.40597864999999994,0.3058221375,0.318828,,,,,,0.46934,0.13061024999999993,0.6390133,0.450655,0.503123,,,,,,,,,,,,,,,,0.1420615,0.030730000000000035,0.19772149999999997,0.13859000000000002,0.1497395,2.13563,0.2604605000000002,2.60342845,2.113874,2.1865442625,3.239605,0.3268002499999998,3.8093140500000002,3.178451,3.3264334499999997,2130.0,4.25,2135.05,2129.0,2131.0,499.0,0.0,499.0,499.0,499.0,462.0,0.0,462.0,462.0,462.0,522.0,0.0,524.0,522.0,522.0,,,,,,,,,,,69.0,0.0,72.0,69.0,69.0,,,,,,,,,,,,,,,,654.0,6.0,657.0,654.0,654.0,723.0,3.0,729.0,723.0,723.0,20.80078125,0.04150390625,20.85009765625,20.791015625,20.810546875,7.060546875,0.029296874999999112,7.119140625000001,7.060546875,7.060546875,1.2080078125,0.00041503906250017764,1.2085009765624999,1.20791015625,1.20810546875,1.293461984222437,0.08119270365252196,1.3724719902871554,1.2853861360377277,1.3029922408816312,62.54796369082142,11.718951364127705,74.29782025812135,60.29875767193154,64.19151507409914,4.5727143511385595,0.5307661252547389,4.928469277419246,4.465937345514295,4.619531504228706,3.0144519051133303,0.29707897508641556,3.2567568596325187,2.9321393549285912,3.0696781157329727,,
ecdsa_ml_dsa,sha256,10KB,verify_stored,warm,100,100,0,1.0,100,100,1.0,1.0,true,1.0,1.4090515,0.1922447500000002,1.6810505,1.359419,1.426769,20.249612,0.9006105000000026,22.017837200000002,20.1300241625,20.335235,,,,,,,,,,,7.6375975,0.3667750000000005,8.21314425,7.561978,7.7145384625,7.6375975,0.3667750000000005,8.21314425,7.561978,7.7145384625,15.8811015,0.835258750000003,17.18206345,15.8167907375,16.053185000000003,3.3742375,0.2458904999999998,3.7649445999999998,3.3181830000000003,3.4182284875,0.1571745,0.03354549999999998,0.2621550999999998,0.15387761249999998,0.1597115,,,,,,,,,,,0.5022165000000001,0.15380574999999996,0.6658965,0.489297,0.5484611125,,,,,,0.660684,0.42759125000000003,1.6388118499999997,0.599905,0.728687,,,,,,,,,,,,,,,,0.455399,0.09588224999999984,0.5965062999999999,0.449624,0.477415,,,,,,0.262196,0.033690749999999936,0.35103775,0.254888,0.272325375,,,,,,,,,,,2.293882,0.14003725000000022,2.59288825,2.268274,2.3303475249999996,3.3742375,0.2458904999999998,3.7649445999999998,3.3181830000000003,3.4182284875,5668.0,2.0,5671.0,5668.0,5668.0,499.0,0.0,499.0,499.0,499.0,462.0,0.0,462.0,462.0,462.0,522.0,0.0,524.0,522.0,522.0,,,,,,,,,,,69.0,0.0,72.0,69.0,69.0,,,,,,3309.0,0.0,3309.0,3309.0,3309.0,,,,,,,,,,,3378.0,0.0,3381.0,3378.0,3378.0,55.35156249999999,0.019531249999992895,55.380859375,55.35156249999999,55.35156249999999,32.98828125,0.0,33.017578125,32.98828125,32.98828125,1.553515625,0.0001953125000000444,1.55380859375,1.553515625,1.553515625,1.2786255285420087,0.06123953350731082,1.3513556843437267,1.2647925277239285,1.29038553490291,62.132545837841164,12.939839109662984,76.78178234474913,61.12302059210114,63.463013146693186,4.257248485474891,0.2602389640091456,4.683331074309511,4.184850567757673,4.303459797206632,2.894175199957846,0.20940997616856327,3.185311692775302,2.856665418570501,2.943064020278568,,
eddsa_fn_dsa,sha256,10KB,verify_stored,warm,100,100,0,1.0,100,100,1.0,1.0,true,1.0,1.4049684999999998,0.15489849999999983,1.6970041999999999,1.369191,1.4256848624999998,19.473381500000002,0.5892564999999976,21.165872649999997,19.388656,19.593315824999998,,,,,,,,,,,7.2630395,0.3931825,9.309066649999998,7.2128164875,7.341343999999999,7.2630395,0.3931825,9.309066649999998,7.2128164875,7.341343999999999,15.1720375,0.426971,16.4655842,15.101951,15.2431556,3.004775,0.2607560000000002,3.8097377499999996,2.974879,3.04620055,0.1616085,0.030056749999999993,0.2987567,0.156394,0.167184,,,,,,0.24786000000000002,0.052007000000000025,0.3104981,0.242024,0.25654391249999997,,,,,,,,,,,,,,,,,,,,,0.3095005,0.09837724999999997,0.4416741,0.295965,0.324258,0.25321,0.0504425,0.31601314999999996,0.247764,0.2605620125,,,,,,,,,,,,,,,,,,,,,0.150006,0.04065075000000001,0.210285,0.14468655000000002,0.153487,1.9648194999999997,0.17853924999999982,2.45656705,1.91435,1.9940095125000001,3.004775,0.2607560000000002,3.8097377499999996,2.974879,3.04620055,2121.0,4.0,2126.0,2120.0,2121.0,499.0,0.0,499.0,499.0,499.0,462.0,0.0,462.0,462.0,462.0,522.0,0.0,524.0,522.0,522.0,,,,,,63.0,0.0,63.0,63.0,63.0,,,,,,,,,,,,,,,,,,,,,654.0,3.0,657.0,654.0,654.0,717.0,3.0,720.0,717.0,717.0,20.712890625,0.0390625,20.76171875,20.703125,20.712890625,7.001953125,0.029296875,7.03125,7.001953125,7.001953125,1.20712890625,0.0003906249999998668,1.2076171875,1.20703125,1.20712890625,1.3445670252062438,0.07197474105049362,1.4185370122668628,1.3302230490765725,1.353920433670463,60.4278852758689,11.292564160691967,80.41742099017938,58.41243779309025,62.44245303528268,4.970243810194782,0.45316990008989233,5.708853104343753,4.895565447992018,5.101274584062476,3.250035360384721,0.2812312355628781,3.616915703811727,3.2020027876789965,3.2775829249496193,,
eddsa_ml_dsa,sha256,10KB,verify_stored,warm,100,100,0,1.0,100,100,1.0,1.0,true,1.0,1.4003795,0.18224299999999993,1.7142417499999998,1.357769,1.4318600000000001,19.973142,0.9711947500000022,21.727268749999997,19.847512000000002,20.185500912499997,,,,,,,,,,,7.3911795,0.5063997499999999,8.258607900000001,7.338138,7.464963,7.3911795,0.5063997499999999,8.258607900000001,7.338138,7.464963,15.7403885,0.8801747500000019,17.1439664,15.516778,15.862367,3.126543,0.3168495,3.6351068,3.0829120000000003,3.168101,0.1580365,0.025022249999999968,0.23409559999999993,0.152836,0.163587,,,,,,0.2508905,0.04906000000000002,0.302958,0.243006,0.256672,,,,,,,,,,,0.6340844999999999,0.4947429999999997,1.7473340000000002,0.565019,0.733025,,,,,,,,,,,0.245596,0.050780500000000006,0.3133819,0.238197,0.259699125,,,,,,,,,,,0.25071,0.06798999999999997,0.38915825,0.24681300000000003,0.260228,,,,,,,,,,,2.079074,0.23990000000000045,2.3641066,2.030057,2.1268153375,3.126543,0.3168495,3.6351068,3.0829120000000003,3.168101,5659.0,0.0,5661.0,5659.0,5659.0,499.0,0.0,499.0,499.0,499.0,462.0,0.0,462.0,462.0,462.0,522.0,0.0,524.0,522.0,522.0,,,,,,63.0,0.0,63.0,63.0,63.0,,,,,,,,,,,3309.0,0.0,3309.0,3309.0,3309.0,,,,,,,,,,,3372.0,0.0,3372.0,3372.0,3372.0,55.263671875,0.0,55.283203125,55.263671875,55.263671875,32.9296875,0.0,32.9296875,32.9296875,32.9296875,1.55263671875,0.0,1.55283203125,1.55263671875,1.55263671875,1.3212541838492784,0.08904848553474087,1.4048646789663963,1.308194695673642,1.330714862252448,61.79349372623811,9.767182977701722,75.5789655516986,59.69682798755402,63.8961043209715,4.697137150219811,0.5381315693190167,5.214632852094594,4.586885025683034,4.810517635711707,3.123457765361954,0.3099580701168274,3.447057266429361,3.0824853753084263,3.162571315692252,,
ecdsa_fn_dsa,sha256,1MB,verify_stored,warm,100,100,0,1.0,100,100,1.0,1.0,true,1.0,8.765803,1.8055779999999988,11.57426345,8.627267,9.289104,23.614881500000003,0.9759402499999972,24.98963265,23.467806,23.804652,,,,,,,,,,,9.5946035,0.46800024999999934,10.4564167,9.50939,9.6758807375,9.5946035,0.46800024999999934,10.4564167,9.50939,9.6758807375,19.3332605,0.8209245000000038,20.57854245,19.2319569875,19.466742937499998,5.270213,0.41956150000000036,5.90501105,5.185404,5.3257666875,3.891237,0.30202674999999957,4.5623203,3.826235,3.971572425,,,,,,,,,,,0.472546,0.05045474999999999,0.6430081000000001,0.465704,0.47928078749999997,,,,,,,,,,,,,,,,0.30462100000000003,0.02977799999999997,0.40576885,0.300043,0.309190775,,,,,,0.4758575,0.11253275000000007,0.6184138,0.455995,0.50279465,,,,,,,,,,,,,,,,0.142202,0.035884000000000055,0.2110998,0.139131,0.14968204999999998,4.104782500000001,0.40365000000000073,4.6116345999999995,4.049683999999999,4.145034537499999,5.270213,0.41956150000000036,5.90501105,5.185404,5.3257666875,2130.0,5.0,2135.0,2129.0,2131.0,501.0,0.0,501.0,501.0,501.0,464.0,0.0,464.0,464.0,464.0,520.0,0.0,522.0,520.0,520.0,,,,,,,,,,,69.0,3.0,72.0,69.0,69.0,,,,,,,,,,,,,,,,654.0,3.0,657.0,654.0,654.0,723.0,3.0,729.0,723.0,724.5374999999999,0.20313262939453125,0.000476837158203125,0.20360946655273438,0.20303726196289062,0.20322799682617188,0.06895065307617188,0.000286102294921875,0.06952285766601562,0.06895065307617188,0.06909728050231934,1.0020313262939453,4.76837158203125e-6,1.0020360946655273,1.002030372619629,1.0020322799682617,104.22526245869878,5.074192318778003,109.77805183562694,103.33550475673995,105.15921631145636,256.98872719662717,19.89840317657803,279.55722237661746,251.74142128171636,261.1007792683189,243.6182682477297,23.713295739064336,271.23501399223636,241.18208161842824,246.73327697444748,189.74573518873848,14.977738400105352,205.9770842646388,187.73314109459685,192.66480364926224,,
ecdsa_ml_dsa,sha256,1MB,verify_stored,warm,100,100,0,1.0,100,100,1.0,1.0,true,1.0,9.075410999999999,2.3135332500000008,11.4873004,8.680185999999999,9.49493,23.9258515,1.2090452499999955,26.55476495,23.751972,24.219981012499996,,,,,,,,,,,9.7070875,0.5661690000000021,12.4311864,9.622972,9.819431999999999,9.7070875,0.5661690000000021,12.4311864,9.622972,9.819431999999999,19.63935,1.1689900000000009,22.155322199999997,19.456076,19.849694,5.3800295,0.49531874999999914,6.2273951,5.331448,5.469882125,3.8832025000000003,0.2909130000000002,4.460488300000001,3.847175,3.9462605625,,,,,,,,,,,0.48041049999999996,0.05192925000000009,0.6409637499999998,0.47156045,0.4871591375,,,,,,0.659101,0.46453125000000006,1.5818563499999996,0.57612,0.7697039999999999,,,,,,,,,,,,,,,,0.455359,0.08202799999999999,0.60840005,0.445045,0.466431775,,,,,,0.262382,0.02678050000000004,0.33492574999999997,0.256521,0.26598900000000003,,,,,,,,,,,4.243047,0.41801900000000014,4.753118549999999,4.1776740000000006,4.2956020375,5.3800295,0.49531874999999914,6.2273951,5.331448,5.469882125,5668.0,2.0,5671.0,5668.0,5668.0,501.0,0.0,501.0,501.0,501.0,464.0,0.0,464.0,464.0,464.0,520.0,0.0,522.0,520.0,520.0,,,,,,,,,,,69.0,0.0,72.0,69.0,69.0,,,,,,3309.0,0.0,3309.0,3309.0,3309.0,,,,,,,,,,,3378.0,0.0,3381.0,3378.0,3378.0,0.5405426025390625,0.00019073486328125,0.5408287048339844,0.5405426025390625,0.5405426025390625,0.32215118408203125,0.0,0.3224372863769531,0.32215118408203125,0.32215118408203125,1.0054054260253906,1.9073486328125e-6,1.0054082870483398,1.0054054260253906,1.0054054260253906,103.01753445750366,5.9632213692062805,109.73625131838583,101.8359114784823,103.91799955356827,257.519419269614,19.253314850330497,278.1365548706337,253.0042355439072,259.93098832260034,235.67978825888724,23.208716925959777,264.0461758598706,232.62403164431225,239.36764812189747,185.8725939939124,16.92943174605034,202.80794774143757,182.8074025298351,187.56630468870745,,
eddsa_fn_dsa,sha256,1MB,verify_stored,warm,100,100,0,1.0,100,100,1.0,1.0,true,1.0,8.7473725,1.801907749999998,11.52072175,8.471983,9.186018,23.3472975,1.090905750000001,25.025761749999997,23.158545999999998,23.496738,,,,,,,,,,,9.318016499999999,0.5573567500000003,10.800824699999998,9.269826049999999,9.464865112500002,9.318016499999999,0.5573567500000003,10.800824699999998,9.269826049999999,9.464865112500002,19.092174,0.917721499999999,20.47174965,18.947442,19.232313375,4.9690935,0.36598099999999967,5.665481399999999,4.929123,5.044989162499999,3.946721,0.3425692499999995,4.40275065,3.873283,3.982007,,,,,,0.2261145,0.03604249999999998,0.27068875,0.221776,0.2327681375,,,,,,,,,,,,,,,,,,,,,0.29712700000000003,0.030527499999999985,0.38194214999999987,0.291086,0.30315386250000004,0.2616555,0.047206000000000026,0.31147165,0.252914,0.271058,,,,,,,,,,,,,,,,,,,,,0.150773,0.03822924999999999,0.19323355,0.141796,0.15710953749999998,3.833404,0.28060224999999983,4.32061735,3.7853488625000002,3.882047075,4.9690935,0.36598099999999967,5.665481399999999,4.929123,5.044989162499999,2121.0,4.25,2126.0,2119.0,2122.0,501.0,0.0,501.0,501.0,501.0,464.0,0.0,464.0,464.0,464.0,520.0,0.0,522.0,520.0,520.0,,,,,,63.0,0.0,63.0,63.0,63.0,,,,,,,,,,,,,,,,,,,,,654.0,0.0,657.0,654.0,654.0,717.0,0.0,720.0,717.0,717.0,0.20227432250976562,0.00040531158447265625,0.20275115966796875,0.20208358764648438,0.20236968994140625,0.06837844848632812,0.0,0.06866455078125,0.06837844848632812,0.06837844848632812,1.0020227432250977,4.0531158447265625e-6,1.0020275115966797,1.0020208358764648,1.002023696899414,107.31902049223184,6.334985519201695,113.55878450772539,105.61969663699492,107.87641289783339,253.37522680067858,22.17783675022298,284.2439635144086,251.1296439207666,257.9595949544582,260.8647683733983,19.21937705452575,290.7437009329467,257.13861802906854,264.17154877703103,201.24395183891613,14.737187134419145,218.02430257175027,198.19554844870362,202.87584627123326,,
eddsa_ml_dsa,sha256,1MB,verify_stored,warm,100,100,0,1.0,100,100,1.0,1.0,true,1.0,8.9946685,2.0402872499999987,11.69402135,8.667742,9.363052,23.840052,1.1647154999999998,25.886772699999998,23.68344,24.019958149999997,,,,,,,,,,,9.483209500000001,0.5793560000000024,10.7425035,9.344367,9.579331,9.483209500000001,0.5793560000000024,10.7425035,9.344367,9.579331,19.472046,0.9963855000000024,21.158046199999998,19.32985,19.599766,5.1199665,0.4022742499999996,5.9775892,5.069447,5.187658000000001,3.911791,0.3708800000000001,4.5334976,3.854298,3.9520415499999997,,,,,,0.23024699999999998,0.03188425,0.27912170000000003,0.226894625,0.23866786249999994,,,,,,,,,,,0.629896,0.4301372499999999,1.5397329999999998,0.5534630250000001,0.6990329749999997,,,,,,,,,,,0.2487415,0.042866000000000015,0.30355055,0.238136,0.256582,,,,,,,,,,,0.2604285,0.06043899999999999,0.34862125,0.25417700000000004,0.2706781625,,,,,,,,,,,3.9962995,0.3306177500000005,4.37785525,3.950609,4.054363,5.1199665,0.4022742499999996,5.9775892,5.069447,5.187658000000001,5659.0,0.0,5661.0,5659.0,5659.0,501.0,0.0,501.0,501.0,501.0,464.0,0.0,464.0,464.0,464.0,520.0,0.0,522.0,520.0,520.0,,,,,,63.0,0.0,63.0,63.0,63.0,,,,,,,,,,,3309.0,0.0,3309.0,3309.0,3309.0,,,,,,,,,,,3372.0,0.0,3372.0,3372.0,3372.0,0.5396842956542969,0.0,0.5398750305175781,0.5396842956542969,0.5396842956542969,0.3215789794921875,0.0,0.3215789794921875,0.3215789794921875,0.3215789794921875,1.005396842956543,0.0,1.0053987503051758,1.005396842956543,1.005396842956543,105.44954256399413,6.376310152045079,111.81880101753576,104.39142357644809,106.98846482213084,255.63739841949544,23.74984376217307,277.75731601664495,252.95751603813895,259.45061850432944,250.23149547737788,21.150489324146918,276.26549161699523,246.6478704546189,253.12553077259736,195.31385330039987,15.055949629744248,212.3968542109745,192.76521312700257,196.91762917637791,,
ecdsa_fn_dsa,sha256,50MB,verify_stored,warm,100,100,0,1.0,100,100,1.0,1.0,true,1.0,376.00739550000003,87.27251100000001,457.69821699999994,355.13632099999995,392.794812,220.0859345,11.108452499999999,233.64199889999998,217.038828,222.14478242500002,,,,,,,,,,,79.242378,3.0892727500000206,86.12693660000001,78.806433,79.666817,79.242378,3.0892727500000206,86.12693660000001,78.806433,79.666817,215.6805285,10.978689249999974,229.1547723,212.714546,217.486505,74.74731,2.749734499999988,81.56790995,74.19804400000001,75.20455199999999,189.633422,10.320160749999985,205.6887779,186.616264,191.934367,,,,,,,,,,,0.58894,0.14396999999999993,0.6915416,0.5526570000000001,0.628058,,,,,,,,,,,,,,,,0.332158,0.049982749999999965,0.4352387,0.327404,0.3406436375,,,,,,0.4838875,0.0972420000000001,0.5997501500000001,0.46094958750000004,0.49857307500000003,,,,,,,,,,,,,,,,0.1464895,0.02356349999999996,0.19461514999999996,0.142227,0.15435,73.2488495,2.777563999999998,80.15853925,72.831001,73.8021047,74.74731,2.749734499999988,81.56790995,74.19804400000001,75.20455199999999,2132.0,4.25,2138.0,2132.0,2134.0,502.0,0.0,502.0,502.0,502.0,464.0,0.0,464.0,464.0,464.0,522.0,0.0,524.0,522.0,522.0,,,,,,,,,,,69.0,0.0,72.0,69.0,69.0,,,,,,,,,,,,,,,,654.0,0.0,657.0,654.0,654.0,723.0,3.0,726.15,723.0,723.0,0.00406646728515625,8.106231689453125e-6,0.004077911376953125,0.00406646728515625,0.004070281982421875,0.0013790130615234375,5.7220458984375e-6,0.0013850212097167968,0.0013790130615234375,0.0013790130615234375,1.0000406646728515,8.106231663695951e-8,1.0000407791137695,1.0000406646728515,1.0000407028198242,630.9760371204416,24.336764101283393,653.1297839302044,627.6138784357356,634.465970563596,263.6667576745101,14.413505079376307,283.2191838209618,260.5057175612536,267.89544751281943,682.604744531354,25.675584356328613,705.4281818184384,677.3071713594865,686.5208402119861,668.9204130833498,24.500726890528654,692.2146206765494,664.8533721735355,673.8283836054178,,
ecdsa_ml_dsa,sha256,50MB,verify_stored,warm,100,100,0,1.0,100,100,1.0,1.0,true,1.0,374.3254325,95.66896449999996,456.68059915000003,345.20548499999995,398.81692499999997,220.96709550000003,10.19520799999998,234.6221132,218.53372,221.87690500000002,,,,,,,,,,,80.4998515,4.007519250000001,86.43215949999998,80.12054,81.1348008625,80.4998515,4.007519250000001,86.43215949999998,80.12054,81.1348008625,216.511221,10.16612975000001,230.49222279999998,214.34839,217.464344,76.07837599999999,3.7607022499999943,81.74585525,75.65629899999999,76.56866,190.060848,10.26126825,203.74360505,188.173954,190.81566026250002,,,,,,,,,,,0.6142925,0.14307924999999988,0.7091839,0.5834530625000001,0.643066,,,,,,0.671434,0.5514335000000001,1.7575739999999997,0.612639,0.7515245499999998,,,,,,,,,,,,,,,,0.4835625,0.08552274999999998,0.6236804499999999,0.4642909999999999,0.5051469999999999,,,,,,0.281468,0.04449575,0.36358965,0.272541,0.289193,,,,,,,,,,,74.6435095,3.766378500000016,80.26712219999999,74.228843,75.210443,76.07837599999999,3.7607022499999943,81.74585525,75.65629899999999,76.56866,5671.0,2.0,5674.0,5671.0,5671.0,502.0,0.0,502.0,502.0,502.0,464.0,0.0,464.0,464.0,464.0,522.0,0.0,524.0,522.0,522.0,,,,,,,,,,,69.0,3.0,72.0,69.0,69.0,,,,,,3309.0,0.0,3309.0,3309.0,3309.0,,,,,,,,,,,3378.0,3.0,3381.0,3378.0,3378.0,0.010816574096679688,3.814697265625e-6,0.010822296142578125,0.010816574096679688,0.010816574096679688,0.006443023681640625,5.7220458984375e-6,0.0064487457275390625,0.006443023681640625,0.006443023681640625,1.0001081657409667,3.814697269177714e-8,1.0001082229614258,1.0001081657409667,1.0001081657409667,621.1194013700147,30.543463553263337,649.5431793518516,616.0989337582379,623.9553121613836,263.0737549184033,14.338868502115417,284.5406618408706,261.99751052061487,265.7115872688736,669.8506137052002,33.58560200358306,700.2225529129172,664.8012962774332,673.592608738358,657.2170158868666,32.213769529677506,688.4330879122364,653.0086852767176,660.8835042274537,,
eddsa_fn_dsa,sha256,50MB,verify_stored,warm,100,100,0,1.0,100,100,1.0,1.0,true,1.0,376.69153800000004,105.22083274999994,482.08966054999996,356.6131326,402.9597568749999,221.315162,14.089939999999984,237.62787845000003,217.392912,222.372715,,,,,,,,,,,80.028013,4.507740249999998,87.00869374999999,79.14321858749999,80.75687199999999,80.028013,4.507740249999998,87.00869374999999,79.14321858749999,80.75687199999999,216.846635,14.069367250000028,232.9601498,213.121018,218.1326944375,75.354994,4.198315750000006,82.03293965,74.322267,76.0890783875,191.32027499999998,13.398744249999993,207.98626894999998,188.274744,192.894900525,,,,,,0.286653,0.05362149999999999,0.3724772,0.275246,0.2946685,,,,,,,,,,,,,,,,,,,,,0.336922,0.09980949999999994,0.44285559999999996,0.32415373750000004,0.35206000000000004,0.25625549999999997,0.05765100000000001,0.33702435,0.248396,0.267352,,,,,,,,,,,,,,,,,,,,,0.151088,0.04005775,0.20430394999999998,0.140503,0.15789051249999997,73.964271,4.1098922500000015,80.64936155,72.808228,74.634293,75.354994,4.198315750000006,82.03293965,74.322267,76.0890783875,2124.0,3.25,2128.0,2122.0,2124.0,502.0,0.0,502.0,502.0,502.0,464.0,0.0,464.0,464.0,464.0,522.0,0.0,524.0,522.0,522.0,,,,,,63.0,0.0,63.0,63.0,63.0,,,,,,,,,,,,,,,,,,,,,654.0,0.0,657.0,654.0,654.0,717.0,0.0,720.0,717.0,717.0,0.00405120849609375,6.198883056640625e-6,0.004058837890625,0.004047393798828125,0.00405120849609375,0.0013675689697265625,0.0,0.001373291015625,0.0013675689697265625,0.0013675689697265625,1.000040512084961,6.198883051311554e-8,1.0000405883789063,1.0000404739379882,1.000040512084961,624.7813274459897,35.25688194732993,655.5218135469502,619.1423560833313,631.7551205963669,261.34208314620184,18.646858503515233,281.3432907043039,259.2078548855307,265.56934264109265,676.002244225765,37.60642063228295,712.0573755321367,669.9333240820007,686.7355706006194,663.5260759021764,36.897352865143034,698.6879448521321,657.032632222134,672.6177598204484,,
eddsa_ml_dsa,sha256,50MB,verify_stored,warm,100,100,0,1.0,100,100,1.0,1.0,true,1.0,367.283242,106.21481900000009,474.69355275,355.3802566625,391.047187,220.49406749999997,12.730562500000019,235.93888234999997,218.262982,223.281015,,,,,,,,,,,79.833686,4.188020249999994,87.58347329999998,79.213723,80.7532119375,79.833686,4.188020249999994,87.58347329999998,79.213723,80.7532119375,215.9119475,12.345060749999988,229.78983714999998,213.985029,218.802232475,75.2714475,3.953389250000015,82.00829094999999,74.653248,76.1207686125,189.963736,11.647439750000018,204.5447006,188.481502,192.858151475,,,,,,0.2924435,0.056478999999999946,0.36380185,0.278532,0.300248625,,,,,,,,,,,0.6679225,0.5655787500000001,1.6637305999999996,0.579697,0.700143,,,,,,,,,,,0.24508950000000002,0.052005750000000045,0.3233951,0.239529,0.251782,,,,,,,,,,,0.266104,0.05281349999999996,0.3638942,0.25923599999999997,0.27597700000000003,,,,,,,,,,,73.93892350000002,4.135137749999984,80.60215035,73.322943,74.676622,75.2714475,3.953389250000015,82.00829094999999,74.653248,76.1207686125,5662.0,0.0,5664.0,5662.0,5662.0,502.0,0.0,502.0,502.0,502.0,464.0,0.0,464.0,464.0,464.0,522.0,0.0,524.0,522.0,522.0,,,,,,63.0,0.0,63.0,63.0,63.0,,,,,,,,,,,3309.0,0.0,3309.0,3309.0,3309.0,,,,,,,,,,,3372.0,0.0,3372.0,3372.0,3372.0,0.010799407958984375,0.0,0.01080322265625,0.010799407958984375,0.010799407958984375,0.00643157958984375,0.0,0.00643157958984375,0.00643157958984375,0.00643157958984375,1.0001079940795898,0.0,1.0001080322265625,1.0001079940795898,1.0001079940795898,626.3021008669092,32.48416241084442,650.6151440742728,618.9206978642804,630.8620348020174,263.20813335443074,16.259917935697615,284.1062429725617,259.1821429723863,265.2780218188202,676.2338578246988,37.57010359162098,705.9043415418894,669.5535853241996,681.9147998464819,664.262573192452,34.59331267567961,692.6117842371752,656.4301892664159,669.5838349134663,,
ecdsa_fn_dsa,blake3,10KB,verify_uploaded,warm,100,100,0,1.0,100,100,1.0,1.0,true,1.0,1.4159495,0.16675950000000017,1.8291114499999999,1.394176,1.4405702749999998,19.744280500000002,0.7790615000000045,21.0476964,19.670462450000002,19.836794187499997,,,,,,,,,,,10.3725655,0.5450975000000007,11.711657800000001,10.30004,10.5335829875,10.3725655,0.5450975000000007,11.711657800000001,10.30004,10.5335829875,15.439674499999999,0.559221749999999,16.3437528,15.355987,15.555281,6.0867495,0.44895700000000094,6.771051549999999,5.9937000000000005,6.157697,0.160361,0.044343750000000015,0.24176245,0.15498738750000002,0.16776801249999998,,,,,,,,,,,0.4842185,0.07978000000000007,0.64002085,0.476133,0.497615625,,,,,,,,,,,,,,,,0.31024699999999994,0.04685475,0.40932755,0.299131,0.31548278750000003,,,,,,0.45655650000000003,0.08430725000000006,0.603937,0.45084847499999997,0.47689076249999995,,,,,,,,,,,,,,,,0.150918,0.03601499999999999,0.20603649999999998,0.142647,0.15720275,1.4412630000000002,0.1384200000000002,1.6714856500000002,1.412519,1.4765972,6.0867495,0.44895700000000094,6.771051549999999,5.9937000000000005,6.157697,2129.0,4.0,2133.05,2128.0,2130.0,498.0,0.0,498.0,498.0,498.0,461.0,0.0,461.0,461.0,461.0,522.0,0.0,524.0,522.0,522.0,,,,,,,,,,,69.0,3.0,72.0,69.0,69.0,,,,,,,,,,,,,,,,654.0,3.0,657.0,654.0,654.0,724.5,3.0,729.0,723.0,726.0,20.791015625,0.0390625,20.83056640625,20.78125,20.80078125,7.0751953125,0.029296874999999112,7.119140625000001,7.060546875,7.089843749999999,1.20791015625,0.0003906249999998668,1.2083056640625,1.2078125,1.2080078125,0.9414859809227747,0.04913462658264489,0.9886145022665412,0.9263209805530574,0.9478313893191275,60.89777487050846,16.526574096857374,76.21574757106161,58.161609243322104,63.00809729659978,6.775783577173417,0.6444020219733417,7.566880359576736,6.606063660384148,6.912193944415898,1.604414130108839,0.11923748548649193,1.7235549081242079,1.5859216522021138,1.6288855028069535,,
ecdsa_ml_dsa,blake3,10KB,verify_uploaded,warm,100,100,0,1.0,100,100,1.0,1.0,true,1.0,1.3940555,0.1344857500000003,1.6408400499999998,1.3685946125000001,1.4181270625,20.307810500000002,0.9456279999999992,21.789498649999995,20.188509,20.4467205875,,,,,,,,,,,10.7674985,0.5036494999999999,11.92787665,10.666197,10.847377512500001,10.7674985,0.5036494999999999,11.92787665,10.666197,10.847377512500001,15.961202,0.7683692499999957,17.202733600000002,15.807825,16.049996737500003,6.403569,0.41521825000000057,7.077370899999999,6.348927,6.49459,0.155717,0.03483049999999996,0.22262304999999993,0.15212599999999998,0.162905,,,,,,,,,,,0.5030635,0.13437999999999994,0.6785599,0.483898,0.513673325,,,,,,0.6920525,0.5334377499999998,1.57068645,0.5812499999999999,0.7857418124999997,,,,,,,,,,,,,,,,0.470322,0.12674249999999998,0.6072801,0.453751,0.487775,,,,,,0.269776,0.034883,0.36312164999999996,0.26283300000000004,0.27718000000000004,,,,,,,,,,,1.731066,0.20715875000000006,1.9961926,1.699167,1.767883775,6.403569,0.41521825000000057,7.077370899999999,6.348927,6.49459,5667.0,2.0,5670.0,5667.0,5667.0,498.0,0.0,498.0,498.0,498.0,461.0,0.0,461.0,461.0,461.0,522.0,0.0,524.0,522.0,522.0,,,,,,,,,,,69.0,3.0,72.0,69.0,69.0,,,,,,3309.0,0.0,3309.0,3309.0,3309.0,,,,,,,,,,,3378.0,3.0,3381.0,3378.0,3378.0,55.34179687500001,0.019531249999992895,55.37109375,55.34179687500001,55.34179687500001,32.98828125,0.029296875,33.017578125,32.98828125,32.98828125,1.55341796875,0.0001953125000000444,1.5537109375,1.55341796875,1.55341796875,0.9069540682453905,0.04227666229334448,0.9480099633886965,0.9001068814274256,0.9155676573384122,62.71396396205239,13.130472923031526,75.60106306202307,59.94674810472361,64.1938951660039,5.64139385452813,0.6624097693708375,6.183331057619431,5.513716786428713,5.735448512065918,1.5250287228183814,0.09729739200819676,1.6117827739044208,1.5036553500682877,1.5381536124135622,,
eddsa_fn_dsa,blake3,10KB,verify_uploaded,warm,100,100,0,1.0,100,100,1.0,1.0,true,1.0,1.3694264999999999,0.17174025000000004,1.6058081999999998,1.3480210000000001,1.404698,19.478511,0.6665804999999985,20.861462500000002,19.37198,19.617013125000003,,,,,,,,,,,9.882342999999999,0.6731062499999982,11.041467449999999,9.8370338375,9.926964,9.882342999999999,0.6731062499999982,11.041467449999999,9.8370338375,9.926964,15.192149999999998,0.43547399999999925,16.026984900000002,15.121889,15.261871,5.580605,0.40931799999999985,6.4401055,5.522807,5.664391999999999,0.151148,0.027509249999999985,0.20255969999999998,0.14690599999999998,0.15973714999999997,,,,,,0.2466175,0.04070375000000001,0.33721915,0.24052099999999998,0.253695,,,,,,,,,,,,,,,,,,,,,0.30922,0.08100425,0.4091723,0.30139499999999997,0.31790250000000003,0.250595,0.03505549999999996,0.3183605,0.242605,0.256724625,,,,,,,,,,,,,,,,,,,,,0.140574,0.03587000000000001,0.1989599,0.13652036249999996,0.146444,0.9911989999999999,0.14851275000000008,1.1638171999999998,0.956514,1.0112797875,5.580605,0.40931799999999985,6.4401055,5.522807,5.664391999999999,2119.0,4.0,2125.05,2118.9874999999997,2120.0,498.0,0.0,498.0,498.0,498.0,461.0,0.0,461.0,461.0,461.0,522.0,0.0,524.0,522.0,522.0,,,,,,63.0,0.0,63.0,63.0,63.0,,,,,,,,,,,,,,,,,,,,,654.0,3.0,657.0,654.0,654.0,717.0,3.0,720.0,717.0,717.0,20.693359375,0.0390625,20.75244140625,20.6932373046875,20.703125,7.001953125,0.029296874999999112,7.03125,7.001953125,7.001953125,1.20693359375,0.0003906249999998668,1.2075244140625,1.206932373046875,1.20703125,0.9881892384217755,0.06604636483702886,1.0462928468131847,0.9837227580343245,0.992735451053752,64.60976418878003,11.143542238066459,77.20109946686163,60.939937597503906,66.47533116414577,9.852357757005972,1.4910634033484165,11.300224324461649,9.644318758653656,10.206370897064955,1.7499223474549601,0.12725067287386493,1.891076584975757,1.7240127225289184,1.7682357902421721,,
eddsa_ml_dsa,blake3,10KB,verify_uploaded,warm,100,100,0,1.0,100,100,1.0,1.0,true,1.0,1.3971545,0.18972149999999988,1.6616992499999999,1.35845,1.432049,20.046331000000002,0.9509760000000007,21.35317255,19.90006,20.132042,,,,,,,,,,,10.294119,0.5325377499999995,11.49743125,10.189361,10.358891,10.294119,0.5325377499999995,11.49743125,10.189361,10.358891,15.740278,0.8463549999999991,16.9776514,15.58675,15.836834999999999,5.9699254999999996,0.40901150000000097,6.933633,5.90304,6.053700049999999,0.163577,0.04076850000000001,0.27081029999999995,0.154901,0.17325027499999998,,,,,,0.253811,0.03821425000000003,0.30761115,0.249989,0.2583267625000001,,,,,,,,,,,0.7016405000000001,0.6487145000000001,1.62074335,0.584957,0.82129,,,,,,,,,,,0.25380100000000005,0.04389275000000001,0.3233841,0.2482562125,0.263714,,,,,,,,,,,0.26798750000000005,0.0720075,0.3765854499999999,0.26138,0.2815114,,,,,,,,,,,1.275532,0.20069400000000015,1.5706599,1.247289,1.321295125,5.9699254999999996,0.40901150000000097,6.933633,5.90304,6.053700049999999,5658.0,0.0,5660.0,5658.0,5658.0,498.0,0.0,498.0,498.0,498.0,461.0,0.0,461.0,461.0,461.0,522.0,0.0,524.0,522.0,522.0,,,,,,63.0,0.0,63.0,63.0,63.0,,,,,,,,,,,3309.0,0.0,3309.0,3309.0,3309.0,,,,,,,,,,,3372.0,0.0,3372.0,3372.0,3372.0,55.25390624999999,0.0,55.2734375,55.25390624999999,55.25390624999999,32.9296875,0.0,32.9296875,32.9296875,32.9296875,1.5525390625,0.0,1.552734375,1.5525390625,1.5525390625000002,0.9486615299684182,0.049070169624181204,1.0066841968003555,0.942728811414272,0.9563260086049545,59.70048838373812,14.554791465262525,71.71431411288083,56.17399882654764,62.58484698363944,7.6561256359410415,1.1544223988274744,8.647723620715594,7.390485538581693,7.814549210016086,1.6358035963811979,0.11184528376702008,1.7684382813269588,1.6087300099466362,1.6543382731609475,,
ecdsa_fn_dsa,blake3,1MB,verify_uploaded,warm,100,100,0,1.0,100,100,1.0,1.0,true,1.0,8.894144,2.0592274999999987,11.7265318,8.687790000000001,9.340882,23.385897,0.7692517500000022,24.9153707,23.292917,23.514412,,,,,,,,,,,14.334602,0.7531967500000007,16.028291449999998,14.19413,14.471302,14.334602,0.7531967500000007,16.028291449999998,14.19413,14.471302,19.117076,0.649455500000002,20.335289949999996,19.002195,19.23153765,10.021223500000001,0.589402500000002,10.9807542,9.813884,10.0918920125,3.7475325,0.34386950000000027,4.23671535,3.676455,3.8017775875,,,,,,,,,,,0.4797245,0.04465799999999992,0.6289927000000001,0.472777,0.488246,,,,,,,,,,,,,,,,0.3126265,0.03895599999999999,0.42403340000000006,0.30366,0.316464,,,,,,0.450705,0.03375049999999996,0.5445040499999999,0.443021,0.453751,,,,,,,,,,,,,,,,0.1432335,0.03006475,0.1954405,0.1377082375,0.14901899999999998,1.3931375,0.14020224999999997,1.6488558,1.37613,1.416899275,10.021223500000001,0.589402500000002,10.9807542,9.813884,10.0918920125,2129.0,4.25,2134.0,2128.0,2130.0,500.0,0.0,500.0,500.0,500.0,463.0,0.0,463.0,463.0,463.0,520.0,0.0,522.0,520.0,520.0,,,,,,,,,,,69.0,0.75,72.0,69.0,69.0,,,,,,,,,,,,,,,,654.0,3.0,657.0,654.0,654.0,723.0,3.0,729.0,723.0,724.5374999999999,0.20303726196289062,0.00040531158447265625,0.20351409912109375,0.20294189453125,0.20313262939453125,0.06895065307617188,0.000286102294921875,0.06952285766601562,0.06895065307617188,0.06909728050231934,1.002030372619629,4.0531158447265625e-6,1.002035140991211,1.0020294189453125,1.0020313262939453,69.76128851596724,3.657480016958516,73.54755283663481,69.10228257277748,70.45165853771947,266.8423978832001,24.44141715775595,299.83348738784736,262.7300595766683,271.5472591084649,717.8078636517976,69.40794921259601,765.6142143099657,704.2685009574529,726.5129454813346,99.78822656160725,5.920049856407076,107.78154207644809,99.0582433744151,101.89645608201604,,
ecdsa_ml_dsa,blake3,1MB,verify_uploaded,warm,100,100,0,1.0,100,100,1.0,1.0,true,1.0,9.1492755,2.4100705,11.80428315,8.819716999999999,9.617061999999999,23.7772535,1.1058255000000017,25.7869614,23.609422000000002,23.9603282875,,,,,,,,,,,14.673189,0.6361322500000028,15.895065800000001,14.553991,14.773603025000002,14.673189,0.6361322500000028,15.895065800000001,14.553991,14.773603025000002,19.525301,0.960917000000002,21.24735225,19.400492,19.632276,10.353816,0.5202629999999999,11.39531045,10.298038612500001,10.450087,3.752532,0.31188449999999923,4.2996267999999995,3.7166331625000004,3.781631,,,,,,,,,,,0.482445,0.04102725000000007,0.6227905499999999,0.4729732,0.486453,,,,,,0.5798775,0.36647974999999994,1.4159229999999994,0.534292,0.6599668624999999,,,,,,,,,,,,,,,,0.451532,0.0521375,0.5749204,0.443242,0.459161,,,,,,0.268629,0.027333750000000046,0.34104319999999994,0.26323399999999997,0.2723,,,,,,,,,,,1.6907755,0.1383952500000003,1.9722588499999998,1.666676,1.7144549999999996,10.353816,0.5202629999999999,11.39531045,10.298038612500001,10.450087,5667.0,2.0,5669.0,5667.0,5667.0,500.0,0.0,500.0,500.0,500.0,463.0,0.0,463.0,463.0,463.0,520.0,0.0,522.0,520.0,520.0,,,,,,,,,,,69.0,0.0,72.0,69.0,69.0,,,,,,3309.0,0.0,3309.0,3309.0,3309.0,,,,,,,,,,,3378.0,0.0,3381.0,3378.0,3378.0,0.5404472351074219,0.00019073486328125,0.5406379699707031,0.5404472351074219,0.5404472351074219,0.32215118408203125,0.0,0.3224372863769531,0.32215118408203125,0.32215118408203125,1.0054044723510742,1.9073486328125e-6,1.005406379699707,1.0054044723510742,1.0054044723510742,68.15151659111531,2.9267837523249796,71.26077516089,67.65310760828878,68.69678691009119,266.4867351190109,21.875866652647176,299.7149276396932,264.4361652419287,269.05226340216586,591.4445838829199,48.02548115459979,631.7864022822579,583.2725935006137,599.6729917700336,96.58278979076097,4.84583972780986,102.00423834631701,95.69298322588128,97.10460292325638,,
eddsa_fn_dsa,blake3,1MB,verify_uploaded,warm,100,100,0,1.0,100,100,1.0,1.0,true,1.0,9.110547,2.0791997500000043,11.7135798,8.834366,9.765687,23.112724,0.7931020000000011,24.91069315,22.960796,23.274807850000002,,,,,,,,,,,13.816841,0.5816415000000017,15.006822049999998,13.693729,13.888940612499999,13.816841,0.5816415000000017,15.006822049999998,13.693729,13.888940612499999,18.772028499999998,0.7024202499999994,20.1906518,18.671836,18.912821225000002,9.479367,0.44638750000000194,10.2582373,9.417932,9.557634,3.6855465,0.3256462500000006,4.197866249999999,3.6168319999999996,3.7276955625,,,,,,0.22404000000000002,0.03425174999999997,0.29365205,0.22066261250000002,0.230272,,,,,,,,,,,,,,,,,,,,,0.29164199999999996,0.03352299999999997,0.36686929999999995,0.286597,0.302838,0.23332799999999998,0.03351824999999997,0.28194410000000003,0.229771,0.243036,,,,,,,,,,,,,,,,,,,,,0.1374725,0.031030500000000016,0.18781515,0.130755,0.14357741249999997,0.964369,0.10883150000000019,1.1331457,0.943309,0.978564025,9.479367,0.44638750000000194,10.2582373,9.417932,9.557634,2119.0,5.0,2124.0,2118.0,2120.0,500.0,0.0,500.0,500.0,500.0,463.0,0.0,463.0,463.0,463.0,520.0,0.0,522.0,520.0,520.0,,,,,,63.0,0.0,63.0,63.0,63.0,,,,,,,,,,,,,,,,,,,,,654.0,3.0,657.0,654.0,654.0,717.0,3.0,720.0,717.0,717.0,0.20208358764648438,0.000476837158203125,0.2025604248046875,0.20198822021484375,0.202178955078125,0.06837844848632812,0.000286102294921875,0.06866455078125,0.06837844848632812,0.06837844848632812,1.0020208358764648,4.76837158203125e-6,1.0020256042480469,1.0020198822021484,1.0020217895507812,72.3754442814608,3.0527339886251212,75.86897599619643,71.96273021417116,72.89700366195441,271.33028058151274,24.332536977365294,302.23575795057076,267.9817064967877,276.3215472310358,1036.9476923435914,116.61768092296711,1152.3083650458173,1021.1312909346005,1059.8825696909173,105.49228111246495,4.979385114444227,112.36922104199397,104.62840489602343,106.13498124721119,,
eddsa_ml_dsa,blake3,1MB,verify_uploaded,warm,100,100,0,1.0,100,100,1.0,1.0,true,1.0,9.0501765,2.3605782499999997,11.7580911,8.722946,9.551136999999999,23.8501175,1.1347242500000014,26.6332304,23.533922,23.967814,,,,,,,,,,,14.1864965,0.7143282499999994,15.662454799999999,14.1106446375,14.289512,14.1864965,0.7143282499999994,15.662454799999999,14.1106446375,14.289512,19.455044,1.0735482499999982,22.02468415,19.172394,19.6317458375,9.841636000000001,0.5783749999999994,11.138852199999999,9.737541,9.9220724875,3.7377495,0.3794712499999999,4.207946199999999,3.6805222,3.8034992999999995,,,,,,0.228243,0.034222,0.28216715,0.222487,0.233498,,,,,,,,,,,0.6299870000000001,0.4148825000000001,1.6853529499999989,0.561352,0.676408,,,,,,,,,,,0.2372205,0.040877,0.28646415000000003,0.229921,0.24455800000000005,,,,,,,,,,,0.2565315,0.04325375000000001,0.35413255,0.25054,0.265739775,,,,,,,,,,,1.2315144999999998,0.17123599999999972,1.5012469,1.213265,1.2737015,9.841636000000001,0.5783749999999994,11.138852199999999,9.737541,9.9220724875,5658.0,0.0,5660.0,5658.0,5658.0,500.0,0.0,500.0,500.0,500.0,463.0,0.0,463.0,463.0,463.0,520.0,0.0,522.0,520.0,520.0,,,,,,63.0,0.0,63.0,63.0,63.0,,,,,,,,,,,3309.0,0.0,3309.0,3309.0,3309.0,,,,,,,,,,,3372.0,0.0,3372.0,3372.0,3372.0,0.5395889282226562,0.0,0.5397796630859375,0.5395889282226562,0.5395889282226562,0.3215789794921875,0.0,0.3215789794921875,0.3215789794921875,0.3215789794921875,1.0053958892822266,0.0,1.0053977966308594,1.0053958892822266,1.0053958892822266,70.48963271263914,3.5497280217911964,74.19555982287785,69.98139614564863,70.86710150720151,267.5408557142986,27.31078787465748,300.33994436553786,262.8179604537815,271.6983756784308,812.008383163406,107.31153602712766,896.5603169459679,785.0532148321674,824.2222432856795,101.60912272600527,5.9214428625435716,107.46986001385577,100.62876879896343,102.69533139834789,,
ecdsa_fn_dsa,blake3,50MB,verify_uploaded,warm,100,100,0,1.0,100,100,1.0,1.0,true,1.0,377.4830835,88.89902025000004,453.56990485,363.03061399999996,397.9281897874999,206.62449450000003,13.805317749999972,223.93421345000002,204.192784,209.402046,,,,,,,,,,,204.2266295,16.145208249999968,221.10691130000004,200.782354,208.44080914999998,204.2266295,16.145208249999968,221.10691130000004,200.782354,208.44080914999998,202.137811,14.40676400000001,219.7032641,199.818772,205.06961,192.840872,14.775576999999998,209.64129135,189.409542,196.90240731249997,176.310763,14.33281624999998,192.2392878,174.985858925,180.893294325,,,,,,,,,,,0.5832390000000001,0.14686050000000006,0.7375179999999999,0.5544,0.621164,,,,,,,,,,,,,,,,0.330785,0.05667124999999995,0.44641659999999994,0.31930812500000005,0.339635,,,,,,0.5216784999999999,0.111236,0.6710114500000001,0.506269,0.531868,,,,,,,,,,,,,,,,0.16173300000000002,0.04193800000000003,0.22054305000000002,0.15772599999999998,0.17065204999999997,1.6636095,0.2041027500000001,1.89938005,1.622934,1.6941758000000002,192.840872,14.775576999999998,209.64129135,189.409542,196.90240731249997,2132.0,4.0,2137.0,2132.0,2133.0,501.0,0.0,501.0,501.0,501.0,463.0,0.0,463.0,463.0,463.0,522.0,0.0,524.0,522.0,522.0,,,,,,,,,,,69.0,3.0,72.0,69.0,69.0,,,,,,,,,,,,,,,,654.0,3.0,657.0,654.0,654.0,723.0,3.0,729.0,723.0,726.0,0.00406646728515625,7.62939453125e-6,0.0040760040283203125,0.00406646728515625,0.0040683746337890625,0.0013790130615234375,5.7220458984375e-6,0.0013904571533203125,0.0013790130615234375,0.001384735107421875,1.0000406646728515,7.629394516150967e-8,1.0000407600402832,1.0000406646728515,1.0000406837463378,244.82657252503574,19.45218811315658,267.120490570575,239.87054512903327,249.02586808002062,283.5901880672749,22.75685369418244,311.034045290178,276.3085668404598,285.72010950646063,30055.140374662846,3736.019431976256,34390.44620640321,29500.108855401675,30805.615647633298,259.2816956478666,19.848172039684073,284.08516829276095,253.79020314083547,263.56213512568246,,
ecdsa_ml_dsa,blake3,50MB,verify_uploaded,warm,100,100,0,1.0,100,100,1.0,1.0,true,1.0,380.85555550000004,92.89437250000003,466.29886185000004,366.5879515875001,400.276278,210.4027865,15.104135999999983,234.62866409999998,207.626104,212.32188900000003,,,,,,,,,,,206.585853,13.274371000000002,222.53243149999997,204.130382,208.913026,206.585853,13.274371000000002,222.53243149999997,204.130382,208.913026,206.1211315,15.219165499999974,230.23427125,202.82488,208.256747,195.474941,12.182536749999997,211.1136206,192.947657,197.856317825,179.8094635,15.921703750000006,202.0427009,176.448977,181.685186,,,,,,,,,,,0.5810500000000001,0.1425194999999999,0.7417594999999999,0.553698,0.6262140875,,,,,,0.7256055,0.5959754999999999,1.483045699999999,0.675877,0.8314679624999999,,,,,,,,,,,,,,,,0.502858,0.08458624999999986,0.67010915,0.495569,0.5178010000000001,,,,,,0.2879695,0.030767750000000038,0.3795346,0.281859,0.2929,,,,,,,,,,,1.8993470000000001,0.18001449999999974,2.2028469499999996,1.870408,1.925161,195.474941,12.182536749999997,211.1136206,192.947657,197.856317825,5670.0,2.0,5672.05,5669.0,5670.0,501.0,0.0,501.0,501.0,501.0,463.0,0.0,463.0,463.0,463.0,522.0,0.0,524.0,522.0,522.0,,,,,,,,,,,69.0,0.0,72.0,69.0,69.0,,,,,,3309.0,0.0,3309.0,3309.0,3309.0,,,,,,,,,,,3378.0,0.0,3381.0,3378.0,3378.0,0.010814666748046875,3.814697265625e-6,0.010818576812744141,0.010812759399414062,0.010814666748046875,0.006443023681640625,0.0,0.0064487457275390625,0.006443023681640625,0.006443023681640625,1.0001081466674804,3.814697269177714e-8,1.0001081857681273,1.000108127593994,1.0001081466674804,242.03012930253718,15.746476337412417,266.6138927684184,239.18049453217367,244.941490385297,278.07212746898153,25.403306665237324,309.48496452276254,275.2013034238245,283.36803562199174,26324.855075160332,2469.18664822583,28771.13727489126,25971.853782618702,26723.84124203922,255.78740791007777,16.058354306119327,283.5547175101507,252.5903953330671,259.1376375200037,,
eddsa_fn_dsa,blake3,50MB,verify_uploaded,warm,100,100,0,1.0,100,100,1.0,1.0,true,1.0,360.26147149999997,93.45843974999997,466.81461095,345.565003,380.126419,207.992971,13.749355000000037,224.40329665,205.175496,210.94974299999998,,,,,,,,,,,203.7732075,14.200905750000004,223.98112824999998,201.3013844875,205.50049967499996,203.7732075,14.200905750000004,223.98112824999998,201.3013844875,205.50049967499996,203.6837605,13.656290000000013,219.88523865,200.994637,206.57928,192.8454705,13.855685999999963,212.03688634999997,189.951358,194.9068621125,178.8284845,13.805962749999992,192.9462422,175.408506,180.50668071249999,,,,,,0.274485,0.051520999999999983,0.36487434999999996,0.26663000000000003,0.285306125,,,,,,,,,,,,,,,,,,,,,0.3306,0.10653924999999992,0.48551705,0.319799,0.353312,0.27901300000000007,0.05626350000000002,0.36089525,0.269917,0.2936568875,,,,,,,,,,,,,,,,,,,,,0.146976,0.03927649999999999,0.20834014999999997,0.141846,0.15444999999999998,1.142513,0.17077500000000012,1.32915905,1.118858,1.166989,192.8454705,13.855685999999963,212.03688634999997,189.951358,194.9068621125,2123.0,4.25,2129.0,2121.0,2123.0,501.0,0.0,501.0,501.0,501.0,463.0,0.0,463.0,463.0,463.0,522.0,0.0,524.0,522.0,522.0,,,,,,63.0,0.0,63.0,63.0,63.0,,,,,,,,,,,,,,,,,,,,,654.0,3.0,657.0,654.0,654.0,717.0,3.0,720.0,717.0,717.0,0.0040493011474609375,8.106231689453125e-6,0.0040607452392578125,0.0040454864501953125,0.0040493011474609375,0.0013675689697265625,5.7220458984375e-6,0.001373291015625,0.0013675689697265625,0.0013675689697265625,1.0000404930114746,8.106231685900411e-8,1.0000406074523926,1.0000404548645019,1.0000404930114746,245.37116850191256,17.219732698180735,267.66700750997956,243.08044175981001,248.37370116326022,279.59751606603965,21.90729072098145,304.16015612185936,276.8434848470964,284.66473843382823,43763.18799956572,6560.025214461435,50656.92220249075,42845.202692949046,44625.3862796118,259.27514371115194,18.789487217531786,284.11844871892583,256.4574209027098,263.2252831801287,,
eddsa_ml_dsa,blake3,50MB,verify_uploaded,warm,100,100,0,1.0,100,100,1.0,1.0,true,1.0,397.0663115,101.7325014999999,477.968574,368.45340799999997,415.93239292499993,208.33158349999997,14.621373249999976,226.89044555,205.6228889375,210.467014,,,,,,,,,,,206.809808,13.67774074999997,218.90370755,204.858349,209.73322701249998,206.809808,13.67774074999997,218.90370755,204.858349,209.73322701249998,203.9839585,14.55874049999997,222.0364408,201.2605890375,206.103569,196.187408,13.70799624999998,207.38478154999999,193.544646,198.990393875,177.8852355,14.249462749999992,194.2425594,174.872881,180.29714261249998,,,,,,0.2879095,0.04589375000000001,0.3590578,0.28173800000000004,0.29470903750000005,,,,,,,,,,,0.7010545,0.527667,1.9968342499999998,0.604584,0.780553,,,,,,,,,,,0.2875995,0.06348199999999998,0.36744590000000005,0.27787100000000003,0.297739,,,,,,,,,,,0.280671,0.07102524999999998,0.37386445,0.27461222500000004,0.292318,,,,,,,,,,,1.435607,0.1940012499999999,1.6549295499999999,1.412178,1.474986,196.187408,13.70799624999998,207.38478154999999,193.544646,198.990393875,5661.0,0.0,5663.0,5661.0,5661.0,501.0,0.0,501.0,501.0,501.0,463.0,0.0,463.0,463.0,463.0,522.0,0.0,524.0,522.0,522.0,,,,,,63.0,0.0,63.0,63.0,63.0,,,,,,,,,,,3309.0,0.0,3309.0,3309.0,3309.0,,,,,,,,,,,3372.0,0.0,3372.0,3372.0,3372.0,0.010797500610351562,0.0,0.010801315307617188,0.010797500610351562,0.010797500610351562,0.00643157958984375,0.0,0.00643157958984375,0.00643157958984375,0.00643157958984375,1.0001079750061035,0.0,1.0001080131530762,1.0001079750061035,1.0001079750061035,241.7689954366988,16.217123870570674,265.6047515508874,238.3862725436594,244.0710873834095,281.08029019988385,22.78046565056843,306.479087690735,277.168349250391,285.6199873524068,34828.47539380394,4590.568718335675,38977.999783575906,33898.60997491821,35399.816129683095,254.85871271098327,18.23380330178199,280.40482284255967,251.14688737589077,258.21784438231316,,
ecdsa_fn_dsa,sha256,10KB,verify_uploaded,warm,100,100,0,1.0,100,100,1.0,1.0,true,1.0,1.3859569999999999,0.1921847499999998,1.7140515,1.347381,1.4293147375000002,19.878632500000002,0.6015027500000016,20.916984249999995,19.78025,19.971610000000002,,,,,,,,,,,10.3862995,0.48407775000000086,11.227306650000001,10.285218,10.4540463375,10.3862995,0.48407775000000086,11.227306650000001,10.285218,10.4540463375,15.5489245,0.44467550000000244,16.37773545,15.45376,15.635334512500004,6.034522,0.3468347499999993,6.61487005,5.984643,6.08433625,0.157971,0.027211999999999986,0.21777264999999996,0.152666,0.162304,,,,,,,,,,,0.5034495000000001,0.13031650000000006,0.641382,0.487955,0.5416026625,,,,,,,,,,,,,,,,0.31846299999999994,0.058739750000000035,0.4669342999999999,0.30913,0.3282573875,,,,,,0.4635895,0.11244825000000003,0.62045175,0.451206,0.483597,,,,,,,,,,,,,,,,0.15544650000000002,0.03423599999999999,0.2112774,0.1503521,0.15891125,1.4477995000000001,0.18144274999999976,1.7072938500000001,1.425604,1.478002,6.034522,0.3468347499999993,6.61487005,5.984643,6.08433625,2130.0,4.0,2135.0,2129.0,2130.0,499.0,0.0,499.0,499.0,499.0,462.0,0.0,462.0,462.0,462.0,522.0,0.0,524.0,522.0,522.0,,,,,,,,,,,69.0,0.0,72.0,69.0,69.0,,,,,,,,,,,,,,,,654.0,0.75,657.0,654.0,654.0,723.0,3.0,729.0,723.0,723.0,20.80078125,0.0390625,20.849609375,20.791015625,20.80078125,7.060546875,0.029296874999999112,7.119140625000001,7.060546875,7.060546875,1.2080078125,0.0003906250000000888,1.20849609375,1.20791015625,1.2080078125,0.9402410618099273,0.04405040296863416,0.9901936995141515,0.9338906099172931,0.9494815763749489,61.81931675472487,10.587622299255017,75.91625800386458,60.16872658714511,63.94839206039752,6.74518067641296,0.8309848481379944,7.367921968871439,6.6073151457169885,6.848551721468706,1.618296169404366,0.09206898397452079,1.704678809252874,1.6044137035926544,1.6317807093923562,,
ecdsa_ml_dsa,sha256,10KB,verify_uploaded,warm,100,100,0,1.0,100,100,1.0,1.0,true,1.0,1.410442,0.1723507500000001,1.5911321499999997,1.3711846375,1.438852,20.4194685,0.9214300000000009,22.295311249999997,20.260589999999997,20.5692002875,,,,,,,,,,,10.774293499999999,0.5026502500000003,11.7219246,10.707058812499998,10.8492973875,10.774293499999999,0.5026502500000003,11.7219246,10.707058812499998,10.8492973875,16.10143,0.8169195000000009,17.59521335,15.918412,16.213225,6.467368499999999,0.4112607500000003,7.30591005,6.340421,6.528153724999999,0.15386350000000004,0.04188799999999998,0.22812725,0.147246,0.159218,,,,,,,,,,,0.5078469999999999,0.12405549999999999,0.67648215,0.489127,0.5320579999999999,,,,,,0.6821195,0.43994450000000007,1.70343885,0.619351,0.745097,,,,,,,,,,,,,,,,0.46448100000000003,0.10070825000000011,0.59691065,0.452508,0.473438,,,,,,0.276604,0.04708525000000002,0.3595650999999999,0.269996,0.2842587625,,,,,,,,,,,1.7207775,0.20298399999999983,1.99650905,1.694107,1.761664,6.467368499999999,0.4112607500000003,7.30591005,6.340421,6.528153724999999,5668.0,2.0,5670.05,5668.0,5668.0,499.0,0.0,499.0,499.0,499.0,462.0,0.0,462.0,462.0,462.0,522.0,0.0,524.0,522.0,522.0,,,,,,,,,,,69.0,0.0,72.0,69.0,69.0,,,,,,3309.0,0.0,3309.0,3309.0,3309.0,,,,,,,,,,,3378.0,0.0,3381.0,3378.0,3378.0,55.35156249999999,0.019531249999992895,55.37158203125,55.35156249999999,55.35156249999999,32.98828125,0.0,33.017578125,32.98828125,32.98828125,1.553515625,0.0001953125000000444,1.5537158203125,1.553515625,1.553515625,0.9063819453972628,0.042096893568204674,0.957360218596984,0.9000418425852451,0.9120611692837832,63.47090036733885,16.818193424564747,77.99443777281657,61.33490626127747,65.99088773546394,5.675181166262046,0.6478343452008728,6.233657030820482,5.543409526447722,5.764467651689061,1.5099844169815508,0.0963577361682626,1.6379582702586233,1.4948374389876717,1.5402171243833809,,
eddsa_fn_dsa,sha256,10KB,verify_uploaded,warm,100,100,0,1.0,100,100,1.0,1.0,true,1.0,1.3921700000000001,0.1931569999999998,1.7137059499999998,1.364082,1.4360604,19.490399500000002,0.6013647500000019,20.5597738,19.384915,19.6139782,,,,,,,,,,,9.933655,0.5747162499999998,11.01818825,9.817039,10.025256,9.933655,0.5747162499999998,11.01818825,9.817039,10.025256,15.195631500000001,0.5010117499999982,16.14092365,15.130243,15.275256524999998,5.658331,0.46669800000000095,6.42724675,5.561911,5.708656,0.16025050000000002,0.03394150000000004,0.32012834999999973,0.154079,0.167875,,,,,,0.248857,0.06033999999999995,0.32548274999999993,0.237886,0.260797925,,,,,,,,,,,,,,,,,,,,,0.307552,0.08776249999999997,0.44898075,0.299331,0.32437900000000003,0.26332849999999997,0.04381774999999999,0.34400615,0.25490799999999997,0.27124453749999994,,,,,,,,,,,,,,,,,,,,,0.1475415,0.041460249999999976,0.21847635,0.142576075,0.159309,1.0250020000000002,0.188531,1.2821481499999998,1.010345,1.066971,5.658331,0.46669800000000095,6.42724675,5.561911,5.708656,2121.0,4.0,2125.05,2120.0,2121.0,499.0,0.0,499.0,499.0,499.0,462.0,0.0,462.0,462.0,462.0,522.0,0.0,524.0,522.0,522.0,,,,,,63.0,0.0,63.0,63.0,63.0,,,,,,,,,,,,,,,,,,,,,654.0,0.0,657.0,654.0,654.0,717.0,0.0,720.0,717.0,717.0,20.712890625,0.0390625,20.75244140625,20.703125,20.712890625,7.001953125,0.0,7.03125,7.001953125,7.001953125,1.20712890625,0.0003906249999998668,1.2075244140625,1.20703125,1.20712890625,0.9830850451276909,0.05594093725323246,1.0327877949370827,0.974080872423414,0.9940451552974958,60.94123412692462,13.509465592265755,77.27305229287937,58.17200297840655,63.330698941834314,9.527420873207356,1.7198654976211536,11.113316033461174,9.152662068603552,9.661300907629503,1.725884364156499,0.1412195969294836,1.863898323878394,1.7106697268148578,1.7548271564726379,,
eddsa_ml_dsa,sha256,10KB,verify_uploaded,warm,100,100,0,1.0,100,100,1.0,1.0,true,1.0,1.3884855,0.20694875000000001,1.6999369999999998,1.3716415625,1.4341519999999999,20.085217,0.9568844999999975,22.958814299999997,19.907045,20.207016000000003,,,,,,,,,,,10.278413,0.707449500000001,11.6077935,10.191785999999999,10.440732837499999,10.278413,0.707449500000001,11.6077935,10.191785999999999,10.440732837499999,15.69342,0.865142999999998,17.611105199999997,15.532989,15.831604550000002,5.9681475,0.5210375000000003,6.83329965,5.878965,6.0657132375,0.16016550000000002,0.04819025000000007,0.38550574999999987,0.1542354875,0.16774816249999996,,,,,,0.2494125,0.04386724999999997,0.32684925,0.242785,0.25636125,,,,,,,,,,,0.7163785,0.39849975000000004,1.7391404999999995,0.636453,0.8068016999999998,,,,,,,,,,,0.250685,0.045500999999999986,0.32165049999999995,0.2416087375,0.25967825,,,,,,,,,,,0.26518200000000003,0.058441499999999924,0.3687493,0.2562,0.271169,,,,,,,,,,,1.2746905,0.20532974999999998,1.5529540999999998,1.244624,1.3088963875,5.9681475,0.5210375000000003,6.83329965,5.878965,6.0657132375,5659.0,0.0,5661.0,5659.0,5659.0,499.0,0.0,499.0,499.0,499.0,462.0,0.0,462.0,462.0,462.0,522.0,0.0,524.0,522.0,522.0,,,,,,63.0,0.0,63.0,63.0,63.0,,,,,,,,,,,3309.0,0.0,3309.0,3309.0,3309.0,,,,,,,,,,,3372.0,0.0,3372.0,3372.0,3372.0,55.263671875,0.0,55.283203125,55.263671875,55.263671875,32.9296875,0.0,32.9296875,32.9296875,32.9296875,1.55263671875,0.0,1.55283203125,1.55263671875,1.55263671875,0.950110205175182,0.06481624434318511,1.0044229949719379,0.935170184335001,0.9581858371045077,60.97228198061357,17.403717346403845,76.0553888937696,57.964487523445484,63.314887933661396,7.661187606627288,1.211037646368779,8.819067063589811,7.459430247524185,7.8462451310596615,1.6362912041137747,0.1404228423308791,1.765996924623064,1.6093222657279964,1.6611129680139276,,
ecdsa_fn_dsa,sha256,1MB,verify_uploaded,warm,100,100,0,1.0,100,100,1.0,1.0,true,1.0,9.289654500000001,2.332676750000001,11.809397599999999,8.798778,9.8615014,23.5754715,0.9780837500000032,25.3995118,23.420745,23.828729875,,,,,,,,,,,14.423734,0.7853745000000032,16.9920579,14.325528875,14.570701999999999,14.423734,0.7853745000000032,16.9920579,14.325528875,14.570701999999999,19.3331455,0.8753842499999998,20.552984400000003,19.126748,19.467939725,10.107074,0.6333282500000017,12.0231962,9.961261,10.18477,3.9439465,0.38928275000000045,4.63090825,3.900244,3.9845187999999996,,,,,,,,,,,0.48431299999999994,0.044914500000000024,0.6133219499999999,0.471895,0.49086,,,,,,,,,,,,,,,,0.304246,0.03264199999999995,0.4012145999999999,0.299682,0.31130399999999997,,,,,,0.452063,0.04469375000000003,0.5740525,0.440907,0.45865225,,,,,,,,,,,,,,,,0.146309,0.029722749999999992,0.21202775,0.13930099999999998,0.14897,1.4153395,0.12277525000000011,1.6631255500000002,1.384196,1.433758,10.107074,0.6333282500000017,12.0231962,9.961261,10.18477,2129.0,4.0,2134.05,2129.0,2130.0,501.0,0.0,501.0,501.0,501.0,464.0,0.0,464.0,464.0,464.0,520.0,0.0,522.0,520.0,520.0,,,,,,,,,,,69.0,3.0,72.0,69.0,69.0,,,,,,,,,,,,,,,,654.0,3.0,657.0,654.0,654.0,723.0,3.0,726.15,723.0,723.0,0.20303726196289062,0.0003814697265625,0.20351886749267578,0.20303726196289062,0.20313262939453125,0.06895065307617188,0.000286102294921875,0.06925106048583984,0.06895065307617188,0.06895065307617188,1.002030372619629,3.814697265625e-6,1.0020351886749268,1.002030372619629,1.0020313262939453,69.33018238603744,3.711720871556224,72.46125660887202,68.63087310412361,69.80520160440275,253.55340220845602,24.77811910078026,278.01653956021227,250.58674887248495,256.39421533627126,706.5442604404438,61.611707834277695,763.6655061745587,697.4525156781898,722.2040881719579,98.94079805071914,6.126820255119696,104.89817816027349,98.18582059290489,100.38889654633083,,
ecdsa_ml_dsa,sha256,1MB,verify_uploaded,warm,100,100,0,1.0,100,100,1.0,1.0,true,1.0,9.670856,1.956373750000001,12.3306742,9.134761,10.140507075,24.3047585,1.2804675000000039,26.44365495,23.986148999999997,24.484857262499997,,,,,,,,,,,14.8996325,0.8006507500000009,16.148918400000003,14.775184,15.054564,14.8996325,0.8006507500000009,16.148918400000003,14.775184,15.054564,19.9292885,1.1407515000000004,21.4838374,19.700154,20.107347,10.519838,0.7459539999999993,11.529276299999998,10.449035,10.645995,3.9614639999999994,0.3483407500000002,4.3697474000000005,3.900614,4.0108006375,,,,,,,,,,,0.4759375,0.04552250000000002,0.6187355999999999,0.4680261,0.4825182625,,,,,,0.6136855,0.5905597499999998,1.5955012499999999,0.55448,0.7702093624999999,,,,,,,,,,,,,,,,0.449423,0.044754000000000016,0.6112626,0.443591,0.45822,,,,,,0.2613455,0.026633000000000018,0.3599807,0.25769299999999995,0.266219,,,,,,,,,,,1.6811025000000002,0.1405770000000004,1.99711565,1.6682089999999998,1.7104469999999998,10.519838,0.7459539999999993,11.529276299999998,10.449035,10.645995,5668.0,2.0,5670.05,5668.0,5668.0,501.0,0.0,501.0,501.0,501.0,464.0,0.0,464.0,464.0,464.0,520.0,0.0,522.0,520.0,520.0,,,,,,,,,,,69.0,3.0,72.0,69.0,69.0,,,,,,3309.0,0.0,3309.0,3309.0,3309.0,,,,,,,,,,,3378.0,3.0,3381.0,3378.0,3378.0,0.5405426025390625,0.00019073486328125,0.5407381057739258,0.5405426025390625,0.5405426025390625,0.32215118408203125,0.000286102294921875,0.3224372863769531,0.32215118408203125,0.32215118408203125,1.0054054260253906,1.9073486328125e-6,1.0054073810577393,1.0054054260253906,1.0054054260253906,67.11575200806159,3.563106428793219,70.25052812165123,66.42503894500034,67.64176851814429,252.43219200631452,23.141579037314017,283.33487765239687,249.29250786268568,256.3698945858267,594.8478974778452,47.997333000717845,633.8903246390903,584.6424940381082,599.2593193089681,95.0584984474665,6.590368332729668,101.27357012386906,93.92919711560488,95.6749940735601,,
eddsa_fn_dsa,sha256,1MB,verify_uploaded,warm,100,100,0,1.0,100,100,1.0,1.0,true,1.0,9.185016999999998,2.3916085000000002,11.5544903,8.687107,10.001826999999999,23.234791,0.8562660000000015,25.982657549999995,23.090373,23.386618825,,,,,,,,,,,13.9636575,0.7942785000000008,15.822601500000001,13.872160999999998,14.0879036625,13.9636575,0.7942785000000008,15.822601500000001,13.872160999999998,14.0879036625,18.9597355,0.6810679999999998,20.81778515,18.897439,19.080430999999997,9.669669,0.498227,11.09456855,9.580286,9.814876,3.901306,0.29205749999999986,4.5451846,3.840582,3.9478638874999996,,,,,,0.222833,0.03127624999999998,0.2932608,0.219982,0.230363,,,,,,,,,,,,,,,,,,,,,0.29287949999999996,0.03073224999999996,0.38612775,0.287329,0.29595499999999997,0.2449945,0.03562924999999997,0.30482405,0.238518,0.248386,,,,,,,,,,,,,,,,,,,,,0.137408,0.03313674999999999,0.20031279999999999,0.13263899999999998,0.1442060125,0.973661,0.14420224999999987,1.2191218499999998,0.944371,1.0033533875000002,9.669669,0.498227,11.09456855,9.580286,9.814876,2121.0,4.0,2126.0,2120.0,2121.0,501.0,0.0,501.0,501.0,501.0,464.0,0.0,464.0,464.0,464.0,520.0,0.0,522.0,520.0,520.0,,,,,,63.0,0.0,63.0,63.0,63.0,,,,,,,,,,,,,,,,,,,,,654.0,0.0,657.0,654.0,654.0,717.0,0.0,720.0,717.0,717.0,0.20227432250976562,0.0003814697265625,0.20275115966796875,0.202178955078125,0.20227432250976562,0.06837844848632812,0.0,0.06866455078125,0.06837844848632812,0.06837844848632812,1.0020227432250977,3.814697265625e-6,1.0020275115966797,1.0020217895507812,1.0020227432250977,71.61450232794903,4.025154186367658,74.63386157812208,70.92061267182558,72.08108473308553,256.3244230233155,19.02947096775378,277.45956978216947,253.28805893709185,260.3772032467996,1027.0548961484715,146.79166252626328,1164.8386610917596,996.3910715388861,1057.7782553268426,103.4161562914538,5.294200236607409,109.25470189995622,101.88615729837035,104.38101743517888,,
eddsa_ml_dsa,sha256,1MB,verify_uploaded,warm,100,100,0,1.0,100,100,1.0,1.0,true,1.0,9.391586499999999,2.284721000000001,11.6638115,8.958008999999999,10.071397512499997,23.8715225,1.171213250000001,25.364766799999998,23.577061,24.0176731375,,,,,,,,,,,14.3108385,0.762440999999999,16.53513255,14.182088,14.5001863375,14.3108385,0.762440999999999,16.53513255,14.182088,14.5001863375,19.556875,1.1938297500000026,20.904358849999998,19.334999,19.7294330875,9.995584999999998,0.5462309999999988,11.3029628,9.904243,10.092647,3.925642,0.32763274999999936,4.4430403499999995,3.877732,3.976237,,,,,,0.23105799999999999,0.03693650000000001,0.28127435,0.222096,0.23583861249999996,,,,,,,,,,,0.645726,0.42068425,1.5017732499999998,0.584325,0.676739,,,,,,,,,,,0.243151,0.035469500000000015,0.3029993999999999,0.23703400000000002,0.248145525,,,,,,,,,,,0.258921,0.035275999999999974,0.36939449999999996,0.255309,0.263605,,,,,,,,,,,1.246427,0.14838649999999998,1.5265278500000001,1.233063,1.26913305,9.995584999999998,0.5462309999999988,11.3029628,9.904243,10.092647,5659.0,0.0,5661.0,5659.0,5659.0,501.0,0.0,501.0,501.0,501.0,464.0,0.0,464.0,464.0,464.0,520.0,0.0,522.0,520.0,520.0,,,,,,63.0,0.0,63.0,63.0,63.0,,,,,,,,,,,3309.0,0.0,3309.0,3309.0,3309.0,,,,,,,,,,,3372.0,0.0,3372.0,3372.0,3372.0,0.5396842956542969,0.0,0.5398750305175781,0.5396842956542969,0.5396842956542969,0.3215789794921875,0.0,0.3215789794921875,0.3215789794921875,0.3215789794921875,1.005396842956543,0.0,1.0053987503051758,1.005396842956543,1.005396842956543,69.87712852460947,3.6788722892814434,72.52907597894821,68.90220799192576,70.49439808855834,254.73572789221686,21.030621018039483,282.40966151191856,251.49406335688744,257.68069601599854,802.2934554717792,90.50592006324678,867.0909134498114,787.3817352633635,810.9885707380727,100.04535547723236,5.417767863246851,105.33870069568479,99.0820346733617,100.96682805541019,,
ecdsa_fn_dsa,sha256,50MB,verify_uploaded,warm,100,100,0,1.0,100,100,1.0,1.0,true,1.0,379.81369,77.63393300000007,481.35747124999995,370.11263,398.58978900000005,219.4656015,11.714305499999995,233.36046765,217.671415,221.174117,,,,,,,,,,,214.5739595,9.561749750000018,230.59667159999998,212.636444,216.228521,214.5739595,9.561749750000018,230.59667159999998,212.636444,216.228521,215.08433050000002,11.788046500000007,229.0947125,213.472066,216.803474,204.274994,9.739251499999995,219.15508635,201.986578,206.073472,189.449557,10.387031250000035,202.7699837,187.42074299999996,191.284459,,,,,,,,,,,0.581616,0.12563250000000004,0.71612475,0.5583670000000001,0.6091294250000001,,,,,,,,,,,,,,,,0.3303895,0.04991600000000007,0.4318741,0.322285,0.34314036249999996,,,,,,0.510888,0.08195425000000006,0.6644271,0.5022509875,0.532098,,,,,,,,,,,,,,,,0.15558149999999998,0.04240000000000002,0.24843674999999998,0.15007985,0.163306,1.6325669999999999,0.16555299999999984,2.00955985,1.597486,1.6640481125000002,204.274994,9.739251499999995,219.15508635,201.986578,206.073472,2132.0,5.0,2138.0,2131.0,2134.0,502.0,0.0,502.0,502.0,502.0,464.0,0.0,464.0,464.0,464.0,522.0,0.0,524.0,522.0,522.0,,,,,,,,,,,69.0,0.0,72.0,69.0,69.0,,,,,,,,,,,,,,,,654.0,6.0,657.0,654.0,654.0,723.0,3.0,729.0,723.0,724.5374999999999,0.00406646728515625,9.5367431640625e-6,0.004077911376953125,0.0040645599365234375,0.004070281982421875,0.0013790130615234375,5.7220458984375e-6,0.0013904571533203125,0.0013790130615234375,0.0013819456100463865,1.0000406646728515,9.536743150739824e-8,1.0000407791137695,1.0000406455993653,1.0000407028198242,233.02004355117572,10.361782145622612,244.68982454938086,231.23684039812676,235.14313472999953,263.9225559866901,14.494891136598653,282.69412324466526,261.3908116811518,266.59277936173595,30626.765154950983,3080.8831995054134,34056.820573055724,30045.36850644473,31239.85149067844,244.76985974217024,11.687447081018263,258.53114574819085,242.63190945800145,247.3921958853275,,
ecdsa_ml_dsa,sha256,50MB,verify_uploaded,warm,100,100,0,1.0,100,100,1.0,1.0,true,1.0,385.53057,98.6180700000001,476.83311215,366.38976699999995,413.1796286624999,219.8351275,15.591046750000004,243.56951815,218.256059,223.03703285,,,,,,,,,,,215.8439005,11.068339250000008,232.87671185000002,214.57286600000003,217.10632199999998,215.8439005,11.068339250000008,232.87671185000002,214.57286600000003,217.10632199999998,215.3879445,15.622386749999976,238.82098594999997,213.972205,218.4987481,204.4398585,10.994482750000003,222.46896755,203.424214,205.714449,189.178429,14.98494599999998,211.79628035,187.658959,191.879223,,,,,,,,,,,0.5739259999999999,0.140583,0.72197895,0.548689,0.6150092375,,,,,,0.6974185,0.3713915,1.4254558999999996,0.596879,0.7675,,,,,,,,,,,,,,,,0.513493,0.08922150000000006,0.62966355,0.494177,0.524624,,,,,,0.2852,0.039824749999999964,0.3535189,0.27731,0.291427,,,,,,,,,,,1.924855,0.17116049999999938,2.08280145,1.890355,1.9557033875000003,204.4398585,10.994482750000003,222.46896755,203.424214,205.714449,5671.0,2.0,5674.0,5671.0,5671.0,502.0,0.0,502.0,502.0,502.0,464.0,0.0,464.0,464.0,464.0,522.0,0.0,524.0,522.0,522.0,,,,,,,,,,,69.0,3.0,72.0,69.0,69.0,,,,,,3309.0,0.0,3309.0,3309.0,3309.0,,,,,,,,,,,3378.0,3.0,3381.0,3378.0,3378.0,0.010816574096679688,3.814697265625e-6,0.010822296142578125,0.010816574096679688,0.010816574096679688,0.006443023681640625,5.7220458984375e-6,0.0064487457275390625,0.006443023681640625,0.006443023681640625,1.0001081657409667,3.814697269177714e-8,1.0001082229614258,1.0001081657409667,1.0001081657409667,231.64889051314546,11.855785393035433,245.9233810752881,230.30190709969284,232.87685934905005,264.3010028928011,20.948575853844517,288.438169472088,260.5805840687608,266.4407831442782,25976.052659380446,2340.5117823210676,29068.89716319773,25565.796645562958,26450.0583223786,244.57071544416596,13.068636397437729,260.5704360254733,243.0553626303615,245.78187171718685,,
eddsa_fn_dsa,sha256,50MB,verify_uploaded,warm,100,100,0,1.0,100,100,1.0,1.0,true,1.0,384.1235795,95.27676225000005,479.59133909999997,354.464631,399.5263130624999,219.412066,12.514472749999982,233.3474704,216.941919,222.366298725,,,,,,,,,,,215.8433325,10.674913000000004,227.81152264999997,214.320866,217.259951,215.8433325,10.674913000000004,227.81152264999997,214.320866,217.259951,214.748581,12.617291499999993,229.05218555,212.507157,217.78231362499997,204.273326,11.66869250000002,217.82249674999997,202.6595,206.26591938750002,189.231473,12.62754375000003,202.51751,186.756286,191.563171,,,,,,0.2837465,0.051504500000000064,0.385,0.273012,0.29327,,,,,,,,,,,,,,,,,,,,,0.3407545,0.10745450000000001,0.46836405000000003,0.321733,0.3707006375,0.2947425,0.05950424999999998,0.3780837,0.281327,0.30264328749999997,,,,,,,,,,,,,,,,,,,,,0.15485,0.04534724999999995,0.2152061,0.148789,0.16362178749999998,1.167114,0.12892225000000002,1.3339870999999999,1.1447969999999998,1.182047,204.273326,11.66869250000002,217.82249674999997,202.6595,206.26591938750002,2124.0,4.0,2128.05,2124.0,2124.5125000000003,502.0,0.0,502.0,502.0,502.0,464.0,0.0,464.0,464.0,464.0,522.0,0.0,524.0,522.0,522.0,,,,,,63.0,0.0,63.0,63.0,63.0,,,,,,,,,,,,,,,,,,,,,654.0,0.0,657.0,654.0,654.0,717.0,0.0,720.0,717.0,717.0,0.00405120849609375,7.62939453125e-6,0.004058933258056641,0.00405120849609375,0.004052186012268067,0.0013675689697265625,0.0,0.001373291015625,0.0013675689697265625,0.0013675689697265625,1.000040512084961,7.629394538355427e-8,1.0000405893325806,1.000040512084961,1.0000405218601227,231.6495081011453,11.398627440596727,246.10098371404231,230.1324385473678,233.14330236729185,264.226662829391,17.597080285802235,286.2617130927892,261.01050498897825,267.53298495440526,42840.815927207026,4781.361633516528,49593.356079459874,42299.50247325191,43675.86567749566,244.77011719972285,13.921456892962567,260.328814097779,242.09408947083853,246.27719548487255,,
eddsa_ml_dsa,sha256,50MB,verify_uploaded,warm,100,100,0,1.0,100,100,1.0,1.0,true,1.0,393.53009399999996,90.75437925,465.3282657,370.0432369875,412.339499,220.37959850000001,10.394587000000001,234.96451919999998,219.33851700000002,222.05113400000002,,,,,,,,,,,214.65948400000002,11.606245249999972,229.52816635000002,213.477009,216.669367,214.65948400000002,11.606245249999972,229.52816635000002,213.477009,216.669367,215.94311050000002,10.217982000000006,230.36932460000003,215.017795,217.558621,203.92704650000002,10.248749250000003,219.14930665,202.4412,205.46193135,189.3228595,10.064345500000059,203.1258255,187.721256,191.10594788749998,,,,,,0.2794795,0.042772750000000026,0.34767729999999997,0.27346007499999997,0.29227074999999997,,,,,,,,,,,0.7083740000000001,0.6419847500000001,2.14421905,0.64937645,0.8812295375,,,,,,,,,,,0.29039950000000003,0.057551250000000054,0.35760169999999997,0.2812083625,0.29907149999999993,,,,,,,,,,,0.2827005,0.05298425000000001,0.3726608,0.275307,0.292879,,,,,,,,,,,1.451482,0.13271325000000012,1.6813898,1.4355520000000002,1.471189,203.92704650000002,10.248749250000003,219.14930665,202.4412,205.46193135,5662.0,0.0,5664.0,5662.0,5662.0,502.0,0.0,502.0,502.0,502.0,464.0,0.0,464.0,464.0,464.0,522.0,0.0,524.0,522.0,522.0,,,,,,63.0,0.0,63.0,63.0,63.0,,,,,,,,,,,3309.0,0.0,3309.0,3309.0,3309.0,,,,,,,,,,,3372.0,0.0,3372.0,3372.0,3372.0,0.010799407958984375,0.0,0.01080322265625,0.010799407958984375,0.010799407958984375,0.00643157958984375,0.0,0.00643157958984375,0.00643157958984375,0.00643157958984375,1.0001079940795898,0.0,1.0001080322265625,1.0001079940795898,1.0001079940795898,232.92715011449238,12.558412796858505,245.10742333401174,230.76635471040075,234.15807706758963,264.0991500744557,13.969785842517638,286.23765921609424,261.58472146840774,266.35236235581124,34447.59938874913,3107.4506169505403,38780.72393421859,33985.493773339986,34788.32031145238,245.18572516450632,12.242190139158794,258.3660682546031,243.3058980629454,246.98529745921283,,
ecdsa_fn_dsa,blake3,10KB,workflow,warm,100,100,0,1.0,100,100,1.0,1.0,true,1.0,1.3979949999999999,0.1641204999999999,1.7080833,1.3689,1.43687505,19.8191235,0.538424250000002,20.6527812,19.713627000000002,19.8743317,1.3979949999999999,0.1641204999999999,1.7080833,1.3689,1.43687505,19.8191235,0.538424250000002,20.6527812,19.713627000000002,19.8743317,11.5275885,0.5544095000000002,13.34833855,11.488518,11.649223025,32.786784,0.9845982500000048,34.86137965,32.599289,32.929654,15.481137,0.45632899999999843,16.311828799999997,15.4174313625,15.563125,7.1579885,0.4884112499999995,8.144970250000002,7.093222,7.226752,0.1544895,0.025465750000000037,0.22535084999999996,0.151033,0.16048751250000004,,,,,,,,,,,0.4870485,0.13040675000000002,0.6772014500000001,0.478097,0.5267539625,,,,,,,,,,,,,,,,0.309701,0.04067599999999999,0.424317,0.30250699999999997,0.31774405,,,,,,0.46768149999999997,0.0759517500000001,0.6096656,0.45853,0.48380439999999997,,,,,,,,,,,,,,,,0.1489795,0.022980749999999966,0.19399424999999998,0.144681,0.152175,2.4868285,0.17483024999999985,2.8756791,2.4632541624999997,2.5118957625,22.579268,0.627116749999999,24.214699449999998,22.484685,22.699179887499998,2129.0,4.0,2135.05,2128.0,2130.0,498.0,0.0,498.0,498.0,498.0,461.0,0.0,461.0,461.0,461.0,522.0,0.0,524.0,522.0,522.0,,,,,,,,,,,69.0,3.0,72.0,69.0,69.0,,,,,,,,,,,,,,,,654.0,3.0,657.0,654.0,654.0,723.0,3.0,729.0,723.0,726.0,20.791015625,0.0390625,20.85009765625,20.78125,20.80078125,7.060546875,0.029296874999999112,7.119140625000001,7.060546875,7.089843749999999,1.20791015625,0.0003906249999998668,1.2085009765624999,1.2078125,1.2080078125,0.29785249413045223,0.00895671702443318,0.34131699863919096,0.2965602067971926,0.2994635589710135,63.212448289025694,10.083677481774714,74.22974616800755,60.613889716470524,64.64636522298683,3.9269445247502803,0.2723792313328106,4.253521167208876,3.8868298433705832,3.9644336134849505,0.43250405638737927,0.011917243058775673,0.5757183988939898,0.43005570681528393,0.4343030189575222,,
ecdsa_ml_dsa,blake3,10KB,workflow,warm,100,100,0,1.0,100,100,1.0,1.0,true,1.0,1.4072485000000001,0.17629224999999993,1.6562738999999997,1.369542,1.441234,20.236117500000002,1.2314560000000014,21.76119585,20.063736799999997,20.5042661625,1.4072485000000001,0.17629224999999993,1.6562738999999997,1.369542,1.441234,20.236117500000002,1.2314560000000014,21.76119585,20.063736799999997,20.5042661625,11.9759085,0.5186174999999995,12.9407744,11.898394,12.097054287499999,33.6249615,1.5686265000000006,35.59147825,33.333399,33.9163357125,15.903764499999998,1.0561560000000014,17.37465585,15.722264,16.031914,7.6508675,0.45270150000000076,8.31984795,7.544639,7.7292851874999995,0.158507,0.03619324999999998,0.2390890499999999,0.152346,0.165921,,,,,,,,,,,0.4977685,0.13347724999999994,0.63897035,0.479019,0.5156316375,,,,,,0.7117845,0.46404775,1.6164723499999998,0.641303,0.7781100000000001,,,,,,,,,,,,,,,,0.4656385,0.06768674999999996,0.5896741,0.447159,0.47510240000000004,,,,,,0.269986,0.03587775000000004,0.35978315,0.26706100000000005,0.27558151249999996,,,,,,,,,,,2.7699645,0.27907575000000007,3.1402838,2.734177,2.8232578,23.587484000000003,1.313315499999998,25.325127600000005,23.333788000000002,23.732683237499998,5667.0,2.0,5670.0,5667.0,5667.0,498.0,0.0,498.0,498.0,498.0,461.0,0.0,461.0,461.0,461.0,522.0,0.0,524.0,522.0,522.0,,,,,,,,,,,69.0,3.0,72.0,69.0,69.0,,,,,,3309.0,0.0,3309.0,3309.0,3309.0,,,,,,,,,,,3378.0,3.0,3381.0,3378.0,3378.0,55.34179687500001,0.019531249999992895,55.37109375,55.34179687500001,55.34179687500001,32.98828125,0.029296875,33.017578125,32.98828125,32.98828125,1.55341796875,0.0001953125000000444,1.5537109375,1.55341796875,1.55341796875,0.2904278522626371,0.01351689242015458,0.35961781237586216,0.2878956373321409,0.292890709551368,61.61006709218155,13.53251920463154,73.86614495251713,58.85707656053181,63.78736120930036,3.5255433443183044,0.34697058427732363,3.8081886320370804,3.4547537588605315,3.564057935447573,0.4140173313371993,0.023185426379866092,0.5827866456301182,0.4113917944953782,0.4185080295925853,,
eddsa_fn_dsa,blake3,10KB,workflow,warm,100,100,0,1.0,100,100,1.0,1.0,true,1.0,1.3830155,0.21523774999999978,1.7534289499999998,1.3587,1.4280110000000001,19.4819635,0.8393672499999987,21.0263025,19.391457000000003,19.63179,1.3830155,0.21523774999999978,1.7534289499999998,1.3587,1.4280110000000001,19.4819635,0.8393672499999987,21.0263025,19.391457000000003,19.63179,11.044254500000001,0.6487055000000002,13.526778949999999,10.9588,11.1121780875,32.047787,1.2122267499999992,35.0826783,31.790585999999998,32.27801532499999,15.161317,0.61151175,16.3508982,15.091541,15.246913,6.685802499999999,0.49718025000000043,7.558985899999999,6.610887,6.8094903874999995,0.1564835,0.032701749999999974,0.25589834999999994,0.149701,0.16285003749999996,,,,,,0.24711349999999999,0.04201200000000002,0.32003525,0.237926,0.2510286375,,,,,,,,,,,,,,,,,,,,,0.30414050000000004,0.09549675000000002,0.4424295,0.29318999999999995,0.318708,0.24911250000000001,0.04116900000000001,0.31314639999999994,0.240591,0.25520462499999996,,,,,,,,,,,,,,,,,,,,,0.144496,0.034699499999999994,0.20883854999999998,0.136315,0.15105127499999996,2.037586,0.19718225,2.4295194,2.0096480000000003,2.0711410375000003,21.8952155,1.053184250000001,24.532748899999998,21.759175,22.124703975,2120.0,5.0,2125.0,2120.0,2121.0,498.0,0.0,498.0,498.0,498.0,461.0,0.0,461.0,461.0,461.0,522.0,0.0,524.0,522.0,522.0,,,,,,63.0,0.0,63.0,63.0,63.0,,,,,,,,,,,,,,,,,,,,,654.0,3.0,657.0,654.0,654.0,717.0,3.0,720.0,717.0,717.0,20.703125,0.048828125,20.751953125,20.703125,20.712890625,7.001953125,0.029296875,7.03125,7.001953125,7.001953125,1.20703125,0.00048828125,1.20751953125,1.20703125,1.20712890625,0.3047207286813027,0.011609548983253504,0.3898619990590934,0.30236009070036424,0.3070108011315161,62.406782771284306,12.864432080968953,75.45412220283819,59.61665252400691,65.23420017234353,4.792743260920439,0.46567218984162384,5.330516516323709,4.714425024198201,4.85632756263674,0.4460163972577818,0.0213328485056703,0.6552301755420883,0.4411420461465128,0.4486663376892447,,
eddsa_ml_dsa,blake3,10KB,workflow,warm,100,100,0,1.0,100,100,1.0,1.0,true,1.0,1.425922,0.15227174999999993,1.78808455,1.3990980000000002,1.4538289625,20.120758000000002,1.021606000000002,21.3578227,19.917317,20.246820762499997,1.425922,0.15227174999999993,1.78808455,1.3990980000000002,1.4538289625,20.120758000000002,1.021606000000002,21.3578227,19.917317,20.246820762499997,11.4589595,0.7325520000000001,13.815700199999997,11.348911999999999,11.53182635,33.078801500000004,1.4185415000000035,35.33755185,32.841924437500005,33.4235488125,15.746649999999999,0.8514194999999987,16.94651735,15.601788,15.909351375,7.0423665,0.39556400000000025,8.5247911,6.9841679999999995,7.127687,0.157576,0.03691649999999996,0.21566399999999988,0.152225,0.16243400000000002,,,,,,0.24154799999999998,0.037142999999999954,0.31341870000000005,0.233107,0.24747400000000003,,,,,,,,,,,0.7308455,0.43425899999999995,1.8576329999999996,0.6250319999999999,0.7920050000000001,,,,,,,,,,,0.25306949999999995,0.04247175000000003,0.3039635,0.248036,0.26408537499999996,,,,,,,,,,,0.2723955,0.053903250000000014,0.38149175,0.263204,0.282069,,,,,,,,,,,2.3270485,0.22557024999999964,2.9385605499999996,2.285145,2.370205375,22.813147,1.1860575000000004,24.5698456,22.625359,23.0279526875,5658.0,0.0,5660.0,5658.0,5658.0,498.0,0.0,498.0,498.0,498.0,461.0,0.0,461.0,461.0,461.0,522.0,0.0,524.0,522.0,522.0,,,,,,63.0,0.0,63.0,63.0,63.0,,,,,,,,,,,3309.0,0.0,3309.0,3309.0,3309.0,,,,,,,,,,,3372.0,0.0,3372.0,3372.0,3372.0,55.25390624999999,0.0,55.2734375,55.25390624999999,55.25390624999999,32.9296875,0.0,32.9296875,32.9296875,32.9296875,1.5525390625,0.0,1.552734375,1.5525390625,1.5525390625000002,0.2952236866822717,0.012728172579308417,0.35609560185992206,0.29193499649999366,0.2973499396934358,61.97408826829552,14.1720014142155,77.5569727549503,60.110429141756164,63.900701483420356,4.1965739414556875,0.39939078251758886,4.551491882543864,4.11979547885075,4.273525312398119,0.42807027456080227,0.022244518862101215,0.5754378900729997,0.42387298669961715,0.4316229855181524,,
ecdsa_fn_dsa,blake3,1MB,workflow,warm,100,100,0,1.0,100,100,1.0,1.0,true,1.0,8.851883999999998,2.6050044999999997,12.043142999999999,8.564535999999999,9.333948999999999,23.429585,0.8729074999999966,24.98922695,23.226651,23.5295606125,8.851883999999998,2.6050044999999997,12.043142999999999,8.564535999999999,9.333948999999999,23.429585,0.8729074999999966,24.98922695,23.226651,23.5295606125,17.261968500000002,0.7832857499999974,19.344074449999997,17.140749,17.421450824999997,49.676161,3.13533524999999,54.93783905,49.056833,50.469419,19.1272745,0.7245944999999985,20.2821977,19.004059,19.265489,12.9378975,0.7743870000000008,14.8354222,12.747405,13.0641210375,3.722841,0.32501425000000017,4.14184815,3.6664450000000004,3.800687,,,,,,,,,,,0.476884,0.04341375000000003,0.6337801,0.472666,0.48164265,,,,,,,,,,,,,,,,0.308879,0.041490499999999986,0.3994215499999999,0.301225,0.318928,,,,,,0.449949,0.04003249999999997,0.60011935,0.444494,0.457097,,,,,,,,,,,,,,,,0.1493545,0.034351999999999994,0.19232344999999998,0.143809,0.152986,4.244325,0.3347325000000003,4.9702059499999995,4.209193,4.315008025,32.1027585,1.1985880000000044,34.82989025,31.925251000000003,32.250437437500004,2129.0,4.0,2134.0,2128.0,2130.0,500.0,0.0,500.0,500.0,500.0,463.0,0.0,463.0,463.0,463.0,520.0,0.0,522.0,520.0,520.0,,,,,,,,,,,69.0,3.0,72.0,69.0,69.0,,,,,,,,,,,,,,,,654.0,3.0,657.0,654.0,654.0,723.0,3.0,729.0,723.0,726.0,0.20303726196289062,0.0003814697265625,0.20351409912109375,0.20294189453125,0.20313262939453125,0.06895065307617188,0.000286102294921875,0.06952285766601562,0.06895065307617188,0.06923675537109375,1.002030372619629,3.814697265625e-6,1.002035140991211,1.0020294189453125,1.0020313262939453,20.130380962717027,1.2513965929836601,21.675355403220827,19.81397883736288,20.38452013402496,268.6124358424829,23.47792292207913,300.10367236992533,263.1103271592741,272.74376132738934,235.60872971641277,18.60686201139771,261.08611281193276,231.73666002123173,237.54329389127687,31.149971208877403,1.1653368435824163,35.82802735285954,31.006096356653448,31.323167983863303,,
ecdsa_ml_dsa,blake3,1MB,workflow,warm,100,100,0,1.0,100,100,1.0,1.0,true,1.0,8.978703499999998,2.2377414999999985,12.03796115,8.663756,9.754926675000002,23.9976535,1.3657337500000004,26.661134799999996,23.8547189125,24.2372235375,8.978703499999998,2.2377414999999985,12.03796115,8.663756,9.754926675000002,23.9976535,1.3657337500000004,26.661134799999996,23.8547189125,24.2372235375,17.739442500000003,0.8578522500000005,19.9630592,17.631072,18.0224436625,50.80610299999999,3.4808544999999995,55.57080775,50.43744699999999,51.717077100000004,19.587528,1.0417014999999985,21.522878199999997,19.457729,19.85900475,13.39497,0.817858750000001,14.849312150000001,13.203231,13.535475300000002,3.7194504999999998,0.4012997500000002,4.3317797,3.6355653875000002,3.7868914124999997,,,,,,,,,,,0.474595,0.03211775,0.5887389,0.469844975,0.481523,,,,,,0.6497284999999999,0.4993865000000001,1.4693900999999996,0.563667,0.7379742999999999,,,,,,,,,,,,,,,,0.444974,0.035970749999999996,0.5730569,0.44198899999999997,0.45678613749999997,,,,,,0.27108849999999995,0.03471724999999992,0.3570728999999999,0.263183,0.27634875,,,,,,,,,,,4.5625965,0.41084249999999933,5.342828099999999,4.502143,4.631174149999999,33.060418999999996,1.6086817499999952,35.8924441,32.765145000000004,33.3107128,5667.0,2.0,5669.05,5667.0,5667.0,500.0,0.0,500.0,500.0,500.0,463.0,0.0,463.0,463.0,463.0,520.0,0.0,522.0,520.0,520.0,,,,,,,,,,,69.0,3.0,72.0,69.0,69.0,,,,,,3309.0,0.0,3309.0,3309.0,3309.0,,,,,,,,,,,3378.0,3.0,3381.0,3378.0,3378.0,0.5404472351074219,0.00019073486328125,0.5406427383422852,0.5404472351074219,0.5404472351074219,0.32215118408203125,0.000286102294921875,0.3224372863769531,0.32215118408203125,0.32215118408203125,1.0054044723510742,1.9073486328125e-6,1.005406427383423,1.0054044723510742,1.0054044723510742,19.682676112047954,1.3205567089044976,22.68049668847289,19.335154898276297,19.826538801616984,268.85706768480543,29.49133211667771,308.3903089795326,263.82453768707137,275.05564375673197,219.1734487656378,19.699398839660404,242.64994882248416,215.90223601309748,221.9483654411384,30.247668203098574,1.4770756460226728,38.14699774329733,30.019500667633697,30.51782783682859,,
eddsa_fn_dsa,blake3,1MB,workflow,warm,100,100,0,1.0,100,100,1.0,1.0,true,1.0,8.9340945,2.0441829999999985,11.634775399999999,8.600675,9.563336,23.038553,1.0566717499999996,24.795434600000004,22.880177000000003,23.2518508625,8.9340945,2.0441829999999985,11.634775399999999,8.600675,9.563336,23.038553,1.0566717499999996,24.795434600000004,22.880177000000003,23.2518508625,16.847517500000002,0.9682452500000025,18.931571549999997,16.640367,16.9643509625,48.6930755,3.6334667499999966,52.561609399999995,48.129945,49.239098,18.774203,0.9388137500000013,19.911693699999997,18.69534,18.935962087500002,12.361792000000001,0.953400499999999,13.884084799999998,12.212292,12.610493762499999,3.7155575,0.4178259999999998,4.399765049999999,3.631941,3.815323175,,,,,,0.22940500000000003,0.037101999999999996,0.2931061499999999,0.222287,0.235983,,,,,,,,,,,,,,,,,,,,,0.290961,0.037895500000000026,0.3595077499999999,0.286648,0.29692576249999997,0.2385225,0.034071250000000025,0.30108219999999997,0.231624,0.244018,,,,,,,,,,,,,,,,,,,,,0.131056,0.024583750000000015,0.18249535,0.12800999999999998,0.134773,3.718373,0.3995565000000001,4.45840995,3.590513,3.797512,31.092042,1.7917267500000023,33.3700694,30.85849,31.248738225,2119.0,5.0,2124.0,2118.0,2120.0,500.0,0.0,500.0,500.0,500.0,463.0,0.0,463.0,463.0,463.0,520.0,0.0,522.0,520.0,520.0,,,,,,63.0,0.0,63.0,63.0,63.0,,,,,,,,,,,,,,,,,,,,,654.0,6.0,657.0,654.0,654.0,717.0,6.0,720.0,717.0,717.0,0.20208358764648438,0.000476837158203125,0.2025604248046875,0.20198822021484375,0.202178955078125,0.06837844848632812,0.00057220458984375,0.06866455078125,0.06837844848632812,0.06837844848632812,1.0020208358764648,4.76837158203125e-6,1.0020256042480469,1.0020198822021484,1.0020217895507812,20.536802565101045,1.5285825676112026,24.28604037287471,20.3090641506065,20.775258648098713,269.13873644342175,29.762922863362405,300.3886747272354,262.01214321478943,275.32567698986236,268.9349737043789,28.83571109412341,299.41375517913605,263.3303067903406,277.9109365742947,32.16257725296633,1.8697557249909842,42.081809899058825,31.978414314510392,32.40126812703274,,
eddsa_ml_dsa,blake3,1MB,workflow,warm,100,100,0,1.0,100,100,1.0,1.0,true,1.0,9.0341825,1.9273637499999996,11.94849765,8.607218,9.214233,23.5789555,1.1975922499999996,26.014377500000002,23.456405999999998,23.810589,9.0341825,1.9273637499999996,11.94849765,8.607218,9.214233,23.5789555,1.1975922499999996,26.014377500000002,23.456405999999998,23.810589,17.1718945,1.0028467500000033,20.0780074,16.98625045,17.3843919375,50.217843,3.713949250000013,54.60371524999999,49.579569000000006,50.739117812500005,19.337003000000003,0.8857987499999993,21.143917199999997,19.085411,19.5276020375,12.756397,1.0268732500000013,15.1876488,12.64327,12.963401,3.7219395,0.3260015000000003,4.18613495,3.6872001125000002,3.788805,,,,,,0.2247365,0.04094599999999998,0.28958565,0.220603,0.231624,,,,,,,,,,,0.5716870000000001,0.40815850000000004,1.377651449999999,0.527219,0.71450435,,,,,,,,,,,0.243146,0.028924000000000005,0.30144519999999997,0.238618,0.2475703625,,,,,,,,,,,0.2608195,0.033357250000000005,0.33013204999999995,0.252303,0.26848093749999996,,,,,,,,,,,3.9845570000000006,0.4220665000000001,5.053059300000001,3.924159,4.055605,32.000736,1.847619249999994,35.862127900000004,31.780528,32.42422295,5658.0,0.0,5660.0,5658.0,5658.0,500.0,0.0,500.0,500.0,500.0,463.0,0.0,463.0,463.0,463.0,520.0,0.0,522.0,520.0,520.0,,,,,,63.0,0.0,63.0,63.0,63.0,,,,,,,,,,,3309.0,0.0,3309.0,3309.0,3309.0,,,,,,,,,,,3372.0,0.0,3372.0,3372.0,3372.0,0.5395889282226562,0.0,0.5397796630859375,0.5395889282226562,0.5395889282226562,0.3215789794921875,0.0,0.3215789794921875,0.3215789794921875,0.3215789794921875,1.0053958892822266,0.0,1.0053977966308594,1.0053958892822266,1.0053958892822266,19.91325742582719,1.4687364095894075,23.447527207272636,19.7071855137682,20.15455939644409,268.67712385637896,23.188453022898187,296.07791656007544,263.9354625007093,271.20747534588446,250.96973821462183,26.169326541307896,273.87988741968934,246.57233630987236,254.76815420944618,31.249282195002472,1.7754418880900467,39.47717030093208,30.812271245846738,31.448376351532936,,
ecdsa_fn_dsa,blake3,50MB,workflow,warm,100,100,0,1.0,100,100,1.0,1.0,true,1.0,380.32615350000003,99.05118025000002,472.88900894999995,363.054572,404.90703792499994,208.3073895,14.934902250000022,224.516502,204.915829,209.99594599999998,380.32615350000003,99.05118025000002,472.88900894999995,363.054572,404.90703792499994,208.3073895,14.934902250000022,224.516502,204.915829,209.99594599999998,271.715312,19.067443750000052,291.92708719999996,267.72918245,274.925564,858.5841684999999,92.27996025000004,957.3134228,842.4282370000001,882.169573,203.93179600000002,14.774223750000033,219.77992644999998,200.441731,205.769963,260.45062099999996,19.868100500000025,282.23728265,257.313223,263.340456,178.23223099999998,14.327874499999979,195.98453024999998,175.77300000000002,179.81157635,,,,,,,,,,,0.5933625,0.15196949999999987,0.71072855,0.55953915,0.627767,,,,,,,,,,,,,,,,0.32791,0.055940249999999914,0.43508834999999996,0.320571,0.337172,,,,,,0.5136285,0.11772049999999995,0.65162045,0.503614,0.5363602249999999,,,,,,,,,,,,,,,,0.1641125,0.04016924999999999,0.22093035,0.155681,0.16965377499999998,68.408282,3.8182709999999958,73.51161215,67.996696,69.19928469999999,463.0669355,28.81346874999997,495.9505413999999,457.81950500000005,470.5683876625,2132.0,5.25,2138.0,2131.0,2132.5125000000003,501.0,0.0,501.0,501.0,501.0,463.0,0.0,463.0,463.0,463.0,522.0,0.0,524.0,522.0,522.0,,,,,,,,,,,69.0,3.0,72.0,69.0,69.0,,,,,,,,,,,,,,,,654.0,6.0,660.0,654.0,654.0,723.0,3.0,729.0,723.0,726.0,0.00406646728515625,0.000010013580322265625,0.004077911376953125,0.0040645599365234375,0.004067444801330567,0.0013790130615234375,5.7220458984375e-6,0.0013904571533203125,0.0013790130615234375,0.001384735107421875,1.0000406646728515,1.0013580320489268e-7,1.0000407791137695,1.0000406455993653,1.0000406744480133,58.23550761423749,6.171981888511155,64.03525284029756,56.678445426274074,59.352236551396594,280.5328830325268,22.860181902062664,309.5539016511387,277.98075160090923,284.4577949969563,730.9058522612975,40.61304243931829,766.1977135548861,722.2655934685927,735.3298460266365,107.97575294020163,6.747019280464812,115.40441424426639,106.14774155150437,109.21334598883023,,
ecdsa_ml_dsa,blake3,50MB,workflow,warm,100,100,0,1.0,100,100,1.0,1.0,true,1.0,375.01863449999996,96.01660525000005,483.86935055000004,358.599173,390.21686996249997,207.38505300000003,14.511938750000013,228.00527675,204.194384,210.816242,375.01863449999996,96.01660525000005,483.86935055000004,358.599173,390.21686996249997,207.38505300000003,14.511938750000013,228.00527675,204.194384,210.816242,273.37742549999996,14.269300999999984,297.8772025,271.731389425,275.541744,855.649012,93.99684924999997,963.0373939000001,844.1814770000001,875.759885,202.94932799999998,14.45132325000003,223.8942647,199.807542,206.44651345000003,262.595328,14.81946874999997,286.3531253,259.72227,264.72559414999995,176.85405649999998,14.753962499999972,195.90607215,173.708637,179.60049834999998,,,,,,,,,,,0.5500565,0.15133075000000007,0.7256579,0.5321180000000001,0.611990025,,,,,,0.756979,0.5378857499999999,1.673261899999999,0.6204230000000001,0.8552740000000001,,,,,,,,,,,,,,,,0.49734750000000005,0.11459174999999999,0.6417106,0.4855509999999999,0.5174595624999999,,,,,,0.284238,0.04236124999999996,0.36999205,0.27961400000000003,0.29100925,,,,,,,,,,,68.59112449999999,4.248465499999995,73.94552989999998,67.67550299999999,69.58258308750001,466.708238,21.631284749999963,494.37830114999997,461.573254,469.795844,5670.0,2.0,5672.0,5670.0,5670.0,501.0,0.0,501.0,501.0,501.0,463.0,0.0,463.0,463.0,463.0,522.0,0.0,524.0,522.0,522.0,,,,,,,,,,,69.0,3.0,72.0,69.0,69.0,,,,,,3309.0,0.0,3309.0,3309.0,3309.0,,,,,,,,,,,3378.0,3.0,3381.0,3378.0,3378.0,0.010814666748046875,3.814697265625e-6,0.0108184814453125,0.010814666748046875,0.010814666748046875,0.006443023681640625,5.7220458984375e-6,0.0064487457275390625,0.006443023681640625,0.006443023681640625,1.0001081466674804,3.814697269177714e-8,1.000108184814453,1.0001081466674804,1.0001081466674804,58.43528393025289,6.2401537765163795,63.55972126297295,57.09327505906485,59.227344681317156,282.71898955062244,23.531374563475367,307.1395382161071,277.88141210663736,287.8383070842931,728.9576193359337,44.91871344425374,768.9851516481442,718.3614198999647,737.790783465933,107.13332182411918,4.989929564305214,113.92216280252885,106.4287601211501,108.32516738502356,,
eddsa_fn_dsa,blake3,50MB,workflow,warm,100,100,0,1.0,100,100,1.0,1.0,true,1.0,403.1201705,97.33693700000003,490.28677149999993,370.250971,422.8752797625,209.4758615,15.765869749999979,226.88350100000002,205.792741,211.77293467500002,403.1201705,97.33693700000003,490.28677149999993,370.250971,422.8752797625,209.4758615,15.765869749999979,226.88350100000002,205.792741,211.77293467500002,272.746994,15.015123249999988,291.89810045,268.576565,274.9038287,886.833765,100.2562650000001,968.8205002999999,865.8022000000001,905.6093158375,204.955445,15.771697249999988,222.6078568,201.440754,207.5472898,261.561284,14.617802749999981,281.68201204999997,257.330485,263.46546,179.9621655,14.866296750000004,194.96427314999997,176.659221,182.2277959375,,,,,,0.2884155,0.053866250000000004,0.3570936,0.280967,0.2978410125,,,,,,,,,,,,,,,,,,,,,0.35111349999999997,0.09614100000000003,0.4661937,0.32760500000000004,0.376556,0.28435350000000004,0.054850750000000004,0.36919699999999994,0.278262,0.29708700000000005,,,,,,,,,,,,,,,,,,,,,0.15789599999999998,0.04180599999999998,0.22083504999999998,0.14977100000000002,0.1650920125,67.887861,3.7113377500000126,76.1219739,67.102197,68.5734998,464.2503645,25.09247049999999,498.61456765,458.607252,470.45833681249997,2123.0,4.25,2127.0,2122.0,2123.5125,501.0,0.0,501.0,501.0,501.0,463.0,0.0,463.0,463.0,463.0,522.0,0.0,524.0,522.0,522.0,,,,,,63.0,0.0,63.0,63.0,63.0,,,,,,,,,,,,,,,,,,,,,654.0,0.75,657.0,654.0,654.0,717.0,0.75,720.0,717.0,717.0,0.0040493011474609375,8.106231689453125e-6,0.0040569305419921875,0.004047393798828125,0.0040502786636352536,0.0013675689697265625,1.430511474609375e-6,0.001373291015625,0.0013675689697265625,0.0013675689697265625,1.0000404930114746,8.106231685900411e-8,1.00004056930542,1.0000404739379882,1.0000405027866364,56.38058023943309,6.499993244459652,64.18915027597224,55.13133658246851,57.65107681449496,277.83618266923645,23.429809039020824,313.00328934822124,274.328222305935,283.030796337543,736.5087225852624,40.06560805182835,775.9500234008887,729.1078200707137,745.132085615617,107.700510176768,5.8047948396032325,115.04326685222158,106.22736963985403,108.86817077817746,,
eddsa_ml_dsa,blake3,50MB,workflow,warm,100,100,0,1.0,100,100,1.0,1.0,true,1.0,389.953811,95.56102325,469.29003835000003,373.092064,408.1038605625,208.731181,11.762687749999998,229.63285725,207.369995,209.900937,389.953811,95.56102325,469.29003835000003,373.092064,408.1038605625,208.731181,11.762687749999998,229.63285725,207.369995,209.900937,271.809205,16.883629749999955,298.42126229999997,269.441644,275.24188743749994,868.555051,102.89399924999987,958.0356629,854.9828969999999,892.7863723875,204.201982,11.81662424999999,224.66208125,202.843024,205.626144,261.9047935,16.33836199999996,286.83141109999997,258.258987,264.83448247499996,177.778846,12.036089000000004,197.14110194999998,176.679609,180.715838,,,,,,0.2907305,0.04388200000000009,0.36656295,0.28236,0.296145,,,,,,,,,,,0.7321280000000001,0.5632767499999999,2.07071845,0.567875,0.837793875,,,,,,,,,,,0.2823995,0.05709500000000001,0.3505235,0.27458499999999997,0.28866864999999997,,,,,,,,,,,0.2843135,0.07025874999999998,0.37932559999999993,0.27537599999999995,0.29506299999999996,,,,,,,,,,,68.31342900000001,3.5109759999999994,75.37110589999999,67.80901300000001,69.013933,465.759059,26.86280000000005,513.7720534499999,460.441762,470.155287,5661.0,0.0,5663.0,5661.0,5661.0,501.0,0.0,501.0,501.0,501.0,463.0,0.0,463.0,463.0,463.0,522.0,0.0,524.0,522.0,522.0,,,,,,63.0,0.0,63.0,63.0,63.0,,,,,,,,,,,3309.0,0.0,3309.0,3309.0,3309.0,,,,,,,,,,,3372.0,0.0,3372.0,3372.0,3372.0,0.010797500610351562,0.0,0.010801315307617188,0.010797500610351562,0.010797500610351562,0.00643157958984375,0.0,0.00643157958984375,0.00643157958984375,0.00643157958984375,1.0001079750061035,0.0,1.0001080131530762,1.0001079750061035,1.0001079750061035,57.566962492041974,6.771087469591478,63.68949740689419,55.88581239130992,58.43773364758643,281.2485776136332,18.925563470683358,312.1102625380811,276.6774577013855,282.9753091876037,731.9207617601332,37.376215280937686,776.8734828221504,724.4913863987435,737.3620252614959,107.35164261281068,6.204644709972072,115.06144446874303,106.34784162280408,108.59136621929616,,
ecdsa_fn_dsa,sha256,10KB,workflow,warm,100,100,0,1.0,100,100,1.0,1.0,true,1.0,1.3942584999999998,0.14232650000000024,1.6093482499999998,1.358819,1.42360345,19.7952785,0.6925022500000004,20.7317638,19.699923000000002,19.954243275,1.3942584999999998,0.14232650000000024,1.6093482499999998,1.358819,1.42360345,19.7952785,0.6925022500000004,20.7317638,19.699923000000002,19.954243275,11.6436095,0.5409162499999987,12.788303849999998,11.508021,11.750425,32.7786495,1.1209362499999997,35.00854395,32.628499,32.971056000000004,15.523090499999999,0.5324850000000012,16.137390800000002,15.387937,15.578059725,7.2312405,0.4888294999999996,8.159107899999999,7.134059,7.285172,0.15743000000000001,0.02326149999999999,0.21019184999999996,0.15346700000000002,0.159719,,,,,,,,,,,0.502888,0.12091975000000005,0.66445365,0.480622,0.5221373,,,,,,,,,,,,,,,,0.312306,0.06875049999999999,0.44258765,0.305313,0.31886174999999994,,,,,,0.459973,0.14301599999999998,0.6189074999999999,0.446397,0.47576126250000006,,,,,,,,,,,,,,,,0.1523205,0.03948125000000002,0.20653249999999998,0.145082,0.16268465000000001,2.5130075,0.28567849999999995,2.99913605,2.4734890000000003,2.559019,22.719070000000002,0.9614902499999971,24.364719100000002,22.6081139125,22.854149,2130.0,4.0,2135.05,2129.0,2131.0,499.0,0.0,499.0,499.0,499.0,462.0,0.0,462.0,462.0,462.0,522.0,0.0,524.0,522.0,522.0,,,,,,,,,,,69.0,3.0,72.0,69.0,69.0,,,,,,,,,,,,,,,,654.0,0.0,657.0,654.0,654.0,723.0,3.0,726.15,723.0,726.0,20.80078125,0.0390625,20.85009765625,20.791015625,20.810546875,7.060546875,0.029296874999999112,7.091308593749999,7.060546875,7.089843749999999,1.2080078125,0.0003906250000000888,1.2085009765624999,1.20791015625,1.20810546875,0.297926455579289,0.010219614291251233,0.375584598703492,0.2961878139420223,0.29929740255596804,62.031606795381066,9.025341382618677,72.89974509379017,61.13524015673987,63.63338698221767,3.8860470771363707,0.43566872230889286,4.329566988351422,3.816045649637107,3.9481174163297266,0.4298426505911854,0.018367973729053244,0.6188282037852091,0.4273020623082487,0.43194220722185916,,
ecdsa_ml_dsa,sha256,10KB,workflow,warm,100,100,0,1.0,100,100,1.0,1.0,true,1.0,1.394812,0.17618425000000015,1.69662365,1.362769,1.423441,20.3492195,0.9864310000000032,21.7326647,20.202231075000004,20.504095,1.394812,0.17618425000000015,1.69662365,1.362769,1.423441,20.3492195,0.9864310000000032,21.7326647,20.202231075000004,20.504095,11.910167000000001,0.5616222499999992,13.280475549999998,11.83667,12.005465512499999,33.7962665,1.369345999999993,36.38341,33.403856,33.94776331250001,15.9781835,0.7539990000000039,17.277199050000004,15.866635,16.0992221625,7.541057,0.4700457499999988,8.61644625,7.432679,7.605265662499999,0.1614875,0.03228524999999999,0.23707274999999997,0.155892,0.165212525,,,,,,,,,,,0.4977935,0.10885924999999996,0.6421458999999999,0.486913,0.51128425,,,,,,0.6955095,0.56865875,1.6982781999999994,0.601378,0.81486625,,,,,,,,,,,,,,,,0.4648565,0.08918199999999998,0.6189662,0.452749,0.47817262499999996,,,,,,0.27275099999999997,0.03452499999999997,0.35552249999999996,0.26529800000000003,0.276498,,,,,,,,,,,2.7748835,0.3150870000000001,3.1499289,2.7416810000000003,2.8378660250000003,23.586171,1.1560557499999966,25.794522850000003,23.325623,23.7897773375,5668.0,2.0,5670.0,5668.0,5668.0,499.0,0.0,499.0,499.0,499.0,462.0,0.0,462.0,462.0,462.0,522.0,0.0,524.0,522.0,522.0,,,,,,,,,,,69.0,0.0,72.0,69.0,69.0,,,,,,3309.0,0.0,3309.0,3309.0,3309.0,,,,,,,,,,,3378.0,0.0,3381.0,3378.0,3378.0,55.35156249999999,0.019531249999992895,55.37109375,55.35156249999999,55.35156249999999,32.98828125,0.0,33.017578125,32.98828125,32.98828125,1.553515625,0.0001953125000000444,1.5537109375,1.553515625,1.553515625,0.2889558763489878,0.011795159857517501,0.36194290188506817,0.2875793998900937,0.2923502304644111,60.47298939824955,12.108781845095905,71.78753611371208,58.935220668553605,62.46203821836443,3.5192919112449976,0.3924684450125233,3.843741929306549,3.4400502606204095,3.556854721559108,0.4140403339087467,0.020319473566546897,0.5861983537894191,0.41046719778381235,0.4186651306162326,,
eddsa_fn_dsa,sha256,10KB,workflow,warm,100,100,0,1.0,100,100,1.0,1.0,true,1.0,1.412936,0.17142499999999972,1.5993028999999999,1.3642299999999998,1.4334930000000001,19.4531385,0.7497669999999985,20.5744305,19.263333,19.58907425,1.412936,0.17142499999999972,1.5993028999999999,1.3642299999999998,1.4334930000000001,19.4531385,0.7497669999999985,20.5744305,19.263333,19.58907425,11.018958,0.5243979999999979,12.50335445,10.911271,11.110808137500001,31.890523,1.0748059999999988,33.843114250000006,31.647225999999996,32.1309988625,15.148137,0.6720507500000004,16.15536745,15.065001,15.259756,6.686259,0.41486275000000017,7.883120399999999,6.637037,6.7632659375,0.15571249999999998,0.03463975,0.22743609999999984,0.148639,0.163280025,,,,,,0.256802,0.04744425000000002,0.32335685,0.2513564625,0.262292,,,,,,,,,,,,,,,,,,,,,0.30760200000000004,0.09581975000000004,0.43862749999999995,0.29851,0.320401,0.25593999999999995,0.04800474999999996,0.31564155,0.25005900000000003,0.263905,,,,,,,,,,,,,,,,,,,,,0.150257,0.04036775000000001,0.20433710000000002,0.14085399999999998,0.15462,2.037967,0.21201524999999966,2.3791799,2.015319,2.0878759999999996,21.8183665,1.0266087500000012,23.6700529,21.752695487500002,21.987343,2121.0,4.0,2125.0,2120.0,2121.0,499.0,0.0,499.0,499.0,499.0,462.0,0.0,462.0,462.0,462.0,522.0,0.0,524.0,522.0,522.0,,,,,,63.0,0.0,63.0,63.0,63.0,,,,,,,,,,,,,,,,,,,,,654.0,0.75,657.0,654.0,654.0,717.0,0.75,720.0,717.0,717.0,20.712890625,0.0390625,20.751953125,20.703125,20.712890625,7.001953125,0.00732421875,7.03125,7.001953125,7.001953125,1.20712890625,0.0003906249999998668,1.20751953125,1.20703125,1.20712890625,0.30622342999634594,0.010354027706315883,0.3926209073754617,0.3038838570173728,0.3085467978533033,62.71594566815968,13.897990462541927,75.21212174676893,59.751616830950155,65.56566648793289,4.791847870726782,0.48383068074815316,5.278102026721173,4.677301238196138,4.845696884711552,0.44758736935452703,0.020833184673234917,0.6483939575997807,0.4441475716279134,0.4489167295983277,,
eddsa_ml_dsa,sha256,10KB,workflow,warm,100,100,0,1.0,100,100,1.0,1.0,true,1.0,1.3757234999999999,0.16271225,1.6763873499999997,1.3647953499999999,1.4095771750000001,20.042519,0.9490882500000026,21.6165685,19.886535000000002,20.196484,1.3757234999999999,0.16271225,1.6763873499999997,1.3647953499999999,1.4095771750000001,20.042519,0.9490882500000026,21.6165685,19.886535000000002,20.196484,11.443446,0.5907202499999986,12.7039346,11.351182,11.485916000000001,32.89607049999999,1.4521022499999958,34.9435214,32.71315,33.088804,15.703454,0.7705525000000009,17.00835915,15.538048,15.833252,7.086179,0.4526072499999998,8.0861133,7.01502595,7.1813968875,0.1555715,0.03557675000000002,0.35297334999999996,0.151564,0.161367025,,,,,,0.2475545,0.037749000000000005,0.3014765499999999,0.242004,0.25193299999999996,,,,,,,,,,,0.6812475,0.522021,1.7788191999999996,0.6039030000000001,0.781759,,,,,,,,,,,0.251171,0.03572075000000002,0.3133238,0.243237,0.25924502499999996,,,,,,,,,,,0.26512250000000004,0.06682525000000003,0.3938531000000001,0.258846,0.27731965,,,,,,,,,,,2.2995929999999998,0.20120274999999976,2.71922585,2.270007,2.338856,22.7250265,1.2418584999999958,24.5935316,22.600222000000002,22.983611,5659.0,0.0,5661.0,5659.0,5659.0,499.0,0.0,499.0,499.0,499.0,462.0,0.0,462.0,462.0,462.0,522.0,0.0,524.0,522.0,522.0,,,,,,63.0,0.0,63.0,63.0,63.0,,,,,,,,,,,3309.0,0.0,3309.0,3309.0,3309.0,,,,,,,,,,,3372.0,0.0,3372.0,3372.0,3372.0,55.263671875,0.0,55.283203125,55.263671875,55.263671875,32.9296875,0.0,32.9296875,32.9296875,32.9296875,1.55263671875,0.0,1.55283203125,1.55263671875,1.55263671875,0.29686296562848014,0.013117883740627334,0.3834751530013888,0.29513125343508195,0.29845716841328773,62.772677791352066,13.937426113268515,75.48392576024293,60.313654162086046,64.43235200971206,4.246680839530563,0.3656955644784263,4.636811638993807,4.175385316582124,4.301780021384681,0.42972997557902093,0.02327822897914228,0.6244234446833499,0.4248951568141316,0.4318428835513185,,
ecdsa_fn_dsa,sha256,1MB,workflow,warm,100,100,0,1.0,100,100,1.0,1.0,true,1.0,8.794239999999999,1.8524197499999993,11.157935,8.633381,9.221084,23.678982,0.7073202499999987,24.7805689,23.546896,23.825518,8.794239999999999,1.8524197499999993,11.157935,8.633381,9.221084,23.678982,0.7073202499999987,24.7805689,23.546896,23.825518,17.773242,0.9868567500000047,19.615517649999997,17.664125,17.965700749999996,50.791709499999996,2.702063999999993,54.30843795,50.041821,51.080118999999996,19.384912999999997,0.7101089999999992,20.28825265,19.279825,19.481504,13.3167135,0.735396500000002,14.9202678,13.170278,13.3821290625,3.9132730000000002,0.37078300000000075,4.4538192,3.846704,3.962301,,,,,,,,,,,0.481738,0.04726849999999999,0.63080075,0.4750791125,0.48880699999999994,,,,,,,,,,,,,,,,0.314064,0.04015800000000014,0.40895084999999987,0.30597399999999997,0.318998,,,,,,0.447499,0.048153,0.5827187500000001,0.441277,0.458249,,,,,,,,,,,,,,,,0.1421665,0.029054499999999955,0.18533419999999995,0.136496,0.14779699999999998,4.391881,0.35381525000000025,5.186924699999999,4.3189589999999995,4.461769287499999,32.655905000000004,1.4955834999999986,35.11590230000001,32.527089000000004,32.83173000000001,2129.0,5.25,2135.05,2129.0,2130.0,501.0,0.0,501.0,501.0,501.0,464.0,0.0,464.0,464.0,464.0,520.0,0.0,522.0,520.0,520.0,,,,,,,,,,,69.0,3.0,72.0,69.0,69.0,,,,,,,,,,,,,,,,654.0,6.0,657.0,654.0,654.0,723.0,3.0,729.0,723.0,726.0,0.20303726196289062,0.0005006790161132812,0.2036142349243164,0.20303726196289062,0.20313262939453125,0.06895065307617188,0.000286102294921875,0.06952285766601562,0.06895065307617188,0.06923675537109375,1.002030372619629,5.0067901611328125e-6,1.0020361423492432,1.002030372619629,1.0020313262939453,19.688259080312726,1.0658153823235708,23.111394156918976,19.57708829926571,19.983285580274945,255.5412710607984,24.55052197253943,284.9396122623879,252.37787960630746,259.962814918954,227.69287273214456,18.2495138481718,248.51204876509073,224.08366029006731,231.43944995826084,30.6223361901202,1.4153653769953713,38.96345122253586,30.458324418916835,30.738691809388413,,
ecdsa_ml_dsa,sha256,1MB,workflow,warm,100,100,0,1.0,100,100,1.0,1.0,true,1.0,9.103069999999999,2.3136159999999997,12.072635349999999,8.822163,9.631097,24.04748,1.1810427499999996,26.13083805,23.876474,24.2748518,9.103069999999999,2.3136159999999997,12.072635349999999,8.822163,9.631097,24.04748,1.1810427499999996,26.13083805,23.876474,24.2748518,18.030172,0.8293977500000018,20.3046924,17.890429,18.20486465,51.520008000000004,3.1619402500000007,56.063251750000006,50.791272725,52.2548286875,19.757962,1.0618240000000014,21.393009,19.648026,19.999851224999997,13.6565805,0.7390255000000003,15.19947445,13.476673,13.751618,3.928342,0.2996720000000006,4.3699258,3.885376,3.9718686874999998,,,,,,,,,,,0.480356,0.048266500000000045,0.58978765,0.473538,0.485941,,,,,,0.656331,0.5731875,1.5276769499999991,0.549361,0.83231,,,,,,,,,,,,,,,,0.449347,0.034950250000000016,0.56134005,0.440516,0.455309525,,,,,,0.26254750000000004,0.029487249999999965,0.34971995,0.258224,0.270347,,,,,,,,,,,4.701427000000001,0.4123360000000007,5.34369625,4.656422,4.7568410000000005,33.364108,1.6421650000000056,35.95298195,33.157309999999995,33.6517167125,5668.0,2.0,5670.05,5668.0,5668.0,501.0,0.0,501.0,501.0,501.0,464.0,0.0,464.0,464.0,464.0,520.0,0.0,522.0,520.0,520.0,,,,,,,,,,,69.0,3.0,72.0,69.0,69.0,,,,,,3309.0,0.0,3309.0,3309.0,3309.0,,,,,,,,,,,3378.0,3.0,3381.0,3378.0,3378.0,0.5405426025390625,0.00019073486328125,0.5407381057739258,0.5405426025390625,0.5405426025390625,0.32215118408203125,0.000286102294921875,0.3224372863769531,0.32215118408203125,0.32215118408203125,1.0054054260253906,1.9073486328125e-6,1.0054073810577393,1.0054054260253906,1.0054054260253906,19.409939965811496,1.1964278066093677,22.11319197194937,19.136227801329902,19.687858066766136,254.56036842882145,19.357745926503327,280.17350718737475,251.4985541348123,257.3753479714705,212.70148096397378,18.564229321710485,231.51855281038857,210.22354962043084,214.44893651707204,29.972334932936057,1.464295435045699,37.609446636137804,29.700153193390168,30.159262014922202,,
eddsa_fn_dsa,sha256,1MB,workflow,warm,100,100,0,1.0,100,100,1.0,1.0,true,1.0,9.3922435,2.324796749999999,11.741301649999999,9.116215150000002,9.690629,23.211261,0.9191685000000049,25.9012732,23.068765000000003,23.425718000000003,9.3922435,2.324796749999999,11.741301649999999,9.116215150000002,9.690629,23.211261,0.9191685000000049,25.9012732,23.068765000000003,23.425718000000003,17.2910045,1.1663609999999984,19.21285915,17.038191,17.453986437500003,49.9855875,3.073277499999996,53.8365089,49.27822199999999,50.351912,18.949802,0.7767117500000005,20.75236205,18.847975,19.092415000000003,12.817652,1.0349162500000002,14.61009605,12.690238,13.0049981625,3.9056445,0.38388050000000007,4.4727441500000005,3.815084,3.9563,,,,,,0.23178949999999998,0.03568749999999998,0.28784014999999996,0.226354,0.237465,,,,,,,,,,,,,,,,,,,,,0.29215800000000003,0.030429499999999998,0.35338734999999993,0.287138,0.296887,0.240005,0.03015574999999998,0.2975039,0.232306,0.244288,,,,,,,,,,,,,,,,,,,,,0.13202750000000002,0.022818500000000005,0.18555654999999996,0.127429,0.1354352375,3.884975,0.41852924999999974,4.57692965,3.818151,3.9832878374999994,31.7108425,1.5792162500000089,34.6257693,31.446842,32.040576,2121.0,3.0,2125.0,2120.0,2121.0,501.0,0.0,501.0,501.0,501.0,464.0,0.0,464.0,464.0,464.0,520.0,0.0,522.0,520.0,520.0,,,,,,63.0,0.0,63.0,63.0,63.0,,,,,,,,,,,,,,,,,,,,,654.0,0.0,657.0,654.0,654.0,717.0,0.0,720.0,717.0,717.0,0.20227432250976562,0.000286102294921875,0.20265579223632812,0.202178955078125,0.20227432250976562,0.06837844848632812,0.0,0.06866455078125,0.06837844848632812,0.06837844848632812,1.0020227432250977,2.86102294921875e-6,1.0020265579223633,1.0020217895507812,1.0020227432250977,20.005768373792336,1.2351522655644231,23.023931834873803,19.86016802571243,20.276542797400236,256.03987393648083,25.04764935338298,281.90585484979545,252.7614184970806,262.0516503396415,257.40298489714974,27.333485516138495,280.047404163082,250.77061810945025,261.6733029368387,31.53498867885163,1.5577142848339918,40.790064608398914,31.210425180870658,31.79557865540196,,
eddsa_ml_dsa,sha256,1MB,workflow,warm,100,100,0,1.0,100,100,1.0,1.0,true,1.0,8.96008,1.9765402499999993,11.36799985,8.633868,9.25111,23.928512,1.0649445000000064,25.9923429,23.731189,24.1108273125,8.96008,1.9765402499999993,11.36799985,8.633868,9.25111,23.928512,1.0649445000000064,25.9923429,23.731189,24.1108273125,17.527916,0.8418792499999981,19.288982400000002,17.375110999999997,17.67811325,50.456638500000004,2.5552530000000075,54.6132405,50.12786,51.176590000000004,19.582924,1.0545025000000017,21.294423849999998,19.4616589625,19.814787387499997,13.1016245,0.709089999999998,14.78237985,12.997023,13.251947037499999,3.925727,0.3154944999999998,4.316500700000001,3.862153,3.982928999999999,,,,,,0.231454,0.02801549999999997,0.29130999999999996,0.226234,0.236172,,,,,,,,,,,0.6536965,0.6205117499999999,1.7176149999999997,0.558217,0.7422356499999997,,,,,,,,,,,0.23484,0.03212525000000002,0.28075374999999997,0.230973,0.246181,,,,,,,,,,,0.26062399999999997,0.03148449999999997,0.33825764999999997,0.25594,0.26735227500000003,,,,,,,,,,,4.1850685,0.31876575000000074,4.866646049999999,4.1252287,4.2543624125,32.8472235,1.5349145000000064,35.6815614,32.638990025,33.116042,5659.0,0.0,5661.0,5659.0,5659.0,501.0,0.0,501.0,501.0,501.0,464.0,0.0,464.0,464.0,464.0,520.0,0.0,522.0,520.0,520.0,,,,,,63.0,0.0,63.0,63.0,63.0,,,,,,,,,,,3309.0,0.0,3309.0,3309.0,3309.0,,,,,,,,,,,3372.0,0.0,3372.0,3372.0,3372.0,0.5396842956542969,0.0,0.5398750305175781,0.5396842956542969,0.5396842956542969,0.3215789794921875,0.0,0.3215789794921875,0.3215789794921875,0.3215789794921875,1.005396842956543,0.0,1.0053987503051758,1.005396842956543,1.005396842956543,19.819000441403265,0.9871503310788725,21.882267206213783,19.54018429129412,19.931535874440097,254.73075896064879,20.562699466515,285.9155933700241,251.07151043867472,258.92220095599725,238.94471535430557,18.10216541648316,261.0245204648211,234.73026792816972,242.40919836247738,30.443973456420828,1.424089247283927,37.451999271946455,30.1968453838777,30.638139127667227,,
ecdsa_fn_dsa,sha256,50MB,workflow,warm,100,100,0,1.0,100,100,1.0,1.0,true,1.0,371.184084,98.58144674999994,475.88824769999997,354.75190499999997,390.8131834875,218.037287,13.803025500000018,236.1696281,216.411102,221.9135999125,371.184084,98.58144674999994,475.88824769999997,354.75190499999997,390.8131834875,218.037287,13.803025500000018,236.1696281,216.411102,221.9135999125,291.375876,15.186956500000008,312.80284635,287.884931,294.447427,882.754368,96.3520967500001,994.6466239000001,867.1414259999999,901.642516,213.666461,12.779540249999997,231.83200315,212.070188,217.0131123375,280.79314,15.46038875000005,303.39410895,277.869181,284.831347,187.9787445,12.25730624999997,205.5304365,186.21917900000005,190.7755988,,,,,,,,,,,0.5961685000000001,0.13494374999999992,0.7553445,0.5639580000000001,0.629458025,,,,,,,,,,,,,,,,0.3296785,0.06074150000000006,0.44349065,0.32399700000000003,0.338092275,,,,,,0.5085835000000001,0.0923655000000001,0.6625396,0.494277,0.528722975,,,,,,,,,,,,,,,,0.15988049999999998,0.03843399999999997,0.22457465,0.152335,0.168116,75.5292605,3.5220457499999895,81.30189454999999,74.876126,76.03875791249999,495.27534049999997,23.43223299999994,531.24798215,488.337616,500.25811999999996,2132.0,4.25,2138.0,2131.9875,2133.0,502.0,0.0,502.0,502.0,502.0,464.0,0.0,464.0,464.0,464.0,522.0,0.0,524.0,522.0,522.0,,,,,,,,,,,69.0,0.0,72.0,69.0,69.0,,,,,,,,,,,,,,,,654.0,3.75,657.0,654.0,654.0,723.0,3.0,729.0,723.0,723.0,0.00406646728515625,8.106231689453125e-6,0.004077911376953125,0.00406644344329834,0.0040683746337890625,0.0013790130615234375,5.7220458984375e-6,0.0013904571533203125,0.0013790130615234375,0.0013790130615234375,1.0000406646728515,8.106231663695951e-8,1.0000407791137695,1.0000406644344328,1.0000406837463378,56.64101631178542,6.01417657352669,61.40258146277329,55.45029205374518,57.66072119359225,265.9884090312908,17.198417099866617,285.88580140425074,261.81186345059837,268.24858890112347,661.9950952697643,31.13566749403526,701.5219872548,657.0608315459637,667.6438242431993,100.95394847863318,4.7732013973351,107.0743109620896,99.94840263662289,102.29798089627704,,
ecdsa_ml_dsa,sha256,50MB,workflow,warm,100,100,0,1.0,100,100,1.0,1.0,true,1.0,389.87371700000006,93.01845574999999,472.1846366,377.66469015,410.332342025,220.077103,12.73804174999998,234.54030815,217.901531,221.551722,389.87371700000006,93.01845574999999,472.1846366,377.66469015,410.332342025,220.077103,12.73804174999998,234.54030815,217.901531,221.551722,292.3500695,17.443781,315.39351404999996,288.478122,296.2486852875,901.430676,87.29579274999992,986.62052775,880.050434,919.462451,215.5226975,12.622265999999968,229.86591255,213.6819,217.1514429,282.151477,17.278903999999955,306.51821115,277.59279300000003,285.55175443750005,188.5225935,12.747455750000029,203.47159860000002,187.289791675,191.161538,,,,,,,,,,,0.5868305,0.13814625000000003,0.7087251,0.561903,0.6135710000000001,,,,,,0.6594264999999999,0.5797245000000002,1.8633648499999997,0.601718,0.7633125749999996,,,,,,,,,,,,,,,,0.503785,0.08787400000000001,0.6280838999999999,0.493405,0.52195215,,,,,,0.28098199999999995,0.038324000000000025,0.35101609999999994,0.273974,0.288377275,,,,,,,,,,,75.7153145,3.7684342499999985,81.7674503,75.162573,76.34808656249999,498.1084885,22.846517000000006,531.43239995,494.541951,500.55422599999997,5671.0,2.0,5673.049999999999,5671.0,5671.0,502.0,0.0,502.0,502.0,502.0,464.0,0.0,464.0,464.0,464.0,522.0,0.0,524.0,522.0,522.0,,,,,,,,,,,69.0,3.0,72.0,69.0,69.0,,,,,,3309.0,0.0,3309.0,3309.0,3309.0,,,,,,,,,,,3378.0,3.0,3381.0,3378.0,3378.0,0.010816574096679688,3.814697265625e-6,0.010820484161376952,0.010816574096679688,0.010816574096679688,0.006443023681640625,5.7220458984375e-6,0.0064487457275390625,0.006443023681640625,0.006443023681640625,1.0001081657409667,3.814697269177714e-8,1.000108204841614,1.0001081657409667,1.0001081657409667,55.46788856187459,5.4505966622856405,60.51727631111015,54.3795996732878,56.69821840825946,265.22026702332255,18.055838713699075,283.56443761480324,261.5588916218073,266.95613254030275,660.3685458908687,32.545786799722805,690.6859394156713,654.8350287863514,665.2246990001261,100.37975752290734,4.6283008245825386,106.00734872278015,99.88927753054271,101.10365743269372,,
eddsa_fn_dsa,sha256,50MB,workflow,warm,100,100,0,1.0,100,100,1.0,1.0,true,1.0,390.8088455,91.04130775000004,467.74455875,376.916965,409.7204011875,219.12926199999998,11.377189999999985,233.83671829999997,216.90156299999998,221.186103,390.8088455,91.04130775000004,467.74455875,376.916965,409.7204011875,219.12926199999998,11.377189999999985,233.83671829999997,216.90156299999998,221.186103,289.97803749999997,13.236274750000007,307.70614485,288.6220575375,291.8932413375,897.5706155,88.51945124999997,986.11137115,888.47573,919.4941776625001,214.86985800000002,11.402994750000005,229.61437864999996,212.478664,216.674823,278.7516865,13.844881249999958,297.63371805,277.41281499999997,281.407088,190.143719,10.677082749999983,203.87190599999997,187.464234,192.19281365,,,,,,0.2854455,0.05464525000000009,0.36228665,0.2773,0.299452,,,,,,,,,,,,,,,,,,,,,0.329974,0.10900400000000005,0.47977984999999995,0.32309599999999994,0.366437,0.289207,0.05660375000000001,0.37364005,0.278362,0.3049967625000001,,,,,,,,,,,,,,,,,,,,,0.16219499999999998,0.03415400000000002,0.22689979999999996,0.151945,0.1648712375,74.034217,4.007069750000014,84.33649365,73.60379999999999,75.135643,494.58655999999996,22.206032499999992,524.4891243,492.069465,499.00165787500003,2124.0,4.0,2128.0,2124.0,2124.5125000000003,502.0,0.0,502.0,502.0,502.0,464.0,0.0,464.0,464.0,464.0,522.0,0.0,524.0,522.0,522.0,,,,,,63.0,0.0,63.0,63.0,63.0,,,,,,,,,,,,,,,,,,,,,654.0,0.0,657.0,654.0,654.0,717.0,0.0,720.0,717.0,717.0,0.00405120849609375,7.62939453125e-6,0.004058837890625,0.00405120849609375,0.004052186012268067,0.0013675689697265625,0.0,0.001373291015625,0.0013675689697265625,0.0013675689697265625,1.000040512084961,7.629394538355427e-8,1.0000405883789063,1.000040512084961,1.0000405218601227,55.70595061423231,5.54881676027167,60.63033487654698,54.3502720855059,56.27615736898069,262.9590068400251,14.74571799599022,286.20886395081345,259.93041538013676,266.39558584142975,675.3634209832111,36.198414850642735,705.0384034762426,665.4631277994121,679.3127528741722,101.09454067088492,4.520567849556329,106.32660909307779,100.14479515323066,101.6116698076358,,
eddsa_ml_dsa,sha256,50MB,workflow,warm,100,100,0,1.0,100,100,1.0,1.0,true,1.0,380.731507,106.58110000000005,468.14747685,361.323823,398.751586,220.14206000000001,12.333039000000014,241.65670129999998,217.699336,222.30024,380.731507,106.58110000000005,468.14747685,361.323823,398.751586,220.14206000000001,12.333039000000014,241.65670129999998,217.699336,222.30024,290.288195,13.215249250000056,304.7504113,288.121431,292.843909125,888.973809,98.15478300000007,988.4097041,875.478353875,909.5847143375,215.8261315,12.409125500000016,237.02409395,213.536738,218.02670191250002,279.20592899999997,12.700624999999945,297.18384305,277.107022,281.592173,189.646947,11.816214749999972,212.46783115,187.073581,191.719343,,,,,,0.2880755,0.05334,0.36205855,0.274986,0.3015967625,,,,,,,,,,,0.744922,0.57695225,1.8337392499999998,0.646212,0.829676,,,,,,,,,,,0.276338,0.06566299999999997,0.36707359999999994,0.26836299999999996,0.289673,,,,,,,,,,,0.28808500000000004,0.06953324999999994,0.39085254999999997,0.2778309875,0.29819999999999997,,,,,,,,,,,74.66841199999999,3.368887749999999,82.4500036,73.80268299999999,75.455793,496.967805,22.54517324999989,524.64407875,492.42733801250006,499.57166300000006,5662.0,0.0,5664.0,5662.0,5662.0,502.0,0.0,502.0,502.0,502.0,464.0,0.0,464.0,464.0,464.0,522.0,0.0,524.0,522.0,522.0,,,,,,63.0,0.0,63.0,63.0,63.0,,,,,,,,,,,3309.0,0.0,3309.0,3309.0,3309.0,,,,,,,,,,,3372.0,0.0,3372.0,3372.0,3372.0,0.010799407958984375,0.0,0.01080322265625,0.010799407958984375,0.010799407958984375,0.00643157958984375,0.0,0.00643157958984375,0.00643157958984375,0.00643157958984375,1.0001079940795898,0.0,1.0001080322265625,1.0001079940795898,1.0001079940795898,56.24465685448834,6.151208092688542,61.090525507489055,54.95923799174807,57.11086037539711,263.64782330981967,16.53044087610664,282.35310039045555,260.79788933973134,267.27451162652414,669.6273073638666,30.18178183057978,701.6825432366203,662.6396465013628,677.4546471979155,100.61017832687077,4.608693738942591,106.01249674934829,100.0857408519586,101.53775374221199,,
